model,run,N,Q,K,activation_power,ritz_degree,ritz_ratio,projection_samples,projection_gram_residual,boundary_residual,validation_score,hyperparameter_scores,parameter_covering_radius,parameter_separation,projection_seed,training_seed,system_backend,direct_solver,direct_rcond,manufactured_solution,nu,name,u_l2_error,sigma_l2_error,wall_time,rank,columns,condition_estimate,u_h1_error,sigma_hdiv_error,constitutive_residual,equilibrium_residual,coefficient_ball_active,trace_residual,continuous_trace_mean,sigma_deviatoric_l2_error,sigma_hydrostatic_l2_error,u_h1_exact_norm,sigma_hdiv_exact_norm,relative_u_h1_error,relative_sigma_hdiv_error,coefficient_norm,algorithm,hyperparameter,study,configuration
elasticity-2d,0,400,401,841,7,7,2.0,12808,3.925743140037659e-15,0.0,4.153681241417238e-05,"{""100.0"": 1.9598358791628279, ""1000.0"": 0.0008449847162113958, ""10000.0"": 4.153681241417238e-05, ""100000.0"": 6.797163294932639e-05, ""1000000.0"": 6.797163294932639e-05, ""inf"": 6.797163294932639e-05}",0.1764912388367556,0.03519211925547657,100023,100031,direct,streaming_tsqr,1e-14,hu_zhang,0.3333333333333333,LS(ball),9.827194144047388e-08,6.444880908253849e-06,0.7760073360113893,1469,2004,97896239977692.0,2.6021309964902616e-06,4.1455241907382555e-05,6.225173669916054e-06,4.095119768307188e-05,True,3.552713678800501e-14,-2.7243832190215755e-15,5.485388815822854e-06,3.383341463822489e-06,2.2836308025822403,15.004035497307717,1.139470965949432e-06,2.762939471505594e-06,223.3661982558916,ball,10000.0,q,Qratio-1
elasticity-2d,0,400,401,841,7,7,2.0,12808,3.925743140037659e-15,0.0,9.084913866017723e-06,"{""1e-05"": 0.22202820724876024, ""1e-06"": 0.015764067693215915, ""1e-08"": 0.0005081385832049469, ""1e-10"": 3.864533749716983e-05, ""1e-12"": 9.084913866017723e-06, ""1e-14"": 8.840402889990866e-05}",0.1764912388367556,0.03519211925547657,100023,100031,direct,streaming_tsqr,1e-14,hu_zhang,0.3333333333333333,LS(ridge),2.1702098755652108e-08,1.6823099249480134e-06,0.17307161301141605,1134,2004,995644655610.0397,7.618037000458127e-07,9.052920850751892e-06,1.502580671003969e-06,8.89523519904897e-06,True,3.552713678800501e-15,1.6774776012695725e-15,1.3035295520383953e-06,1.063474207746089e-06,2.2836308025822403,15.004035497307717,3.335931969320062e-07,6.033657313311691e-07,33.628038336027736,ridge,1e-12,q,Qratio-1
elasticity-2d,0,400,401,841,7,7,2.0,12808,3.925743140037659e-15,0.0,9.223197968317035e-06,"{""1e-06"": 0.01758264697575342, ""1e-08"": 0.0004290187879712299, ""1e-10"": 4.0459939964095715e-05, ""1e-12"": 9.223197968317035e-06, ""1e-14"": 6.797163294932639e-05}",0.1764912388367556,0.03519211925547657,100023,100031,direct,streaming_tsqr,1e-14,hu_zhang,0.3333333333333333,LS(tsvd),3.3199115548895235e-08,2.1611715102156173e-06,0.17749428600654937,1134,2004,995644655610.0397,1.1945760637456593e-06,9.145520151697447e-06,2.0556834938941058e-06,8.886499679206456e-06,False,2.1316282072803006e-14,-2.110291108525786e-15,1.7235262518920192e-06,1.3038863277167607e-06,2.2836308025822403,15.004035497307717,5.231038495342064e-07,6.095373576887694e-07,34.51032319927544,tsvd,1e-12,q,Qratio-1
elasticity-2d,1,400,401,841,7,7,2.0,12808,5.210665604783716e-15,0.0,1.817170997237332e-05,"{""100.0"": 1.897541927817749, ""1000.0"": 0.000734036965223749, ""10000.0"": 1.817170997237332e-05, ""100000.0"": 5.609194808334603e-05, ""1000000.0"": 5.609194808334603e-05, ""inf"": 5.609194808334603e-05}",0.1764912388367556,0.03519211925547657,200023,200031,direct,streaming_tsqr,1e-14,hu_zhang,0.3333333333333333,LS(ball),1.0255704405103105e-07,3.7008579622527015e-06,0.7485828439821489,1485,2004,97994484600107.72,2.8528070139478133e-06,1.7946450680159235e-05,3.7895784700132088e-06,1.756071588400139e-05,True,1.4210854715202004e-14,2.065188298150389e-15,2.877640556040308e-06,2.3271300967073683e-06,2.2836308025822403,15.004035497307717,1.2492417823064792e-06,1.196108252568417e-06,223.33792771547692,ball,10000.0,q,Qratio-1
elasticity-2d,1,400,401,841,7,7,2.0,12808,5.210665604783716e-15,0.0,3.956052933092287e-06,"{""1e-05"": 0.19143251386283297, ""1e-06"": 0.018715080376580723, ""1e-08"": 0.00047636621431091985, ""1e-10"": 4.615723033980004e-05, ""1e-12"": 3.956052933092287e-06, ""1e-14"": 4.822004909176387e-05}",0.1764912388367556,0.03519211925547657,200023,200031,direct,streaming_tsqr,1e-14,hu_zhang,0.3333333333333333,LS(ridge),3.661401710918487e-08,2.174720420641733e-06,0.1529389450151939,1141,2004,996771034661.3087,1.138321777910924e-06,3.7887967288639834e-06,1.924146912981323e-06,3.102510555130194e-06,True,1.4210854715202004e-14,2.701831813833877e-15,1.6201443168423262e-06,1.4507037259756615e-06,2.2836308025822403,15.004035497307717,4.984701452720617e-07,2.525185127390451e-07,34.816086383910175,ridge,1e-12,q,Qratio-1
elasticity-2d,1,400,401,841,7,7,2.0,12808,5.210665604783716e-15,0.0,4.759326362547262e-06,"{""1e-06"": 0.028164353859371077, ""1e-08"": 0.0004453977019642497, ""1e-10"": 4.3737005756291716e-05, ""1e-12"": 4.759326362547262e-06, ""1e-14"": 5.609194808334603e-05}",0.1764912388367556,0.03519211925547657,200023,200031,direct,streaming_tsqr,1e-14,hu_zhang,0.3333333333333333,LS(tsvd),3.037443818116933e-08,2.0700469121782462e-06,0.15818326297448948,1141,2004,996771034661.3087,9.428701885945049e-07,4.665030930933063e-06,1.7585544138561658e-06,4.1806003597502005e-06,False,7.105427357601002e-15,-1.83100062889352e-15,1.5237663861421827e-06,1.401153174739252e-06,2.2836308025822403,15.004035497307717,4.1288205936281124e-07,3.10918414700508e-07,35.93018437050854,tsvd,1e-12,q,Qratio-1
elasticity-2d,2,400,401,841,7,7,2.0,12808,3.860170997816622e-15,0.0,0.0001555230269003805,"{""100.0"": 2.0492649683002964, ""1000.0"": 0.0024379279989724173, ""10000.0"": 0.0001555230269003805, ""100000.0"": 0.0002128491152722216, ""1000000.0"": 0.0002128491152722216, ""inf"": 0.0002128491152722216}",0.1764912388367556,0.03519211925547657,300023,300031,direct,streaming_tsqr,1e-14,hu_zhang,0.3333333333333333,LS(ball),7.554679590908839e-08,6.423859322210868e-06,0.7449349960370455,1474,2004,97126386071758.83,2.512940603116805e-06,0.00015550272519498234,6.5045992361127135e-06,0.00015536998286179554,True,1.4210854715202004e-14,-4.3022009565962804e-14,6.235770520677758e-06,1.5430925458318152e-06,2.2836308025822403,15.004035497307717,1.1004145680095357e-06,1.0364060070564704e-05,223.38796791467206,ball,10000.0,q,Qratio-1
elasticity-2d,2,400,401,841,7,7,2.0,12808,3.860170997816622e-15,0.0,3.388536008684867e-05,"{""1e-05"": 0.3446069564443096, ""1e-06"": 0.024607460827200053, ""1e-08"": 0.0018599483434963524, ""1e-10"": 0.00020906202902908928, ""1e-12"": 3.388536008684867e-05, ""1e-14"": 0.00019936889655060172}",0.1764912388367556,0.03519211925547657,300023,300031,direct,streaming_tsqr,1e-14,hu_zhang,0.3333333333333333,LS(ridge),2.6996061572937376e-08,2.0486041732736704e-06,0.17286200702073984,1143,2004,994687706741.038,6.376807161835649e-07,3.387936053663826e-05,1.4845246957396527e-06,3.381736671168777e-05,True,1.0658141036401503e-14,7.718652106358803e-15,1.363226883246976e-06,1.52918001672368e-06,2.2836308025822403,15.004035497307717,2.7923984711648686e-07,2.258016554460797e-06,33.98794648732793,ridge,1e-12,q,Qratio-1
elasticity-2d,2,400,401,841,7,7,2.0,12808,3.860170997816622e-15,0.0,3.39694864959321e-05,"{""1e-06"": 0.03023290526036114, ""1e-08"": 0.0009908715863197093, ""1e-10"": 0.00017763271301802683, ""1e-12"": 3.39694864959321e-05, ""1e-14"": 0.0002128491152722216}",0.1764912388367556,0.03519211925547657,300023,300031,direct,streaming_tsqr,1e-14,hu_zhang,0.3333333333333333,LS(tsvd),3.473978635681782e-08,2.773320000268303e-06,0.17879887300659902,1143,2004,994687706741.038,8.836690505523364e-07,3.3957992349472805e-05,2.4492720126144484e-06,3.384455555304229e-05,False,7.105427357601002e-15,-2.3392746073547244e-14,2.2943692068080143e-06,1.5579389483350578e-06,2.2836308025822403,15.004035497307717,3.869579310075508e-07,2.263257265391443e-06,35.21042961628082,tsvd,1e-12,q,Qratio-1
elasticity-2d,3,400,401,841,7,7,2.0,12808,4.7419109893595045e-15,0.0,2.6029139257486365e-05,"{""100.0"": 1.8976379180116272, ""1000.0"": 0.0006844248475625018, ""10000.0"": 2.6029139257486365e-05, ""100000.0"": 3.7578151004101765e-05, ""1000000.0"": 3.7578151004101765e-05, ""inf"": 3.7578151004101765e-05}",0.1764912388367556,0.03519211925547657,400023,400031,direct,streaming_tsqr,1e-14,hu_zhang,0.3333333333333333,LS(ball),4.010701417101753e-08,1.2566828760199403e-06,0.7519397699797992,1488,2004,97874202312966.53,1.0327277029341024e-06,2.634414065232462e-05,1.5115704226445636e-06,2.6314150088091026e-05,True,2.1316282072803006e-14,-7.703039595075012e-15,1.1243369114335804e-06,5.613540420000072e-07,2.2836308025822403,15.004035497307717,4.52230589010419e-07,1.7558036740883305e-06,223.3722237831068,ball,10000.0,q,Qratio-1
elasticity-2d,3,400,401,841,7,7,2.0,12808,4.7419109893595045e-15,0.0,5.253286471297315e-06,"{""1e-05"": 0.16718828281149756, ""1e-06"": 0.014993501783726446, ""1e-08"": 0.00038520978630023994, ""1e-10"": 2.8323737374140544e-05, ""1e-12"": 5.253286471297315e-06, ""1e-14"": 4.9141650472585906e-05}",0.1764912388367556,0.03519211925547657,400023,400031,direct,streaming_tsqr,1e-14,hu_zhang,0.3333333333333333,LS(ridge),1.2849774263401554e-08,1.0386470206848628e-06,0.16655478198663332,1149,2004,995274411722.7982,4.6994619478329717e-07,5.231860190084312e-06,8.446438740658872e-07,5.1277259496790105e-06,True,1.0658141036401503e-14,-2.5814420046010866e-14,6.951138951584817e-07,7.717540452340661e-07,2.2836308025822403,15.004035497307717,2.0578904184157107e-07,3.4869686832073296e-07,34.895014300035115,ridge,1e-12,q,Qratio-1
elasticity-2d,3,400,401,841,7,7,2.0,12808,4.7419109893595045e-15,0.0,5.161755352147282e-06,"{""1e-06"": 0.01652160133776105, ""1e-08"": 0.0003420239081545323, ""1e-10"": 2.49645916997019e-05, ""1e-12"": 5.161755352147282e-06, ""1e-14"": 3.7578151004101765e-05}",0.1764912388367556,0.03519211925547657,400023,400031,direct,streaming_tsqr,1e-14,hu_zhang,0.3333333333333333,LS(tsvd),1.838290913136401e-08,1.3492967885755406e-06,0.1729812179983128,1149,2004,995274411722.7982,5.502447967105562e-07,5.13232571745936e-06,1.1005534345182651e-06,4.951784067024174e-06,False,1.4210854715202004e-14,-1.9843501841698696e-14,9.039619334585813e-07,1.0017258340075343e-06,2.2836308025822403,15.004035497307717,2.4095173181600145e-07,3.4206302153712517e-07,36.33171656376431,tsvd,1e-12,q,Qratio-1
elasticity-2d,4,400,401,841,7,7,2.0,12808,4.93305886333429e-15,0.0,1.0682091187294903e-05,"{""100.0"": 1.8925486499269846, ""1000.0"": 0.0005829476276564572, ""10000.0"": 1.0739784959365028e-05, ""100000.0"": 1.0682091187294903e-05, ""1000000.0"": 1.0682091187294903e-05, ""inf"": 1.0682091187294903e-05}",0.1764912388367556,0.03519211925547657,500023,500031,direct,streaming_tsqr,1e-14,hu_zhang,0.3333333333333333,LS(ball),3.784564317896601e-08,1.0118942427661945e-06,0.7614780919684563,1497,2004,97303561275032.52,1.4491117020701743e-06,1.0677340448499746e-05,1.5239138386412935e-06,1.0629283564503554e-05,False,9.237055564881302e-14,-8.348356728138384e-14,8.629143045958558e-07,5.284967941882155e-07,2.2836308025822403,15.004035497307717,6.345647906095747e-07,7.116312441686544e-07,560.8216442783794,ball,100000.0,q,Qratio-1
elasticity-2d,4,400,401,841,7,7,2.0,12808,4.93305886333429e-15,0.0,4.166081486958973e-06,"{""1e-05"": 0.17661453984745676, ""1e-06"": 0.013411730548106567, ""1e-08"": 0.0002999180159487804, ""1e-10"": 1.4986390393024121e-05, ""1e-12"": 4.166081486958973e-06, ""1e-14"": 6.124032217126811e-06}",0.1764912388367556,0.03519211925547657,500023,500031,direct,streaming_tsqr,1e-14,hu_zhang,0.3333333333333333,LS(ridge),7.529030535785546e-09,7.64786653694224e-07,0.16934071498690173,1169,2004,998403540325.1455,4.4351020818142365e-07,4.142602625975653e-06,6.146333665270742e-07,4.071395079216897e-06,True,1.0658141036401503e-14,-3.963843142607004e-16,5.012620359761e-07,5.776114584717862e-07,2.2836308025822403,15.004035497307717,1.9421274563292792e-07,2.760992285521445e-07,35.88188655359331,ridge,1e-12,q,Qratio-1
elasticity-2d,4,400,401,841,7,7,2.0,12808,4.93305886333429e-15,0.0,3.9174290942678384e-06,"{""1e-06"": 0.014226844166008716, ""1e-08"": 0.0002820632604558503, ""1e-10"": 1.1249008635200648e-05, ""1e-12"": 3.9174290942678384e-06, ""1e-14"": 1.0682091187294903e-05}",0.1764912388367556,0.03519211925547657,500023,500031,direct,streaming_tsqr,1e-14,hu_zhang,0.3333333333333333,LS(tsvd),9.967367310523649e-09,6.668884740237125e-07,0.17441335498006083,1169,2004,998403540325.1455,7.30895743645174e-07,3.8486132715987e-06,7.257001478585335e-07,3.790393630949162e-06,False,3.552713678800501e-14,-3.1002977962657496e-14,4.4386199301341667e-07,4.97721576731242e-07,2.2836308025822403,15.004035497307717,3.200586289249145e-07,2.5650520970103575e-07,37.35919362064294,tsvd,1e-12,q,Qratio-1
elasticity-2d,5,400,401,841,7,7,2.0,12808,4.771684426383363e-15,0.0,1.4752330133636962e-05,"{""100.0"": 1.9166780527091316, ""1000.0"": 0.0007360629300504484, ""10000.0"": 1.4752330133636962e-05, ""100000.0"": 4.545070976636071e-05, ""1000000.0"": 4.545070976636071e-05, ""inf"": 4.545070976636071e-05}",0.1764912388367556,0.03519211925547657,600023,600031,direct,streaming_tsqr,1e-14,hu_zhang,0.3333333333333333,LS(ball),2.1560571943020517e-08,1.1473764886662745e-06,0.7556272060028277,1502,2004,99129933412890.02,9.031600907377396e-07,1.4724663684221804e-05,1.2365336069548326e-06,1.4679892636075248e-05,True,5.684341886080802e-14,-5.955305693028379e-15,9.209031560359964e-07,6.844049853318507e-07,2.2836308025822403,15.004035497307717,3.954930410451994e-07,9.813802217985926e-07,223.35572368998112,ball,10000.0,q,Qratio-1
elasticity-2d,5,400,401,841,7,7,2.0,12808,4.771684426383363e-15,0.0,5.207568312117618e-06,"{""1e-05"": 0.19039688171193342, ""1e-06"": 0.016829038230062838, ""1e-08"": 0.00044124285049629926, ""1e-10"": 3.7167201280604026e-05, ""1e-12"": 5.207568312117618e-06, ""1e-14"": 3.633436532274059e-05}",0.1764912388367556,0.03519211925547657,600023,600031,direct,streaming_tsqr,1e-14,hu_zhang,0.3333333333333333,LS(ridge),8.311368332344445e-09,8.0791062023675e-07,0.1518258470168803,1165,2004,994694108643.1334,3.688249994542645e-07,5.194494925317353e-06,7.391253635075151e-07,5.131282291869782e-06,True,3.552713678800501e-15,-8.2798351508373e-15,6.311086722396e-07,5.044020361926577e-07,2.2836308025822403,15.004035497307717,1.6150815580049614e-07,3.4620652065568884e-07,36.45368934998604,ridge,1e-12,q,Qratio-1
elasticity-2d,5,400,401,841,7,7,2.0,12808,4.771684426383363e-15,0.0,5.408424853152842e-06,"{""1e-06"": 0.018431983962916804, ""1e-08"": 0.00043044028171507974, ""1e-10"": 3.287344168048539e-05, ""1e-12"": 5.408424853152842e-06, ""1e-14"": 4.545070976636071e-05}",0.1764912388367556,0.03519211925547657,600023,600031,direct,streaming_tsqr,1e-14,hu_zhang,0.3333333333333333,LS(tsvd),1.1782187955459614e-08,7.832424758226861e-07,0.15836107401992194,1165,2004,994694108643.1334,5.964486073624964e-07,5.375438662970754e-06,8.39949268440218e-07,5.318070330808719e-06,False,2.4868995751603507e-14,-1.0261756722140802e-14,6.235730055099769e-07,4.739467087469913e-07,2.2836308025822403,15.004035497307717,2.611843414828945e-07,3.5826619204781993e-07,37.91765384289729,tsvd,1e-12,q,Qratio-1
elasticity-2d,6,400,401,841,7,7,2.0,12808,5.190098704487989e-15,0.0,2.6862652125611298e-05,"{""100.0"": 1.9913705793149254, ""1000.0"": 0.0006940992944601282, ""10000.0"": 2.6862652125611298e-05, ""100000.0"": 4.154603487591401e-05, ""1000000.0"": 4.154603487591401e-05, ""inf"": 4.154603487591401e-05}",0.1764912388367556,0.03519211925547657,700023,700031,direct,streaming_tsqr,1e-14,hu_zhang,0.3333333333333333,LS(ball),4.6389335172440056e-08,1.6664284656001445e-06,0.7575293690024409,1479,2004,99004402712778.23,1.7330685180821754e-06,2.6806694074476343e-05,1.6958336994746352e-06,2.6754847474272818e-05,True,2.842170943040401e-14,-7.082008590675315e-15,1.218497283112903e-06,1.1367709540663531e-06,2.2836308025822403,15.004035497307717,7.589092405490806e-07,1.786632274982718e-06,223.34757736832177,ball,10000.0,q,Qratio-1
elasticity-2d,6,400,401,841,7,7,2.0,12808,5.190098704487989e-15,0.0,7.769874562329199e-06,"{""1e-05"": 0.20456587813255606, ""1e-06"": 0.017223304934194446, ""1e-08"": 0.0004189104479589332, ""1e-10"": 2.7190325897913435e-05, ""1e-12"": 7.769874562329199e-06, ""1e-14"": 4.79259868695199e-05}",0.1764912388367556,0.03519211925547657,700023,700031,direct,streaming_tsqr,1e-14,hu_zhang,0.3333333333333333,LS(ridge),8.708489070847291e-09,8.589480554128992e-07,0.16266277999966405,1143,2004,986559377428.6965,3.523743996258869e-07,7.761877613842164e-06,6.007908582669496e-07,7.714204581832565e-06,True,3.552713678800501e-15,-2.3956531203239706e-15,5.152471087166679e-07,6.872497208851491e-07,2.2836308025822403,15.004035497307717,1.5430445202763763e-07,5.173193315381675e-07,35.20656651035074,ridge,1e-12,q,Qratio-1
elasticity-2d,6,400,401,841,7,7,2.0,12808,5.190098704487989e-15,0.0,7.098652786833665e-06,"{""1e-06"": 0.01902457140092389, ""1e-08"": 0.00040336948734675664, ""1e-10"": 2.6416926906288468e-05, ""1e-12"": 7.098652786833665e-06, ""1e-14"": 4.154603487591401e-05}",0.1764912388367556,0.03519211925547657,700023,700031,direct,streaming_tsqr,1e-14,hu_zhang,0.3333333333333333,LS(tsvd),1.9926766141155723e-08,1.271555763362684e-06,0.16868496799725108,1143,2004,986559377428.6965,6.737790294698338e-07,7.066606851374848e-06,9.334488305204543e-07,6.951264513206003e-06,False,1.7763568394002505e-14,-1.397406496073117e-14,7.952218884669509e-07,9.922077440959198e-07,2.2836308025822403,15.004035497307717,2.950472680207111e-07,4.7098041407878975e-07,35.370067039545845,tsvd,1e-12,q,Qratio-1
elasticity-2d,7,400,401,841,7,7,2.0,12808,4.356599994622808e-15,0.0,7.642900924786502e-06,"{""100.0"": 1.8752018063104343, ""1000.0"": 0.0004907784506578266, ""10000.0"": 7.642900924786502e-06, ""100000.0"": 8.524787468245098e-06, ""1000000.0"": 8.524787468245098e-06, ""inf"": 8.524787468245098e-06}",0.1764912388367556,0.03519211925547657,800023,800031,direct,streaming_tsqr,1e-14,hu_zhang,0.3333333333333333,LS(ball),1.4648469386361673e-08,4.321315674718286e-07,0.7251428329909686,1505,2004,97422631806219.55,5.64343742647469e-07,7.622053514705745e-06,5.998861439245889e-07,7.60979382699903e-06,True,7.105427357601002e-15,-7.710845850716908e-15,3.7892757189083455e-07,2.0772960036204756e-07,2.2836308025822403,15.004035497307717,2.471256483356816e-07,5.080002320757922e-07,223.36325974292973,ball,10000.0,q,Qratio-1
elasticity-2d,7,400,401,841,7,7,2.0,12808,4.356599994622808e-15,0.0,9.65036107461234e-07,"{""1e-05"": 0.16235561768535497, ""1e-06"": 0.014324007710058847, ""1e-08"": 0.00025510707217095234, ""1e-10"": 8.814308689637607e-06, ""1e-12"": 9.65036107461234e-07, ""1e-14"": 9.393680407789033e-06}",0.1764912388367556,0.03519211925547657,800023,800031,direct,streaming_tsqr,1e-14,hu_zhang,0.3333333333333333,LS(ridge),4.497227637661947e-09,3.2762640923004724e-07,0.15677666198462248,1162,2004,993284929349.1173,2.8703260237523296e-07,9.213677791514732e-07,3.356046311564377e-07,8.611501149239566e-07,True,2.1316282072803006e-14,-1.0069202416307377e-14,2.3481584107408392e-07,2.284744729847187e-07,2.2836308025822403,15.004035497307717,1.2569133419056519e-07,6.140799782277247e-08,35.47207144090347,ridge,1e-12,q,Qratio-1
elasticity-2d,7,400,401,841,7,7,2.0,12808,4.356599994622808e-15,0.0,9.39546845492993e-07,"{""1e-06"": 0.014712784597943868, ""1e-08"": 0.00028571956959537725, ""1e-10"": 7.4104716236851265e-06, ""1e-12"": 9.39546845492993e-07, ""1e-14"": 8.524787468245098e-06}",0.1764912388367556,0.03519211925547657,800023,800031,direct,streaming_tsqr,1e-14,hu_zhang,0.3333333333333333,LS(tsvd),6.668943866655063e-09,3.631698095752011e-07,0.16278024701750837,1162,2004,993284929349.1173,3.04355524836624e-07,8.889884944040574e-07,3.493067214444269e-07,8.114235839534768e-07,False,7.105427357601002e-15,-1.1724995974127239e-14,2.474690151049383e-07,2.658033053780176e-07,2.2836308025822403,15.004035497307717,1.3327702730777265e-07,5.9249959423488106e-08,36.20081396205375,tsvd,1e-12,q,Qratio-1
elasticity-2d,8,400,401,841,7,7,2.0,12808,3.962126842458688e-15,0.0,3.5784569802712516e-05,"{""100.0"": 1.9527368747592515, ""1000.0"": 0.0014078665534313732, ""10000.0"": 3.5784569802712516e-05, ""100000.0"": 8.869697203391101e-05, ""1000000.0"": 8.869697203391101e-05, ""inf"": 8.869697203391101e-05}",0.1764912388367556,0.03519211925547657,900023,900031,direct,streaming_tsqr,1e-14,hu_zhang,0.3333333333333333,LS(ball),5.6318743723129666e-08,1.3986418787304322e-06,0.755334874993423,1483,2004,96368603509427.62,1.3475373804311233e-06,3.575919100668109e-05,1.7063014638664071e-06,3.573182814169131e-05,True,0.0,-1.47945891648682e-14,1.2515988517990498e-06,6.242590961402912e-07,2.2836308025822403,15.004035497307717,5.900854809399929e-07,2.3833048790838716e-06,223.4174359815158,ball,10000.0,q,Qratio-1
elasticity-2d,8,400,401,841,7,7,2.0,12808,3.962126842458688e-15,0.0,8.15128097913979e-06,"{""1e-05"": 0.23226250695406175, ""1e-06"": 0.017978961790029297, ""1e-08"": 0.0009276818190583308, ""1e-10"": 6.657235412654437e-05, ""1e-12"": 8.15128097913979e-06, ""1e-14"": 8.671645068109035e-05}",0.1764912388367556,0.03519211925547657,900023,900031,direct,streaming_tsqr,1e-14,hu_zhang,0.3333333333333333,LS(ridge),1.6475262783474385e-08,1.9661144130010116e-06,0.16264982297434472,1143,2004,989571894440.293,5.6515272725498e-07,8.131667063889723e-06,1.4065906268110394e-06,7.890399441912849e-06,True,4.618527782440651e-14,-3.724451302922205e-14,1.2851280021837195e-06,1.4879690531101762e-06,2.2836308025822403,15.004035497307717,2.474799020121499e-07,5.419653309503865e-07,34.343041891728205,ridge,1e-12,q,Qratio-1
elasticity-2d,8,400,401,841,7,7,2.0,12808,3.962126842458688e-15,0.0,7.932749384644024e-06,"{""1e-06"": 0.022889293244933353, ""1e-08"": 0.0006686890413979968, ""1e-10"": 8.08456982151888e-05, ""1e-12"": 7.932749384644024e-06, ""1e-14"": 8.869697203391101e-05}",0.1764912388367556,0.03519211925547657,900023,900031,direct,streaming_tsqr,1e-14,hu_zhang,0.3333333333333333,LS(tsvd),1.9605226556930084e-08,2.020145728352485e-06,0.1681759549828712,1143,2004,989571894440.293,6.612426604454599e-07,7.905142227802953e-06,1.4670936947012574e-06,7.642662159091729e-06,False,3.552713678800501e-15,7.483597075363946e-15,1.3200657320657502e-06,1.5291877670209455e-06,2.2836308025822403,15.004035497307717,2.895576026114872e-07,5.26867736964594e-07,35.5227111818769,tsvd,1e-12,q,Qratio-1
elasticity-2d,9,400,401,841,7,7,2.0,12808,4.24060760237885e-15,0.0,5.252395981773682e-05,"{""100.0"": 1.9559394138829744, ""1000.0"": 0.000836671310788473, ""10000.0"": 5.252395981773682e-05, ""100000.0"": 0.00016008714670869378, ""1000000.0"": 0.00016008714670869378, ""inf"": 0.00016008714670869378}",0.1764912388367556,0.03519211925547657,1000023,1000031,direct,streaming_tsqr,1e-14,hu_zhang,0.3333333333333333,LS(ball),2.9438800751436745e-08,2.256986415937422e-06,0.7547464270319324,1477,2004,99669604013483.64,1.1849403137976752e-06,5.238945272754697e-05,2.404866335901206e-06,5.2340813610510036e-05,True,1.4210854715202004e-14,1.9061141554033156e-14,2.103992230099859e-06,8.168257937929434e-07,2.2836308025822403,15.004035497307717,5.188843627690566e-07,3.4916908012479434e-06,223.3683659945068,ball,10000.0,q,Qratio-1
elasticity-2d,9,400,401,841,7,7,2.0,12808,4.24060760237885e-15,0.0,7.21123040762471e-06,"{""1e-05"": 0.186330733712743, ""1e-06"": 0.01656657300988736, ""1e-08"": 0.00047801397387165916, ""1e-10"": 3.6396132504478325e-05, ""1e-12"": 7.21123040762471e-06, ""1e-14"": 0.0001907610684742476}",0.1764912388367556,0.03519211925547657,1000023,1000031,direct,streaming_tsqr,1e-14,hu_zhang,0.3333333333333333,LS(ridge),8.818553249020372e-09,8.629372574961579e-07,0.15122787101427093,1133,2004,993405390184.366,5.098198981739177e-07,7.193165648054651e-06,7.442276081739762e-07,7.141216376078973e-06,True,1.7763568394002505e-14,-2.2262573728948354e-14,5.614667919150826e-07,6.552982160448596e-07,2.2836308025822403,15.004035497307717,2.232497028842987e-07,4.794153979004764e-07,35.07226323079107,ridge,1e-12,q,Qratio-1
elasticity-2d,9,400,401,841,7,7,2.0,12808,4.24060760237885e-15,0.0,8.23824138564076e-06,"{""1e-06"": 0.01799537989278558, ""1e-08"": 0.00039215663667300604, ""1e-10"": 3.969981300438779e-05, ""1e-12"": 8.23824138564076e-06, ""1e-14"": 0.00016008714670869378}",0.1764912388367556,0.03519211925547657,1000023,1000031,direct,streaming_tsqr,1e-14,hu_zhang,0.3333333333333333,LS(tsvd),8.322021239873117e-09,8.309510393583749e-07,0.15661134803667665,1133,2004,993405390184.366,5.077908716491649e-07,8.222588625048121e-06,7.10681091034539e-07,8.180494121198303e-06,False,0.0,-7.385585198971256e-15,5.198499168536306e-07,6.482558860188133e-07,2.2836308025822403,15.004035497307717,2.223611938825553e-07,5.480251380719248e-07,35.39624756315178,tsvd,1e-12,q,Qratio-1
elasticity-2d,0,400,802,841,7,7,2.0,12808,3.925743140037659e-15,0.0,1.5675189065681029e-06,"{""100.0"": 1.879924899895571, ""1000.0"": 0.0004638943914741279, ""10000.0"": 1.5675189065681029e-06, ""100000.0"": 1.8437154345885093e-06, ""1000000.0"": 1.8437154345885093e-06, ""inf"": 1.8437154345885093e-06}",0.1764912388367556,0.03519211925547657,100023,100031,direct,streaming_tsqr,1e-14,hu_zhang,0.3333333333333333,LS(ball),2.092252730806173e-09,7.359841577940987e-08,0.9981199899921194,1598,2004,95305211092441.16,1.0211587526673066e-07,1.5656271915423943e-06,1.06926696513993e-07,1.5638963444204625e-06,True,1.4210854715202004e-14,3.731910613868905e-14,6.23591452535585e-08,3.909045674438301e-08,2.2836308025822403,15.004035497307717,4.471645554581854e-08,1.0434707328060682e-07,223.35707612971564,ball,10000.0,q,Qratio-2
elasticity-2d,0,400,802,841,7,7,2.0,12808,3.925743140037659e-15,0.0,5.218506000435706e-07,"{""1e-05"": 0.15815869218127104, ""1e-06"": 0.012082393338481929, ""1e-08"": 0.0001935766352973634, ""1e-10"": 5.233282104381388e-06, ""1e-12"": 5.218506000435706e-07, ""1e-14"": 1.7389559449490598e-06}",0.1764912388367556,0.03519211925547657,100023,100031,direct,streaming_tsqr,1e-14,hu_zhang,0.3333333333333333,LS(ridge),1.7553224801325712e-09,7.2735771106426e-08,0.34145885199541226,1252,2004,996761185627.3401,7.244920596101267e-08,5.168082368715458e-07,8.15981835405389e-08,5.116642075617849e-07,True,1.7763568394002505e-14,-2.3240957769399273e-14,5.525900180736493e-08,4.7296248452705356e-08,2.2836308025822403,15.004035497307717,3.1725446109366695e-08,3.44446157145043e-08,38.17408378235572,ridge,1e-12,q,Qratio-2
elasticity-2d,0,400,802,841,7,7,2.0,12808,3.925743140037659e-15,0.0,5.484869762858384e-07,"{""1e-06"": 0.012336415338656405, ""1e-08"": 0.00021532500884174699, ""1e-10"": 4.541427580744306e-06, ""1e-12"": 5.484869762858384e-07, ""1e-14"": 1.8437154345885093e-06}",0.1764912388367556,0.03519211925547657,100023,100031,direct,streaming_tsqr,1e-14,hu_zhang,0.3333333333333333,LS(tsvd),2.3802290066787686e-09,7.633742034808817e-08,0.34656486901803873,1252,2004,996761185627.3401,9.988028132434265e-08,5.393339302820996e-07,9.943624026620516e-08,5.339041923492791e-07,False,1.0658141036401503e-14,-1.4059933772792022e-14,5.672531540897034e-08,5.10846389549103e-08,2.2836308025822403,15.004035497307717,4.373749084633205e-08,3.594592470664817e-08,40.13465529767109,tsvd,1e-12,q,Qratio-2
elasticity-2d,1,400,802,841,7,7,2.0,12808,5.210665604783716e-15,0.0,5.056047345525738e-06,"{""100.0"": 1.882032246278608, ""1000.0"": 0.0005065433698056155, ""10000.0"": 5.056047345525738e-06, ""100000.0"": 2.3146538847199027e-05, ""1000000.0"": 2.3146538847199027e-05, ""inf"": 2.3146538847199027e-05}",0.1764912388367556,0.03519211925547657,200023,200031,direct,streaming_tsqr,1e-14,hu_zhang,0.3333333333333333,LS(ball),5.279324247274369e-09,3.032448082596044e-07,0.9637385719979648,1590,2004,98964430082662.11,2.1057226997038893e-07,5.07309632278251e-06,3.231083596453773e-07,5.064024968983963e-06,True,0.0,-7.355227538141662e-16,2.663891523322296e-07,1.4489386893902864e-07,2.2836308025822403,15.004035497307717,9.22094191987085e-08,3.381154572510051e-07,223.41384181490298,ball,10000.0,q,Qratio-2
elasticity-2d,1,400,802,841,7,7,2.0,12808,5.210665604783716e-15,0.0,1.3811006699499631e-06,"{""1e-05"": 0.17023541344896723, ""1e-06"": 0.012396882362239455, ""1e-08"": 0.0002735887571933601, ""1e-10"": 1.1578949398966585e-05, ""1e-12"": 1.3811006699499631e-06, ""1e-14"": 3.7340515684837e-05}",0.1764912388367556,0.03519211925547657,200023,200031,direct,streaming_tsqr,1e-14,hu_zhang,0.3333333333333333,LS(ridge),2.3451560212123377e-09,2.4961027463916435e-07,0.30675891001010314,1253,2004,989899149646.5182,1.5826408834979035e-07,1.3720381630142268e-06,2.2285402356158003e-07,1.3491417388703142e-06,True,2.1316282072803006e-14,-2.845813862339952e-15,1.8310518690101503e-07,1.6964014776987024e-07,2.2836308025822403,15.004035497307717,6.930371063957953e-08,9.144460923598998e-08,38.7092941746344,ridge,1e-12,q,Qratio-2
elasticity-2d,1,400,802,841,7,7,2.0,12808,5.210665604783716e-15,0.0,1.2305896941797283e-06,"{""1e-06"": 0.012835260955783294, ""1e-08"": 0.000269525520805791, ""1e-10"": 9.132244500436792e-06, ""1e-12"": 1.2305896941797283e-06, ""1e-14"": 2.3146538847199027e-05}",0.1764912388367556,0.03519211925547657,200023,200031,direct,streaming_tsqr,1e-14,hu_zhang,0.3333333333333333,LS(tsvd),2.5021047211754127e-09,1.2351157702481103e-07,0.3147723820002284,1253,2004,989899149646.5182,1.268297319332652e-07,1.2240448828128622e-06,1.515511626469715e-07,1.2177975059430848e-06,False,1.7763568394002505e-14,-2.4648685870154452e-14,1.0525107994622359e-07,6.463218880178421e-08,2.2836308025822403,15.004035497307717,5.553863251005859e-08,8.158104418191369e-08,40.794949980369594,tsvd,1e-12,q,Qratio-2
elasticity-2d,2,400,802,841,7,7,2.0,12808,3.860170997816622e-15,0.0,3.460438673808338e-06,"{""100.0"": 1.8792886444269397, ""1000.0"": 0.000671417314322573, ""10000.0"": 3.460438673808338e-06, ""100000.0"": 1.0489116189177371e-05, ""1000000.0"": 1.0489116189177371e-05, ""inf"": 1.0489116189177371e-05}",0.1764912388367556,0.03519211925547657,300023,300031,direct,streaming_tsqr,1e-14,hu_zhang,0.3333333333333333,LS(ball),3.321108016878427e-09,1.7979949512970206e-07,0.8795228450326249,1580,2004,99825473070048.17,1.8199992966922924e-07,3.466067993021333e-06,1.9422406535014e-07,3.46140137426997e-06,True,6.039613253960852e-14,-6.096165239277695e-14,1.4135810594466927e-07,1.1111140505200808e-07,2.2836308025822403,15.004035497307717,7.969761550922804e-08,2.3100905044134792e-07,223.3934745014407,ball,10000.0,q,Qratio-2
elasticity-2d,2,400,802,841,7,7,2.0,12808,3.860170997816622e-15,0.0,1.8581421820443724e-06,"{""1e-05"": 0.19507194804483827, ""1e-06"": 0.014131033387916379, ""1e-08"": 0.0003342534231487606, ""1e-10"": 1.3115651448380877e-05, ""1e-12"": 1.8581421820443724e-06, ""1e-14"": 8.745855124485644e-06}",0.1764912388367556,0.03519211925547657,300023,300031,direct,streaming_tsqr,1e-14,hu_zhang,0.3333333333333333,LS(ridge),3.324969084611035e-09,2.6191950252161337e-07,0.30609168999944814,1239,2004,991358579865.3798,1.418734817623559e-07,1.8526713529447946e-06,2.2346629827372933e-07,1.8340636074632543e-06,True,1.7763568394002505e-14,-1.8577153704235627e-14,1.8431083204131362e-07,1.8609498379431964e-07,2.2836308025822403,15.004035497307717,6.21262778562677e-08,1.2347820379905346e-07,37.7335872872257,ridge,1e-12,q,Qratio-2
elasticity-2d,2,400,802,841,7,7,2.0,12808,3.860170997816622e-15,0.0,1.9195674788227064e-06,"{""1e-06"": 0.016961352653084013, ""1e-08"": 0.000278754491884204, ""1e-10"": 9.033650384911374e-06, ""1e-12"": 1.9195674788227064e-06, ""1e-14"": 1.0489116189177371e-05}",0.1764912388367556,0.03519211925547657,300023,300031,direct,streaming_tsqr,1e-14,hu_zhang,0.3333333333333333,LS(tsvd),7.603026632546098e-09,4.1941481392939976e-07,0.3121284180379007,1239,2004,991358579865.3798,3.0748980528468125e-07,1.8947466781150308e-06,3.9879363143389583e-07,1.8477435395867338e-06,False,1.0658141036401503e-14,1.8596235662471372e-15,3.0504562292129296e-07,2.8784710191348707e-07,2.2836308025822403,15.004035497307717,1.3464952606918063e-07,1.2628247103621016e-07,39.968749341171325,tsvd,1e-12,q,Qratio-2
elasticity-2d,3,400,802,841,7,7,2.0,12808,4.7419109893595045e-15,0.0,1.5527464065502664e-06,"{""100.0"": 1.888770287614095, ""1000.0"": 0.0004604287013471288, ""10000.0"": 1.5527464065502664e-06, ""100000.0"": 2.7832445197529917e-06, ""1000000.0"": 2.7832445197529917e-06, ""inf"": 2.7832445197529917e-06}",0.1764912388367556,0.03519211925547657,400023,400031,direct,streaming_tsqr,1e-14,hu_zhang,0.3333333333333333,LS(ball),3.347019506802207e-09,2.2485508172469856e-07,0.9075422109744977,1577,2004,98233877618007.34,1.8520183135095774e-07,1.5416748457499089e-06,2.2500001756014019e-07,1.5251890119721504e-06,True,1.7763568394002505e-14,1.268082860939046e-15,1.5610366413892852e-07,1.6183773917050826e-07,2.2836308025822403,15.004035497307717,8.109972555175677e-08,1.0275067971057139e-07,223.38827476289651,ball,10000.0,q,Qratio-2
elasticity-2d,3,400,802,841,7,7,2.0,12808,4.7419109893595045e-15,0.0,6.655735552855305e-07,"{""1e-05"": 0.16546800131043346, ""1e-06"": 0.013069090404205876, ""1e-08"": 0.0002129536025944375, ""1e-10"": 5.416511101782099e-06, ""1e-12"": 6.655735552855305e-07, ""1e-14"": 2.1409588656625073e-06}",0.1764912388367556,0.03519211925547657,400023,400031,direct,streaming_tsqr,1e-14,hu_zhang,0.3333333333333333,LS(ridge),2.017108161238205e-09,7.206842287763597e-08,0.31143822000012733,1239,2004,996864489842.4846,1.0161456808624302e-07,6.57776474071946e-07,1.0032311600494608e-07,6.538165126902591e-07,True,1.0658141036401503e-14,-2.21619597673417e-14,5.587576647192197e-08,4.551654970716699e-08,2.2836308025822403,15.004035497307717,4.449693355482035e-08,4.3839970532592755e-08,38.00448000746773,ridge,1e-12,q,Qratio-2
elasticity-2d,3,400,802,841,7,7,2.0,12808,4.7419109893595045e-15,0.0,7.777797549399258e-07,"{""1e-06"": 0.014219689150341117, ""1e-08"": 0.00023784638810998932, ""1e-10"": 4.931444987131274e-06, ""1e-12"": 7.777797549399258e-07, ""1e-14"": 2.7832445197529917e-06}",0.1764912388367556,0.03519211925547657,400023,400031,direct,streaming_tsqr,1e-14,hu_zhang,0.3333333333333333,LS(tsvd),2.233508130369412e-09,7.598736621355847e-08,0.31772245198953897,1239,2004,996864489842.4846,1.1993854771116293e-07,7.684853597716637e-07,1.1222800859989865e-07,7.647193396006865e-07,False,7.105427357601002e-15,-2.28723290307542e-15,5.64538195415011e-08,5.086301291949855e-08,2.2836308025822403,15.004035497307717,5.25209887585774e-08,5.12185778225837e-08,40.3116162465247,tsvd,1e-12,q,Qratio-2
elasticity-2d,4,400,802,841,7,7,2.0,12808,4.93305886333429e-15,0.0,6.66887378387151e-07,"{""100.0"": 1.8735236983213286, ""1000.0"": 0.0004597078877147694, ""10000.0"": 7.320187048779387e-07, ""100000.0"": 6.66887378387151e-07, ""1000000.0"": 6.66887378387151e-07, ""inf"": 6.66887378387151e-07}",0.1764912388367556,0.03519211925547657,500023,500031,direct,streaming_tsqr,1e-14,hu_zhang,0.3333333333333333,LS(ball),1.5863467482214014e-09,1.3064072670092077e-07,0.9529080870270263,1602,2004,99539135714773.69,9.298564411465094e-08,6.550156522576185e-07,1.1908537413515225e-07,6.418555174098987e-07,False,4.263256414560601e-14,-3.0465213685104686e-14,9.290200844352263e-08,9.184887751140087e-08,2.2836308025822403,15.004035497307717,4.071833503450138e-08,4.365596524849283e-08,488.3653077297097,ball,100000.0,q,Qratio-2
elasticity-2d,4,400,802,841,7,7,2.0,12808,4.93305886333429e-15,0.0,6.463448837712727e-07,"{""1e-05"": 0.15111855519648265, ""1e-06"": 0.011653816774279579, ""1e-08"": 0.0001812697259940772, ""1e-10"": 4.3843912627798986e-06, ""1e-12"": 6.463448837712727e-07, ""1e-14"": 6.471409447833452e-07}",0.1764912388367556,0.03519211925547657,500023,500031,direct,streaming_tsqr,1e-14,hu_zhang,0.3333333333333333,LS(ridge),9.610827803781474e-10,6.080808491982984e-08,0.3464278420142364,1263,2004,996102234210.7046,5.9051454256354994e-08,6.436686734069945e-07,6.68372342578397e-08,6.407899327657255e-07,True,2.1316282072803006e-14,1.1767496699288671e-14,4.348317288794046e-08,4.2506903759444986e-08,2.2836308025822403,15.004035497307717,2.5858581951855755e-08,4.2899703451281004e-08,38.120649596342446,ridge,1e-12,q,Qratio-2
elasticity-2d,4,400,802,841,7,7,2.0,12808,4.93305886333429e-15,0.0,6.66887378387151e-07,"{""1e-06"": 0.012650667179905881, ""1e-08"": 0.0002142534353488861, ""1e-10"": 3.918804800336459e-06, ""1e-12"": 7.23991845824051e-07, ""1e-14"": 6.66887378387151e-07}",0.1764912388367556,0.03519211925547657,500023,500031,direct,streaming_tsqr,1e-14,hu_zhang,0.3333333333333333,LS(tsvd),1.5863467482214014e-09,1.3064072670092077e-07,0.35389854200184345,1602,2004,99539135714773.69,9.298564411465094e-08,6.550156522576185e-07,1.1908537413515225e-07,6.418555174098987e-07,False,4.263256414560601e-14,-3.0465213685104686e-14,9.290200844352263e-08,9.184887751140087e-08,2.2836308025822403,15.004035497307717,4.071833503450138e-08,4.365596524849283e-08,488.3653077297097,tsvd,1e-14,q,Qratio-2
elasticity-2d,5,400,802,841,7,7,2.0,12808,4.771684426383363e-15,0.0,5.414547570549567e-07,"{""100.0"": 1.8806479070829802, ""1000.0"": 0.0004692976678234974, ""10000.0"": 5.414547570549567e-07, ""100000.0"": 6.363256807128504e-07, ""1000000.0"": 6.363256807128504e-07, ""inf"": 6.363256807128504e-07}",0.1764912388367556,0.03519211925547657,600023,600031,direct,streaming_tsqr,1e-14,hu_zhang,0.3333333333333333,LS(ball),2.139171071450866e-09,7.065296892238555e-08,0.9381161920027807,1602,2004,98548937767644.6,9.019272085361223e-08,5.344293595260214e-07,9.013697452860894e-08,5.297385188051232e-07,True,2.842170943040401e-14,-2.1967670738032297e-14,5.4784876675749456e-08,4.461456382360474e-08,2.2836308025822403,15.004035497307717,3.949531629702395e-08,3.5619041265392766e-08,223.40116391614436,ball,10000.0,q,Qratio-2
elasticity-2d,5,400,802,841,7,7,2.0,12808,4.771684426383363e-15,0.0,5.866050755435157e-07,"{""1e-05"": 0.1537037727812285, ""1e-06"": 0.012239269802547819, ""1e-08"": 0.00020191562696500042, ""1e-10"": 5.345548036398125e-06, ""1e-12"": 5.866050755435157e-07, ""1e-14"": 6.044903504790737e-07}",0.1764912388367556,0.03519211925547657,600023,600031,direct,streaming_tsqr,1e-14,hu_zhang,0.3333333333333333,LS(ridge),1.5016731128104731e-09,6.066888501914574e-08,0.29681555900606327,1264,2004,992979092501.9789,6.935388182217508e-08,5.82504371260317e-07,7.493442509132529e-08,5.793363694158264e-07,True,7.105427357601002e-15,-1.7061005386231898e-14,5.005509645564006e-08,3.428120371694811e-08,2.2836308025822403,15.004035497307717,3.037000628286868e-08,3.882318002812243e-08,39.25116225943137,ridge,1e-12,q,Qratio-2
elasticity-2d,5,400,802,841,7,7,2.0,12808,4.771684426383363e-15,0.0,6.363256807128504e-07,"{""1e-06"": 0.012506341052440553, ""1e-08"": 0.00023013791528754595, ""1e-10"": 4.798665555066719e-06, ""1e-12"": 6.597853092313168e-07, ""1e-14"": 6.363256807128504e-07}",0.1764912388367556,0.03519211925547657,600023,600031,direct,streaming_tsqr,1e-14,hu_zhang,0.3333333333333333,LS(tsvd),3.118620665388968e-09,1.2752368847115078e-07,0.303817303996766,1602,2004,98548937767644.6,1.231320107932808e-07,6.242847605738931e-07,1.3428453880678118e-07,6.111212409690208e-07,False,9.947598300641403e-14,4.315471591187503e-14,9.017080229351757e-08,9.017492741904747e-08,2.2836308025822403,15.004035497307717,5.391940354546275e-08,4.160779016324728e-08,561.5509434167157,tsvd,1e-14,q,Qratio-2
elasticity-2d,6,400,802,841,7,7,2.0,12808,5.190098704487989e-15,0.0,6.414152586000957e-07,"{""100.0"": 1.880214030265328, ""1000.0"": 0.0004971629527448275, ""10000.0"": 6.414152586000957e-07, ""100000.0"": 6.95991643702876e-07, ""1000000.0"": 6.95991643702876e-07, ""inf"": 6.95991643702876e-07}",0.1764912388367556,0.03519211925547657,700023,700031,direct,streaming_tsqr,1e-14,hu_zhang,0.3333333333333333,LS(ball),1.6962358120638593e-09,1.1945202568113518e-07,0.8706361619988456,1587,2004,99726405854013.64,8.664024827796327e-08,6.363942708807737e-07,1.2463783417339743e-07,6.250830997319836e-07,True,2.1316282072803006e-14,-3.977981138936215e-14,9.607725710821076e-08,7.097849748965773e-08,2.2836308025822403,15.004035497307717,3.7939691556092984e-08,4.2414873718138464e-08,223.3504421936291,ball,10000.0,q,Qratio-2
elasticity-2d,6,400,802,841,7,7,2.0,12808,5.190098704487989e-15,0.0,5.901486569464613e-07,"{""1e-05"": 0.17524773108114336, ""1e-06"": 0.012553207949980244, ""1e-08"": 0.00022134338088163728, ""1e-10"": 6.786746020067198e-06, ""1e-12"": 5.901486569464613e-07, ""1e-14"": 6.207884508776622e-07}",0.1764912388367556,0.03519211925547657,700023,700031,direct,streaming_tsqr,1e-14,hu_zhang,0.3333333333333333,LS(ridge),1.7145554664458764e-09,1.6352352789453718e-07,0.29535611596656963,1250,2004,999298955611.5856,8.25991558181315e-08,5.8437207598433e-07,1.2899130796809182e-07,5.610265403839287e-07,True,3.552713678800501e-15,1.2385925618474403e-15,1.0939328473525392e-07,1.2154445042825749e-07,2.2836308025822403,15.004035497307717,3.617010058050172e-08,3.8947660187100204e-08,38.75008692073002,ridge,1e-12,q,Qratio-2
elasticity-2d,6,400,802,841,7,7,2.0,12808,5.190098704487989e-15,0.0,5.255144610814461e-07,"{""1e-06"": 0.012917659978883948, ""1e-08"": 0.00023166599671047957, ""1e-10"": 5.572107928292807e-06, ""1e-12"": 5.255144610814461e-07, ""1e-14"": 6.95991643702876e-07}",0.1764912388367556,0.03519211925547657,700023,700031,direct,streaming_tsqr,1e-14,hu_zhang,0.3333333333333333,LS(tsvd),2.6517603669624333e-09,1.706176286576342e-07,0.3012524000077974,1250,2004,999298955611.5856,1.4830793544043332e-07,5.041506600075589e-07,1.950668248402019e-07,4.744022689419843e-07,False,3.197442310920451e-14,-2.5750235277399725e-14,1.299304291706514e-07,1.105823619945093e-07,2.2836308025822403,15.004035497307717,6.494391968821427e-08,3.360100421636714e-08,40.9346442919546,tsvd,1e-12,q,Qratio-2
elasticity-2d,7,400,802,841,7,7,2.0,12808,4.356599994622808e-15,0.0,4.4761606197332983e-07,"{""100.0"": 1.8872763148797247, ""1000.0"": 0.0004726814793012604, ""10000.0"": 5.001003007011625e-07, ""100000.0"": 4.4761606197332983e-07, ""1000000.0"": 4.4761606197332983e-07, ""inf"": 4.4761606197332983e-07}",0.1764912388367556,0.03519211925547657,800023,800031,direct,streaming_tsqr,1e-14,hu_zhang,0.3333333333333333,LS(ball),2.1715325556832294e-09,9.86766893381032e-08,0.8347404329979327,1601,2004,98545796349749.2,1.0586837917300851e-07,4.3513798501038305e-07,1.2025727369056738e-07,4.2380181332807887e-07,False,1.7763568394002505e-14,1.2269699145583957e-14,7.014041417208288e-08,6.940757392746994e-08,2.2836308025822403,15.004035497307717,4.6359673837512043e-08,2.9001396663481837e-08,581.5536931477744,ball,100000.0,q,Qratio-2
elasticity-2d,7,400,802,841,7,7,2.0,12808,4.356599994622808e-15,0.0,3.159771720976068e-07,"{""1e-05"": 0.1504346060272007, ""1e-06"": 0.01218832348990422, ""1e-08"": 0.00019411460593546793, ""1e-10"": 4.184058908624212e-06, ""1e-12"": 3.159771720976068e-07, ""1e-14"": 5.068985344153978e-07}",0.1764912388367556,0.03519211925547657,800023,800031,direct,streaming_tsqr,1e-14,hu_zhang,0.3333333333333333,LS(ridge),1.6071528044183388e-09,6.072435161887877e-08,0.27062087698141113,1257,2004,993180872641.5958,6.939652500793821e-08,3.08358219800808e-07,7.20346894853504e-08,3.0231993787904593e-07,True,1.0658141036401503e-14,1.4132792158783047e-14,4.174131620448465e-08,4.410339443909563e-08,2.2836308025822403,15.004035497307717,3.0388679697903594e-08,2.0551685568601792e-08,38.35791061688883,ridge,1e-12,q,Qratio-2
elasticity-2d,7,400,802,841,7,7,2.0,12808,4.356599994622808e-15,0.0,3.0587131186507916e-07,"{""1e-06"": 0.012994779336338849, ""1e-08"": 0.0002107272478475015, ""1e-10"": 3.900308617047921e-06, ""1e-12"": 3.0587131186507916e-07, ""1e-14"": 4.4761606197332983e-07}",0.1764912388367556,0.03519211925547657,800023,800031,direct,streaming_tsqr,1e-14,hu_zhang,0.3333333333333333,LS(tsvd),1.6885455391081135e-09,7.03458352547538e-08,0.2760652929719072,1257,2004,993180872641.5958,7.995095344698446e-08,2.9532791373422344e-07,8.854218590106165e-08,2.8682754416708304e-07,False,3.552713678800501e-14,3.900525735733851e-15,5.629873896423514e-08,4.217805743186705e-08,2.2836308025822403,15.004035497307717,3.501045499849584e-08,1.968323214026095e-08,39.981774598297086,tsvd,1e-12,q,Qratio-2
elasticity-2d,8,400,802,841,7,7,2.0,12808,3.962126842458688e-15,0.0,4.205287719036078e-06,"{""100.0"": 1.8817423223770975, ""1000.0"": 0.0004996115814786161, ""10000.0"": 4.308625687688126e-06, ""100000.0"": 4.205287719036078e-06, ""1000000.0"": 4.205287719036078e-06, ""inf"": 4.205287719036078e-06}",0.1764912388367556,0.03519211925547657,900023,900031,direct,streaming_tsqr,1e-14,hu_zhang,0.3333333333333333,LS(ball),3.2576501375889886e-09,4.0198055220401926e-07,0.8840133180201519,1588,2004,99547360033698.52,1.5101866373007496e-07,4.047416881866133e-06,3.1713380569847747e-07,4.0274054987379554e-06,False,2.842170943040401e-14,-7.947462132840144e-14,2.727566215948718e-07,2.9528323644663636e-07,2.2836308025822403,15.004035497307717,6.613094531712788e-08,2.697552190270671e-07,698.6806210693336,ball,100000.0,q,Qratio-2
elasticity-2d,8,400,802,841,7,7,2.0,12808,3.962126842458688e-15,0.0,1.0533558056495983e-06,"{""1e-05"": 0.1788566695564194, ""1e-06"": 0.013705058900709124, ""1e-08"": 0.0002349301789688079, ""1e-10"": 7.5974083812870325e-06, ""1e-12"": 1.0533558056495983e-06, ""1e-14"": 5.019911302752559e-06}",0.1764912388367556,0.03519211925547657,900023,900031,direct,streaming_tsqr,1e-14,hu_zhang,0.3333333333333333,LS(ridge),2.103848920067197e-09,1.6261163410718164e-07,0.28650216801906936,1248,2004,996061377149.4235,1.3302046058139871e-07,1.0449701924122704e-06,1.7200313143099512e-07,1.0322403593558671e-06,True,1.7763568394002505e-14,-2.3213202193783644e-14,1.270847925287016e-07,1.0144949016601703e-07,2.2836308025822403,15.004035497307717,5.824954735721045e-08,6.964594242660763e-08,37.393862402001965,ridge,1e-12,q,Qratio-2
elasticity-2d,8,400,802,841,7,7,2.0,12808,3.962126842458688e-15,0.0,8.366686315552162e-07,"{""1e-06"": 0.013798364364705502, ""1e-08"": 0.0002567325549472786, ""1e-10"": 7.377795052193645e-06, ""1e-12"": 8.366686315552162e-07, ""1e-14"": 4.205287719036078e-06}",0.1764912388367556,0.03519211925547657,900023,900031,direct,streaming_tsqr,1e-14,hu_zhang,0.3333333333333333,LS(tsvd),3.2035591262882984e-09,1.0470681132059869e-07,0.2908227300213184,1248,2004,996061377149.4235,1.8436502293601953e-07,8.161547213985706e-07,1.7687846864538038e-07,8.094102871376488e-07,False,1.7763568394002505e-14,-1.004057947895376e-14,9.448236657845652e-08,4.512869090347754e-08,2.2836308025822403,15.004035497307717,8.073328785351239e-08,5.439568051841914e-08,38.7204376995567,tsvd,1e-12,q,Qratio-2
elasticity-2d,9,400,802,841,7,7,2.0,12808,4.24060760237885e-15,0.0,5.2286170012106244e-06,"{""100.0"": 1.9062408286320098, ""1000.0"": 0.0006520407890439038, ""10000.0"": 5.2286170012106244e-06, ""100000.0"": 8.472940965320313e-06, ""1000000.0"": 8.472940965320313e-06, ""inf"": 8.472940965320313e-06}",0.1764912388367556,0.03519211925547657,1000023,1000031,direct,streaming_tsqr,1e-14,hu_zhang,0.3333333333333333,LS(ball),2.565124278061224e-09,1.740924868514173e-07,0.908067852986278,1589,2004,99488739931351.72,1.358689286276781e-07,5.226855638808317e-06,2.0867276626699225e-07,5.223955558287626e-06,True,5.3290705182007514e-14,-4.505510547980762e-14,1.6261416153123255e-07,6.216774443073444e-08,2.2836308025822403,15.004035497307717,5.949688910923905e-08,3.4836332130420575e-07,223.4068486298992,ball,10000.0,q,Qratio-2
elasticity-2d,9,400,802,841,7,7,2.0,12808,4.24060760237885e-15,0.0,2.5309252470380296e-06,"{""1e-05"": 0.17591771725752675, ""1e-06"": 0.012882428860951011, ""1e-08"": 0.0003160872977462008, ""1e-10"": 1.6385994843610903e-05, ""1e-12"": 2.5309252470380296e-06, ""1e-14"": 7.515575080308484e-06}",0.1764912388367556,0.03519211925547657,1000023,1000031,direct,streaming_tsqr,1e-14,hu_zhang,0.3333333333333333,LS(ridge),1.5361877140514392e-09,2.0234652292930565e-07,0.30521014097030275,1252,2004,990667906698.6776,8.545258345513362e-08,2.5294802486442313e-06,1.5659048420156487e-07,2.521373874089224e-06,True,0.0,2.6445859391266424e-15,1.2509827334516054e-07,1.590425645782899e-07,2.2836308025822403,15.004035497307717,3.741961413311959e-08,1.6858666117512948e-07,37.50175137608789,ridge,1e-12,q,Qratio-2
elasticity-2d,9,400,802,841,7,7,2.0,12808,4.24060760237885e-15,0.0,2.986623494744503e-06,"{""1e-06"": 0.013647249916173774, ""1e-08"": 0.00030711519201114483, ""1e-10"": 1.0754984729748673e-05, ""1e-12"": 2.986623494744503e-06, ""1e-14"": 8.472940965320313e-06}",0.1764912388367556,0.03519211925547657,1000023,1000031,direct,streaming_tsqr,1e-14,hu_zhang,0.3333333333333333,LS(tsvd),1.9052666355367686e-09,1.674571669792504e-07,0.3117703819880262,1252,2004,990667906698.6776,1.0947862746369094e-07,2.9846128217728655e-06,1.5914426641348615e-07,2.979911373366374e-06,False,7.105427357601002e-15,-8.986734967297849e-15,1.1857149079527141e-07,1.1824848558566583e-07,2.2836308025822403,15.004035497307717,4.794059851526648e-08,1.9892067186247434e-07,38.449973250244646,tsvd,1e-12,q,Qratio-2
elasticity-2d,0,400,1604,841,7,7,2.0,12808,3.925743140037659e-15,0.0,1.538369989587232e-07,"{""100.0"": 1.861798731118915, ""1000.0"": 0.00042283602820363284, ""10000.0"": 1.538369989587232e-07, ""100000.0"": 1.7181629471331227e-07, ""1000000.0"": 1.7181629471331227e-07, ""inf"": 1.7181629471331227e-07}",0.1764912388367556,0.03519211925547657,100023,100031,direct,streaming_tsqr,1e-14,hu_zhang,0.3333333333333333,LS(ball),6.350959563657402e-10,2.600034970272477e-08,1.194097881030757,1631,2004,99734978932976.47,3.2516029972762955e-08,1.504972517491157e-07,3.2882599589653e-08,1.4823428955330386e-07,True,0.0,-9.598224992579674e-15,1.7868492663033148e-08,1.8887433775267374e-08,2.2836308025822403,15.004035497307717,1.4238742066359896e-08,1.0030451592581245e-08,223.37697955401447,ball,10000.0,q,Qratio-4
elasticity-2d,0,400,1604,841,7,7,2.0,12808,3.925743140037659e-15,0.0,1.5713534119282536e-07,"{""1e-05"": 0.14954347459857373, ""1e-06"": 0.011526054034099634, ""1e-08"": 0.00016072686646962698, ""1e-10"": 3.958720841110927e-06, ""1e-12"": 1.5713534119282536e-07, ""1e-14"": 1.700929823527904e-07}",0.1764912388367556,0.03519211925547657,100023,100031,direct,streaming_tsqr,1e-14,hu_zhang,0.3333333333333333,LS(ridge),6.715716253209974e-10,3.971991491167367e-08,0.62261606901302,1289,2004,995581988990.5056,3.4047405185874426e-08,1.5341291229926738e-07,4.1996829539018016e-08,1.4818181406485785e-07,True,1.4210854715202004e-14,-8.283304597789254e-15,2.9400991709628146e-08,2.670680301123617e-08,2.2836308025822403,15.004035497307717,1.4909329978985636e-08,1.022477668269949e-08,39.097554261798926,ridge,1e-12,q,Qratio-4
elasticity-2d,0,400,1604,841,7,7,2.0,12808,3.925743140037659e-15,0.0,1.637122577147026e-07,"{""1e-06"": 0.01211221503592481, ""1e-08"": 0.00017775899124342892, ""1e-10"": 3.580341552239329e-06, ""1e-12"": 1.637122577147026e-07, ""1e-14"": 1.7181629471331227e-07}",0.1764912388367556,0.03519211925547657,100023,100031,direct,streaming_tsqr,1e-14,hu_zhang,0.3333333333333333,LS(tsvd),6.90941266911722e-10,3.162070112810519e-08,0.6290554430161137,1289,2004,995581988990.5056,3.854775830693839e-08,1.5913442090660675e-07,4.10354301646393e-08,1.5596119766611222e-07,False,7.105427357601002e-15,-1.4791119717916246e-14,2.388433604325325e-08,2.0722143508959365e-08,2.2836308025822403,15.004035497307717,1.6880030810300023e-08,1.0606107999088739e-08,40.88371562453045,tsvd,1e-12,q,Qratio-4
elasticity-2d,1,400,1604,841,7,7,2.0,12808,5.210665604783716e-15,0.0,1.908652247867998e-07,"{""100.0"": 1.8693273472482352, ""1000.0"": 0.00044627985403103713, ""10000.0"": 1.908652247867998e-07, ""100000.0"": 2.121811999308101e-07, ""1000000.0"": 2.121811999308101e-07, ""inf"": 2.121811999308101e-07}",0.1764912388367556,0.03519211925547657,200023,200031,direct,streaming_tsqr,1e-14,hu_zhang,0.3333333333333333,LS(ball),7.035825989809932e-10,2.3904223850506343e-08,1.222560976020759,1629,2004,96988299617300.64,3.745399818259579e-08,1.8719862591780157e-07,3.651939850010586e-08,1.856661348432123e-07,True,2.1316282072803006e-14,-1.15558604352195e-14,1.7206518722299995e-08,1.6593602121126564e-08,2.2836308025822403,15.004035497307717,1.6401074175494688e-08,1.2476551788443315e-08,223.37699890287405,ball,10000.0,q,Qratio-4
elasticity-2d,1,400,1604,841,7,7,2.0,12808,5.210665604783716e-15,0.0,1.8848428991356013e-07,"{""1e-05"": 0.1617254413964071, ""1e-06"": 0.011615301607449906, ""1e-08"": 0.00019080790553324513, ""1e-10"": 4.461934889559748e-06, ""1e-12"": 1.8848428991356013e-07, ""1e-14"": 1.9646513507851714e-07}",0.1764912388367556,0.03519211925547657,200023,200031,direct,streaming_tsqr,1e-14,hu_zhang,0.3333333333333333,LS(ridge),6.007597805229757e-10,4.280708422975301e-08,0.6104092610185035,1288,2004,994094666029.3776,3.153598247673572e-08,1.8588794472804926e-07,4.389894360144403e-08,1.8089190566458502e-07,True,3.552713678800501e-14,5.5164206536062466e-15,3.281356988122567e-08,2.749029086610558e-08,2.2836308025822403,15.004035497307717,1.38095800954673e-08,1.2389196543916768e-08,39.29241487369084,ridge,1e-12,q,Qratio-4
elasticity-2d,1,400,1604,841,7,7,2.0,12808,5.210665604783716e-15,0.0,1.9473006916283095e-07,"{""1e-06"": 0.012071725578552135, ""1e-08"": 0.00020706624195904636, ""1e-10"": 4.1784158850650585e-06, ""1e-12"": 1.9473006916283095e-07, ""1e-14"": 2.121811999308101e-07}",0.1764912388367556,0.03519211925547657,200023,200031,direct,streaming_tsqr,1e-14,hu_zhang,0.3333333333333333,LS(tsvd),7.873386027106931e-10,3.730512766738897e-08,0.6167862929869443,1288,2004,994094666029.3776,4.1119629576624056e-08,1.9036007354346118e-07,4.7088616192139745e-08,1.866689182729459e-07,False,1.4210854715202004e-14,-1.3303594337266134e-14,2.996110302666967e-08,2.2226220004883328e-08,2.2836308025822403,15.004035497307717,1.8006251067435065e-08,1.2687258276456282e-08,41.428534620154444,tsvd,1e-12,q,Qratio-4
elasticity-2d,2,400,1604,841,7,7,2.0,12808,3.860170997816622e-15,0.0,1.8916498964007122e-07,"{""100.0"": 1.8576112766429622, ""1000.0"": 0.0004242325862357953, ""10000.0"": 1.8916498964007122e-07, ""100000.0"": 1.9031740889607287e-07, ""1000000.0"": 1.9031740889607287e-07, ""inf"": 1.9031740889607287e-07}",0.1764912388367556,0.03519211925547657,300023,300031,direct,streaming_tsqr,1e-14,hu_zhang,0.3333333333333333,LS(ball),7.83492977323274e-10,2.1830038650827668e-08,1.2485692439950071,1621,2004,99629936697883.38,4.498671366909732e-08,1.8360555204694656e-07,4.278992746530209e-08,1.8230317648073873e-07,True,1.5987211554602254e-14,-2.1168830577344977e-14,1.7205134847969273e-08,1.343629124274341e-08,2.2836308025822403,15.004035497307717,1.9699643925904357e-08,1.2237077956786509e-08,223.43933326599102,ball,10000.0,q,Qratio-4
elasticity-2d,2,400,1604,841,7,7,2.0,12808,3.860170997816622e-15,0.0,1.8636488018038033e-07,"{""1e-05"": 0.15588236974101427, ""1e-06"": 0.011606246030553477, ""1e-08"": 0.00016644968096651385, ""1e-10"": 2.7407007744624634e-06, ""1e-12"": 1.8636488018038033e-07, ""1e-14"": 1.8794907626010086e-07}",0.1764912388367556,0.03519211925547657,300023,300031,direct,streaming_tsqr,1e-14,hu_zhang,0.3333333333333333,LS(ridge),8.274572170349854e-10,3.7568207224518536e-08,0.6461307360150386,1283,2004,997343970174.7495,4.7082533026212664e-08,1.80375676207062e-07,4.792205909497265e-08,1.7641999425544292e-07,True,1.7763568394002505e-14,-1.4290651995096937e-14,2.6272089974812047e-08,2.685418928993663e-08,2.2836308025822403,15.004035497307717,2.0617401452534963e-08,1.2021810814792336e-08,38.97509218635039,ridge,1e-12,q,Qratio-4
elasticity-2d,2,400,1604,841,7,7,2.0,12808,3.860170997816622e-15,0.0,1.9031740889607287e-07,"{""1e-06"": 0.012444999677780531, ""1e-08"": 0.00020859102044694996, ""1e-10"": 2.291018801629539e-06, ""1e-12"": 1.9307746972455819e-07, ""1e-14"": 1.9031740889607287e-07}",0.1764912388367556,0.03519211925547657,300023,300031,direct,streaming_tsqr,1e-14,hu_zhang,0.3333333333333333,LS(tsvd),7.699056287280083e-10,2.5414386003883778e-08,0.6540836339991074,1621,2004,99629936697883.38,4.7159156527401136e-08,1.8425724426905884e-07,4.5706797363335906e-08,1.8249613982129378e-07,False,2.1316282072803006e-14,-1.8143472835241425e-14,1.9086047273605328e-08,1.6781353205987484e-08,2.2836308025822403,15.004035497307717,2.065095481899938e-08,1.2280512419616806e-08,419.35322962030705,tsvd,1e-14,q,Qratio-4
elasticity-2d,3,400,1604,841,7,7,2.0,12808,4.7419109893595045e-15,0.0,1.943175957163484e-07,"{""100.0"": 1.8680262987705947, ""1000.0"": 0.00041934593470765725, ""10000.0"": 1.943175957163484e-07, ""100000.0"": 2.2214383406990747e-07, ""1000000.0"": 2.2214383406990747e-07, ""inf"": 2.2214383406990747e-07}",0.1764912388367556,0.03519211925547657,400023,400031,direct,streaming_tsqr,1e-14,hu_zhang,0.3333333333333333,LS(ball),6.365080872732673e-10,2.7902486117596215e-08,1.2390028389927465,1621,2004,99994795586411.12,4.061456634591435e-08,1.898914829829996e-07,4.083267755287586e-08,1.878303132562478e-07,True,1.4210854715202004e-14,-4.801280900634808e-14,2.168729427803415e-08,1.7555910641165745e-08,2.2836308025822403,15.004035497307717,1.7785084305216494e-08,1.2656027307924805e-08,223.40138265713782,ball,10000.0,q,Qratio-4
elasticity-2d,3,400,1604,841,7,7,2.0,12808,4.7419109893595045e-15,0.0,1.7206900974412274e-07,"{""1e-05"": 0.15737763200207824, ""1e-06"": 0.012061467919413064, ""1e-08"": 0.00016630021692761303, ""1e-10"": 2.4700290009360458e-06, ""1e-12"": 1.7206900974412274e-07, ""1e-14"": 2.0800963430985986e-07}",0.1764912388367556,0.03519211925547657,400023,400031,direct,streaming_tsqr,1e-14,hu_zhang,0.3333333333333333,LS(ridge),6.966031988818828e-10,2.9535071190301336e-08,0.6329230779956561,1279,2004,994979851739.5499,4.401072151730404e-08,1.6632461869585032e-07,4.349176873409301e-08,1.6368127062710576e-07,True,3.197442310920451e-14,-1.977064345570767e-14,2.201787915469486e-08,1.9685868732301894e-08,2.2836308025822403,15.004035497307717,1.9272257786827207e-08,1.1085325592950986e-08,39.404713643992004,ridge,1e-12,q,Qratio-4
elasticity-2d,3,400,1604,841,7,7,2.0,12808,4.7419109893595045e-15,0.0,1.8058422155457704e-07,"{""1e-06"": 0.012479351310638832, ""1e-08"": 0.0002081820084417064, ""1e-10"": 1.9507362766194573e-06, ""1e-12"": 1.8058422155457704e-07, ""1e-14"": 2.2214383406990747e-07}",0.1764912388367556,0.03519211925547657,400023,400031,direct,streaming_tsqr,1e-14,hu_zhang,0.3333333333333333,LS(tsvd),8.34760557740772e-10,3.5747112170216424e-08,0.6387741370126605,1279,2004,994979851739.5499,5.16773454172529e-08,1.7298440751971787e-07,4.9559499827697995e-08,1.6925055159862195e-07,False,2.1316282072803006e-14,-2.4265311981963578e-14,2.5486097064805884e-08,2.5066210022923853e-08,2.2836308025822403,15.004035497307717,2.2629465918404228e-08,1.152919209973595e-08,41.28127842271721,tsvd,1e-12,q,Qratio-4
elasticity-2d,4,400,1604,841,7,7,2.0,12808,4.93305886333429e-15,0.0,1.473942815025592e-07,"{""100.0"": 1.8648763724076645, ""1000.0"": 0.00041390836416543614, ""10000.0"": 1.473942815025592e-07, ""100000.0"": 1.6151756859680965e-07, ""1000000.0"": 1.6151756859680965e-07, ""inf"": 1.6151756859680965e-07}",0.1764912388367556,0.03519211925547657,500023,500031,direct,streaming_tsqr,1e-14,hu_zhang,0.3333333333333333,LS(ball),6.004085149727972e-10,1.9326547060433752e-08,1.24079257104313,1633,2004,99812148211383.44,3.272013711262768e-08,1.4385010386004211e-07,3.0976914574308885e-08,1.425459117592144e-07,True,5.329070518200751e-15,-2.5228950872868694e-14,1.4501072502371156e-08,1.2776318623145545e-08,2.2836308025822403,15.004035497307717,1.4328120410544923e-08,9.587427588121489e-09,223.35189373574354,ball,10000.0,q,Qratio-4
elasticity-2d,4,400,1604,841,7,7,2.0,12808,4.93305886333429e-15,0.0,1.469582739024937e-07,"{""1e-05"": 0.1490778010963255, ""1e-06"": 0.011051189784203375, ""1e-08"": 0.00015172934803414366, ""1e-10"": 2.4995392272080737e-06, ""1e-12"": 1.469582739024937e-07, ""1e-14"": 1.534160187580474e-07}",0.1764912388367556,0.03519211925547657,500023,500031,direct,streaming_tsqr,1e-14,hu_zhang,0.3333333333333333,LS(ridge),6.159908417497371e-10,2.3108047301321588e-08,0.6034336530137807,1293,2004,995428373285.806,3.213861357105463e-08,1.4343616218995984e-07,3.2224508483193446e-08,1.415625330859276e-07,True,1.7763568394002505e-14,-6.832208410134655e-15,1.6948390019195913e-08,1.570776641783727e-08,2.2836308025822403,15.004035497307717,1.4073471742767502e-08,9.5598388990547e-09,39.68895240456986,ridge,1e-12,q,Qratio-4
elasticity-2d,4,400,1604,841,7,7,2.0,12808,4.93305886333429e-15,0.0,1.5366085469824818e-07,"{""1e-06"": 0.012116567767803274, ""1e-08"": 0.0001958571281502041, ""1e-10"": 2.107077732682311e-06, ""1e-12"": 1.5366085469824818e-07, ""1e-14"": 1.6151756859680965e-07}",0.1764912388367556,0.03519211925547657,500023,500031,direct,streaming_tsqr,1e-14,hu_zhang,0.3333333333333333,LS(tsvd),6.766595840321032e-10,2.732812870433028e-08,0.6088964590162504,1293,2004,995428373285.806,3.582990329473905e-08,1.4943828529308853e-07,3.5389424202478385e-08,1.469182578608189e-07,False,2.1316282072803006e-14,-1.5398272934508128e-14,1.910459899484259e-08,1.9540750132139243e-08,2.2836308025822403,15.004035497307717,1.5689884395596696e-08,9.959872816876722e-09,40.90282370179578,tsvd,1e-12,q,Qratio-4
elasticity-2d,5,400,1604,841,7,7,2.0,12808,4.771684426383363e-15,0.0,1.9849223911953368e-07,"{""100.0"": 1.8632207755582104, ""1000.0"": 0.0004207905227926348, ""10000.0"": 1.9849223911953368e-07, ""100000.0"": 2.1762206236964105e-07, ""1000000.0"": 2.1762206236964105e-07, ""inf"": 2.1762206236964105e-07}",0.1764912388367556,0.03519211925547657,600023,600031,direct,streaming_tsqr,1e-14,hu_zhang,0.3333333333333333,LS(ball),6.929310439808357e-10,3.115921040068415e-08,1.2314179849927314,1624,2004,99672904245759.06,3.5427070223189555e-08,1.9536488499708783e-07,3.812237414797653e-08,1.9286405029743426e-07,True,1.4210854715202004e-14,-1.0070937139783354e-14,2.329711951279192e-08,2.0691559032629535e-08,2.2836308025822403,15.004035497307717,1.551348413374439e-08,1.302082263349374e-08,223.4112564713694,ball,10000.0,q,Qratio-4
elasticity-2d,5,400,1604,841,7,7,2.0,12808,4.771684426383363e-15,0.0,1.7221130361602757e-07,"{""1e-05"": 0.1573725767894452, ""1e-06"": 0.011789695917687327, ""1e-08"": 0.00016534030294049966, ""1e-10"": 2.783528937470085e-06, ""1e-12"": 1.7221130361602757e-07, ""1e-14"": 2.1386881989311212e-07}",0.1764912388367556,0.03519211925547657,600023,600031,direct,streaming_tsqr,1e-14,hu_zhang,0.3333333333333333,LS(ridge),6.373609152225145e-10,2.996234888451203e-08,0.6115905559854582,1286,2004,996264449987.3477,3.4510775350207415e-08,1.6877409350607248e-07,3.7262714788863835e-08,1.660932036180869e-07,True,2.4868995751603507e-14,1.9815746266083067e-14,2.278488052262005e-08,1.9457429692720175e-08,2.2836308025822403,15.004035497307717,1.5112239382646257e-08,1.1248579992786397e-08,39.723847772411375,ridge,1e-12,q,Qratio-4
elasticity-2d,5,400,1604,841,7,7,2.0,12808,4.771684426383363e-15,0.0,1.7641658642828987e-07,"{""1e-06"": 0.012223769153529993, ""1e-08"": 0.00020393502032225726, ""1e-10"": 2.262643376178629e-06, ""1e-12"": 1.7641658642828987e-07, ""1e-14"": 2.1762206236964105e-07}",0.1764912388367556,0.03519211925547657,600023,600031,direct,streaming_tsqr,1e-14,hu_zhang,0.3333333333333333,LS(tsvd),7.485350963343885e-10,3.727367848902035e-08,0.6175644739996642,1286,2004,996264449987.3477,4.157472979932058e-08,1.715229445673841e-07,4.357067659346295e-08,1.674239929190648e-07,False,3.907985046680551e-14,1.836378271669048e-14,2.7101240655859632e-08,2.5590034447339835e-08,2.2836308025822403,15.004035497307717,1.820553907063677e-08,1.1431787441329482e-08,40.99895716118638,tsvd,1e-12,q,Qratio-4
elasticity-2d,6,400,1604,841,7,7,2.0,12808,5.190098704487989e-15,0.0,1.741751504668521e-07,"{""100.0"": 1.8637377848879297, ""1000.0"": 0.0004132200002222352, ""10000.0"": 1.741751504668521e-07, ""100000.0"": 1.915640543522244e-07, ""1000000.0"": 1.915640543522244e-07, ""inf"": 1.915640543522244e-07}",0.1764912388367556,0.03519211925547657,700023,700031,direct,streaming_tsqr,1e-14,hu_zhang,0.3333333333333333,LS(ball),7.341431590207092e-10,1.6829002669090964e-08,1.239116593991639,1627,2004,99249725685094.22,3.483930328188401e-08,1.7042824111441776e-07,3.2378020889633814e-08,1.6959531254877843e-07,True,2.842170943040401e-14,-3.1319564997023264e-14,1.2344573252399255e-08,1.1437956200843736e-08,2.2836308025822403,15.004035497307717,1.5256101486496454e-08,1.135882683995242e-08,223.40150293146976,ball,10000.0,q,Qratio-4
elasticity-2d,6,400,1604,841,7,7,2.0,12808,5.190098704487989e-15,0.0,1.665340985211436e-07,"{""1e-05"": 0.15599881280017489, ""1e-06"": 0.01147175916158311, ""1e-08"": 0.00015539029652873477, ""1e-10"": 2.6824866481349044e-06, ""1e-12"": 1.665340985211436e-07, ""1e-14"": 1.9532536999660843e-07}",0.1764912388367556,0.03519211925547657,700023,700031,direct,streaming_tsqr,1e-14,hu_zhang,0.3333333333333333,LS(ridge),6.617323464938644e-10,2.3303309159792365e-08,0.6003127720032353,1284,2004,994069466189.0212,3.3464215286319464e-08,1.6312723387060527e-07,3.270387844237294e-08,1.6145417372269534e-07,True,1.0658141036401503e-14,-3.886647947926036e-15,1.6539801143689614e-08,1.6415821512311423e-08,2.2836308025822403,15.004035497307717,1.4653951614455121e-08,1.0872223936012173e-08,38.74762611399035,ridge,1e-12,q,Qratio-4
elasticity-2d,6,400,1604,841,7,7,2.0,12808,5.190098704487989e-15,0.0,1.7021461540231103e-07,"{""1e-06"": 0.011932353361657058, ""1e-08"": 0.00019065782703321093, ""1e-10"": 2.407569579134444e-06, ""1e-12"": 1.7021461540231103e-07, ""1e-14"": 1.915640543522244e-07}",0.1764912388367556,0.03519211925547657,700023,700031,direct,streaming_tsqr,1e-14,hu_zhang,0.3333333333333333,LS(tsvd),7.034652674499155e-10,2.70217306789818e-08,0.6052686340117361,1284,2004,994069466189.0212,3.716624014555994e-08,1.6610414821728033e-07,3.567332226095347e-08,1.6389147057153647e-07,False,4.973799150320701e-14,2.460705250673101e-15,1.814339124312007e-08,2.002476674237431e-08,2.2836308025822403,15.004035497307717,1.6275065174078846e-08,1.1070631514240659e-08,39.799672937428916,tsvd,1e-12,q,Qratio-4
elasticity-2d,7,400,1604,841,7,7,2.0,12808,4.356599994622808e-15,0.0,1.5149332251385852e-07,"{""100.0"": 1.8778995099094207, ""1000.0"": 0.00040789578813205476, ""10000.0"": 1.5149332251385852e-07, ""100000.0"": 1.9921534163519148e-07, ""1000000.0"": 1.9921534163519148e-07, ""inf"": 1.9921534163519148e-07}",0.1764912388367556,0.03519211925547657,800023,800031,direct,streaming_tsqr,1e-14,hu_zhang,0.3333333333333333,LS(ball),6.076075903781604e-10,1.629042096186202e-08,1.218660432001343,1645,2004,99688883830527.4,3.1103374981976444e-08,1.4826321353800098e-07,2.933643736631133e-08,1.473655409975487e-07,True,1.7763568394002505e-14,-6.850076061937216e-14,1.218716315506607e-08,1.0809758061421805e-08,2.2836308025822403,15.004035497307717,1.362014163883495e-08,9.881555769753073e-09,223.36009173473838,ball,10000.0,q,Qratio-4
elasticity-2d,7,400,1604,841,7,7,2.0,12808,4.356599994622808e-15,0.0,1.4680829876089867e-07,"{""1e-05"": 0.14227636757065878, ""1e-06"": 0.011358477261735762, ""1e-08"": 0.0001402443167892047, ""1e-10"": 1.6927096460267605e-06, ""1e-12"": 1.4680829876089867e-07, ""1e-14"": 1.853366814248949e-07}",0.1764912388367556,0.03519211925547657,800023,800031,direct,streaming_tsqr,1e-14,hu_zhang,0.3333333333333333,LS(ridge),6.081388978948779e-10,1.962524254108338e-08,0.6147952069877647,1284,2004,997755244407.0773,3.172783541215621e-08,1.4336127378599895e-07,3.0294222858744095e-08,1.420116357090073e-07,True,0.0,-1.5447712553573467e-15,1.3918099919844587e-08,1.3836063002804335e-08,2.2836308025822403,15.004035497307717,1.3893592333874466e-08,9.554847681593616e-09,39.47729859351504,ridge,1e-12,q,Qratio-4
elasticity-2d,7,400,1604,841,7,7,2.0,12808,4.356599994622808e-15,0.0,1.5649053216989627e-07,"{""1e-06"": 0.012057964418564037, ""1e-08"": 0.00016921735701137352, ""1e-10"": 1.5494486975642524e-06, ""1e-12"": 1.5649053216989627e-07, ""1e-14"": 1.9921534163519148e-07}",0.1764912388367556,0.03519211925547657,800023,800031,direct,streaming_tsqr,1e-14,hu_zhang,0.3333333333333333,LS(tsvd),7.221545279804521e-10,2.3612451801693287e-08,0.6208999929949641,1284,2004,997755244407.0773,3.4548635079397275e-08,1.526129157457533e-07,3.2522163348729216e-08,1.5077517757354195e-07,False,2.1316282072803006e-14,-2.160684825502912e-14,1.5951024422969604e-08,1.741013210590649e-08,2.2836308025822403,15.004035497307717,1.5128818126087208e-08,1.0171457923645791e-08,41.35603159566293,tsvd,1e-12,q,Qratio-4
elasticity-2d,8,400,1604,841,7,7,2.0,12808,3.962126842458688e-15,0.0,2.4636804800662323e-07,"{""100.0"": 1.8666997540950008, ""1000.0"": 0.00043879648571072054, ""10000.0"": 2.4636804800662323e-07, ""100000.0"": 2.864284461544166e-07, ""1000000.0"": 2.864284461544166e-07, ""inf"": 2.864284461544166e-07}",0.1764912388367556,0.03519211925547657,900023,900031,direct,streaming_tsqr,1e-14,hu_zhang,0.3333333333333333,LS(ball),9.18567016382618e-10,2.7647551290933725e-08,1.2723980500013568,1620,2004,99157104276661.88,5.2760263598107e-08,2.4063675501786466e-07,4.863469560677527e-08,2.390432194669889e-07,True,2.842170943040401e-14,-5.4425214335296346e-14,2.0397855055741027e-08,1.8663188406855653e-08,2.2836308025822403,15.004035497307717,2.3103674875311614e-08,1.603813554433698e-08,223.38964130151086,ball,10000.0,q,Qratio-4
elasticity-2d,8,400,1604,841,7,7,2.0,12808,3.962126842458688e-15,0.0,2.3479558755164002e-07,"{""1e-05"": 0.16252426771994904, ""1e-06"": 0.012149686465471269, ""1e-08"": 0.00018060896384977047, ""1e-10"": 3.4029043306668893e-06, ""1e-12"": 2.3479558755164002e-07, ""1e-14"": 3.163585404476041e-07}",0.1764912388367556,0.03519211925547657,900023,900031,direct,streaming_tsqr,1e-14,hu_zhang,0.3333333333333333,LS(ridge),8.235161755770771e-10,3.005792164190413e-08,0.6155715110071469,1282,2004,995131326416.5331,4.49246052584609e-08,2.3049727168804773e-07,4.330283670878495e-08,2.2852902135659454e-07,True,2.842170943040401e-14,6.2727600891321345e-15,2.3321649469423918e-08,1.8962576814773025e-08,2.2836308025822403,15.004035497307717,1.9672446705335167e-08,1.536235179724865e-08,38.987558950219686,ridge,1e-12,q,Qratio-4
elasticity-2d,8,400,1604,841,7,7,2.0,12808,3.962126842458688e-15,0.0,2.491617672922338e-07,"{""1e-06"": 0.01247988086971953, ""1e-08"": 0.00020609597887959552, ""1e-10"": 2.8887965243814383e-06, ""1e-12"": 2.491617672922338e-07, ""1e-14"": 2.864284461544166e-07}",0.1764912388367556,0.03519211925547657,900023,900031,direct,streaming_tsqr,1e-14,hu_zhang,0.3333333333333333,LS(tsvd),1.1391323913577885e-09,4.9996669484214085e-08,0.6214938050252385,1282,2004,995131326416.5331,5.887001485762568e-08,2.421584176758526e-07,5.803388194142189e-08,2.3694098904950772e-07,False,3.552713678800501e-14,-1.602711019454972e-14,3.3985594829773354e-08,3.666941918793133e-08,2.2836308025822403,15.004035497307717,2.5779129792371767e-08,1.613955243702968e-08,40.787111749184,tsvd,1e-12,q,Qratio-4
elasticity-2d,9,400,1604,841,7,7,2.0,12808,4.24060760237885e-15,0.0,1.5338961264851245e-07,"{""100.0"": 1.8716427383921437, ""1000.0"": 0.00042131464688306605, ""10000.0"": 1.5338961264851245e-07, ""100000.0"": 1.5821502620778865e-07, ""1000000.0"": 1.5821502620778865e-07, ""inf"": 1.5821502620778865e-07}",0.1764912388367556,0.03519211925547657,1000023,1000031,direct,streaming_tsqr,1e-14,hu_zhang,0.3333333333333333,LS(ball),6.770671921123998e-10,1.992935653743767e-08,1.3161644439969677,1637,2004,94430887454814.06,3.3303109407738826e-08,1.4977198896713288e-07,3.1204204932339056e-08,1.4844012067892786e-07,True,1.7763568394002505e-15,-1.3634926521177704e-15,1.4838898175619318e-08,1.33036217974622e-08,2.2836308025822403,15.004035497307717,1.4583403486273252e-08,9.982113744932659e-09,223.41242716297046,ball,10000.0,q,Qratio-4
elasticity-2d,9,400,1604,841,7,7,2.0,12808,4.24060760237885e-15,0.0,1.550976500296061e-07,"{""1e-05"": 0.14770345280096422, ""1e-06"": 0.011358260242204307, ""1e-08"": 0.0001496382282391561, ""1e-10"": 2.7943177543496123e-06, ""1e-12"": 1.5994259565990916e-07, ""1e-14"": 1.550976500296061e-07}",0.1764912388367556,0.03519211925547657,1000023,1000031,direct,streaming_tsqr,1e-14,hu_zhang,0.3333333333333333,LS(ridge),7.172578425827194e-10,2.5723015863972153e-08,0.6661309019837063,1637,2004,94430887454814.06,3.507261590196584e-08,1.5116042450948345e-07,3.356438083427111e-08,1.489556994302302e-07,True,1.4210854715202004e-14,-3.2399430360818826e-14,1.763434196847571e-08,1.872708008411934e-08,2.2836308025822403,15.004035497307717,1.535826888580549e-08,1.007465121877426e-08,518.5293299414749,ridge,1e-14,q,Qratio-4
elasticity-2d,9,400,1604,841,7,7,2.0,12808,4.24060760237885e-15,0.0,1.5821502620778865e-07,"{""1e-06"": 0.012168550880978775, ""1e-08"": 0.00019735765142092531, ""1e-10"": 2.3575543269123847e-06, ""1e-12"": 1.6737107536068837e-07, ""1e-14"": 1.5821502620778865e-07}",0.1764912388367556,0.03519211925547657,1000023,1000031,direct,streaming_tsqr,1e-14,hu_zhang,0.3333333333333333,LS(tsvd),7.555531738142436e-10,2.691875010336376e-08,0.6725844760076143,1637,2004,94430887454814.06,3.727536004401611e-08,1.5383747980454132e-07,3.5749654441962364e-08,1.514640257139804e-07,False,2.842170943040401e-14,-3.429461575832349e-14,1.8636678991272643e-08,1.9424039314818203e-08,2.2836308025822403,15.004035497307717,1.6322848685464653e-08,1.0253073570250184e-08,562.5150829914189,tsvd,1e-14,q,Qratio-4
elasticity-2d,0,400,3208,841,7,7,2.0,12808,3.925743140037659e-15,0.0,1.2512946463548033e-07,"{""100.0"": 1.8589838557448952, ""1000.0"": 0.0004072120699171296, ""10000.0"": 1.2512946463548033e-07, ""100000.0"": 1.3023357790209517e-07, ""1000000.0"": 1.3023357790209517e-07, ""inf"": 1.3023357790209517e-07}",0.1764912388367556,0.03519211925547657,100023,100031,direct,streaming_tsqr,1e-14,hu_zhang,0.3333333333333333,LS(ball),4.5566063808200413e-10,8.246713710732418e-09,1.9392651719972491,1661,2004,98414405776335.64,2.5165740467668127e-08,1.2259215295637737e-07,2.263737601870344e-08,1.2231446226613206e-07,True,1.4210854715202004e-14,-2.673122140306461e-14,5.917262458971113e-09,5.744065809027015e-09,2.2836308025822403,15.004035497307717,1.1020056499155508e-08,8.170612031568105e-09,223.37938341828703,ball,10000.0,q,Qratio-8
elasticity-2d,0,400,3208,841,7,7,2.0,12808,3.925743140037659e-15,0.0,1.273808799515417e-07,"{""1e-05"": 0.1474790124431643, ""1e-06"": 0.011046346210827012, ""1e-08"": 0.00014239797746201888, ""1e-10"": 2.0538737008971225e-06, ""1e-12"": 1.3493202413252089e-07, ""1e-14"": 1.273808799515417e-07}",0.1764912388367556,0.03519211925547657,100023,100031,direct,streaming_tsqr,1e-14,hu_zhang,0.3333333333333333,LS(ridge),4.547997363105453e-10,8.470711126397122e-09,1.2856706739985384,1661,2004,98414405776335.64,2.5832709119324026e-08,1.2471407505149317e-07,2.3131517259989705e-08,1.244260727056938e-07,True,4.263256414560601e-14,-3.2161773244610004e-14,6.270736848028685e-09,5.694805209104459e-09,2.2836308025822403,15.004035497307717,1.1312121508482638e-08,8.312035456985657e-09,511.45983179922473,ridge,1e-14,q,Qratio-8
elasticity-2d,0,400,3208,841,7,7,2.0,12808,3.925743140037659e-15,0.0,1.3023357790209517e-07,"{""1e-06"": 0.011897955328249188, ""1e-08"": 0.00016403086608119354, ""1e-10"": 1.8705741815618937e-06, ""1e-12"": 1.4003977452910334e-07, ""1e-14"": 1.3023357790209517e-07}",0.1764912388367556,0.03519211925547657,100023,100031,direct,streaming_tsqr,1e-14,hu_zhang,0.3333333333333333,LS(tsvd),4.551889281714135e-10,8.958580850533317e-09,1.2926944840000942,1661,2004,98414405776335.64,2.615279886240237e-08,1.2761625630019033e-07,2.349134687237466e-08,1.273014245844104e-07,False,4.263256414560601e-14,-1.2855168318726129e-14,6.6708078444121615e-09,5.979673365533558e-09,2.2836308025822403,15.004035497307717,1.1452288536671431e-08,8.50546216870051e-09,583.3363120535314,tsvd,1e-14,q,Qratio-8
elasticity-2d,1,400,3208,841,7,7,2.0,12808,5.210665604783716e-15,0.0,1.2623111904793274e-07,"{""100.0"": 1.8690918781543502, ""1000.0"": 0.000404874887677448, ""10000.0"": 1.2623111904793274e-07, ""100000.0"": 1.4899146796917474e-07, ""1000000.0"": 1.4899146796917474e-07, ""inf"": 1.4899146796917474e-07}",0.1764912388367556,0.03519211925547657,200023,200031,direct,streaming_tsqr,1e-14,hu_zhang,0.3333333333333333,LS(ball),4.810389914756721e-10,1.1250510808708937e-08,1.9768651869962923,1652,2004,99452731238574.06,2.9797191054987946e-08,1.226650795705099e-07,2.6186737697881867e-08,1.221480566877044e-07,True,3.552713678800501e-14,-8.018759267702791e-15,7.399528546098298e-09,8.474725408669771e-09,2.2836308025822403,15.004035497307717,1.3048164800235857e-08,8.175472498216935e-09,223.3527420979004,ball,10000.0,q,Qratio-8
elasticity-2d,1,400,3208,841,7,7,2.0,12808,5.210665604783716e-15,0.0,1.339965481006611e-07,"{""1e-05"": 0.1570563364673478, ""1e-06"": 0.011330056804237276, ""1e-08"": 0.0001571807711643212, ""1e-10"": 2.3527015092352094e-06, ""1e-12"": 1.339965481006611e-07, ""1e-14"": 1.471427837901493e-07}",0.1764912388367556,0.03519211925547657,200023,200031,direct,streaming_tsqr,1e-14,hu_zhang,0.3333333333333333,LS(ridge),4.746341470581543e-10,2.1146581439757926e-08,1.3454967309953645,1300,2004,999076620402.0298,2.7255834985223202e-08,1.3125532470478655e-07,2.8389655391933213e-08,1.2954065908729444e-07,True,2.842170943040401e-14,-2.6270652320192767e-14,1.5433400749112678e-08,1.4456418917062504e-08,2.2836308025822403,15.004035497307717,1.1935307123377111e-08,8.748001477891641e-09,39.317292954168785,ridge,1e-12,q,Qratio-8
elasticity-2d,1,400,3208,841,7,7,2.0,12808,5.210665604783716e-15,0.0,1.3949675641800084e-07,"{""1e-06"": 0.011865785864422475, ""1e-08"": 0.00018891015913538123, ""1e-10"": 1.9657491397812953e-06, ""1e-12"": 1.3949675641800084e-07, ""1e-14"": 1.4899146796917474e-07}",0.1764912388367556,0.03519211925547657,200023,200031,direct,streaming_tsqr,1e-14,hu_zhang,0.3333333333333333,LS(tsvd),5.402280667839226e-10,2.5983887734473803e-08,1.3517132030101493,1300,2004,999076620402.0298,3.218603323681121e-08,1.3579069561713082e-07,3.3387516751284415e-08,1.332814713093554e-07,False,1.4210854715202004e-14,2.8796409701215e-16,1.8697012326867145e-08,1.804395056096963e-08,2.2836308025822403,15.004035497307717,1.4094236774357967e-08,9.050278216250336e-09,41.03753170977122,tsvd,1e-12,q,Qratio-8
elasticity-2d,2,400,3208,841,7,7,2.0,12808,3.860170997816622e-15,0.0,1.3113066236639705e-07,"{""100.0"": 1.8574113646518176, ""1000.0"": 0.00041930083662207023, ""10000.0"": 1.3113066236639705e-07, ""100000.0"": 1.3410231746237043e-07, ""1000000.0"": 1.3410231746237043e-07, ""inf"": 1.3410231746237043e-07}",0.1764912388367556,0.03519211925547657,300023,300031,direct,streaming_tsqr,1e-14,hu_zhang,0.3333333333333333,LS(ball),4.906992923209505e-10,1.4206503644206812e-08,1.8913908470130991,1649,2004,99952687881777.05,3.5148438269668283e-08,1.263500770829902e-07,3.188422528192398e-08,1.2554886392590218e-07,True,1.0658141036401503e-14,-4.392493313520873e-14,9.025132640304943e-09,1.097140495186299e-08,2.2836308025822403,15.004035497307717,1.5391471436592905e-08,8.421072924391715e-09,223.41615275320626,ball,10000.0,q,Qratio-8
elasticity-2d,2,400,3208,841,7,7,2.0,12808,3.860170997816622e-15,0.0,1.3299658986893407e-07,"{""1e-05"": 0.1527288859346271, ""1e-06"": 0.011279419970071194, ""1e-08"": 0.00015483361312901636, ""1e-10"": 2.233111283117083e-06, ""1e-12"": 1.3714993607519004e-07, ""1e-14"": 1.3299658986893407e-07}",0.1764912388367556,0.03519211925547657,300023,300031,direct,streaming_tsqr,1e-14,hu_zhang,0.3333333333333333,LS(ridge),4.9270260044294e-10,1.5819809953190717e-08,1.2583936839946546,1649,2004,99952687881777.05,3.448813300669503e-08,1.2845594689990526e-07,3.1761790701027274e-08,1.2747809187070618e-07,True,0.0,-1.0768122504778432e-13,1.0357215620526762e-08,1.1958029584550645e-08,2.2836308025822403,15.004035497307717,1.5102324319542897e-08,8.561426485758117e-09,424.6258337934638,ridge,1e-14,q,Qratio-8
elasticity-2d,2,400,3208,841,7,7,2.0,12808,3.860170997816622e-15,0.0,1.3410231746237043e-07,"{""1e-06"": 0.012127273411237255, ""1e-08"": 0.00019519195818635618, ""1e-10"": 1.9205527120266767e-06, ""1e-12"": 1.4488195370890652e-07, ""1e-14"": 1.3410231746237043e-07}",0.1764912388367556,0.03519211925547657,300023,300031,direct,streaming_tsqr,1e-14,hu_zhang,0.3333333333333333,LS(tsvd),5.048314813155714e-10,1.666149134916527e-08,1.26568998300354,1649,2004,99952687881777.05,3.705347675344492e-08,1.2887975667017929e-07,3.407985707340478e-08,1.2779822528261616e-07,False,1.4210854715202004e-14,-5.145536774442405e-14,1.1024532331840737e-08,1.2492597041548543e-08,2.2836308025822403,15.004035497307717,1.6225686179896638e-08,8.589672871228884e-09,416.39860457252655,tsvd,1e-14,q,Qratio-8
elasticity-2d,3,400,3208,841,7,7,2.0,12808,4.7419109893595045e-15,0.0,1.3363666943336806e-07,"{""100.0"": 1.8611176067592685, ""1000.0"": 0.00040353813561913246, ""10000.0"": 1.3363666943336806e-07, ""100000.0"": 1.4781548954417023e-07, ""1000000.0"": 1.4781548954417023e-07, ""inf"": 1.4781548954417023e-07}",0.1764912388367556,0.03519211925547657,400023,400031,direct,streaming_tsqr,1e-14,hu_zhang,0.3333333333333333,LS(ball),5.03977078146758e-10,1.0978760561148736e-08,1.858943638013443,1650,2004,98076331814396.45,3.039986294545973e-08,1.3005364583056003e-07,2.7099879583052488e-08,1.295894193611566e-07,True,3.552713678800501e-15,-1.7216263137331822e-14,8.213781278456589e-09,7.284708681114913e-09,2.2836308025822403,15.004035497307717,1.331207431213695e-08,8.667911099910188e-09,223.39684249875108,ball,10000.0,q,Qratio-8
elasticity-2d,3,400,3208,841,7,7,2.0,12808,4.7419109893595045e-15,0.0,1.3730934713401717e-07,"{""1e-05"": 0.15253938023477523, ""1e-06"": 0.011427401166566728, ""1e-08"": 0.00014546457702697502, ""1e-10"": 1.7927188981824583e-06, ""1e-12"": 1.3730934713401717e-07, ""1e-14"": 1.411144907400678e-07}",0.1764912388367556,0.03519211925547657,400023,400031,direct,streaming_tsqr,1e-14,hu_zhang,0.3333333333333333,LS(ridge),5.539244999784105e-10,1.8444265379246222e-08,1.243996035977034,1293,2004,993397096551.7755,3.115163315704389e-08,1.337618777202874e-07,3.0004007253556475e-08,1.3248414624353006e-07,True,2.1316282072803006e-14,-5.854691731421724e-15,1.37011812644184e-08,1.234781589349351e-08,2.2836308025822403,15.004035497307717,1.364127385294455e-08,8.915060067959e-09,39.549369893914815,ridge,1e-12,q,Qratio-8
elasticity-2d,3,400,3208,841,7,7,2.0,12808,4.7419109893595045e-15,0.0,1.399011444516549e-07,"{""1e-06"": 0.011939728571569618, ""1e-08"": 0.00018685274066057122, ""1e-10"": 1.5486896951626012e-06, ""1e-12"": 1.399011444516549e-07, ""1e-14"": 1.4781548954417023e-07}",0.1764912388367556,0.03519211925547657,400023,400031,direct,streaming_tsqr,1e-14,hu_zhang,0.3333333333333333,LS(tsvd),5.846612253226692e-10,2.354225699688706e-08,1.2499441920081154,1293,2004,993397096551.7755,3.1060346278727156e-08,1.364298517112782e-07,3.0973486797274194e-08,1.343832823436527e-07,False,7.105427357601002e-15,-1.2190769227427012e-14,1.669233609371325e-08,1.6601318629614806e-08,2.2836308025822403,15.004035497307717,1.3601299406018404e-08,9.092877161998105e-09,41.70881825571629,tsvd,1e-12,q,Qratio-8
elasticity-2d,4,400,3208,841,7,7,2.0,12808,4.93305886333429e-15,0.0,1.2418932589132035e-07,"{""100.0"": 1.8641141039493552, ""1000.0"": 0.0004066552201737628, ""10000.0"": 1.2418932589132035e-07, ""100000.0"": 1.327533172325913e-07, ""1000000.0"": 1.327533172325913e-07, ""inf"": 1.327533172325913e-07}",0.1764912388367556,0.03519211925547657,500023,500031,direct,streaming_tsqr,1e-14,hu_zhang,0.3333333333333333,LS(ball),4.768041880254082e-10,9.704707496672879e-09,1.936879955988843,1660,2004,99789798248570.5,2.6875301347314366e-08,1.2131119211419878e-07,2.4007795228951454e-08,1.209223882685587e-07,True,5.3290705182007514e-14,-1.2420620087993939e-14,6.946430649210861e-09,6.7770531082235695e-09,2.2836308025822403,15.004035497307717,1.1768671764684917e-08,8.085237610639254e-09,223.35583887643386,ball,10000.0,q,Qratio-8
elasticity-2d,4,400,3208,841,7,7,2.0,12808,4.93305886333429e-15,0.0,1.272754360528033e-07,"{""1e-05"": 0.14967851310652303, ""1e-06"": 0.010970623065750156, ""1e-08"": 0.00014550308524190233, ""1e-10"": 1.934047451799207e-06, ""1e-12"": 1.343538284396865e-07, ""1e-14"": 1.272754360528033e-07}",0.1764912388367556,0.03519211925547657,500023,500031,direct,streaming_tsqr,1e-14,hu_zhang,0.3333333333333333,LS(ridge),4.725749604360329e-10,9.845107048739708e-09,1.3025483620003797,1660,2004,99789798248570.5,2.7233254966163265e-08,1.243898749026251e-07,2.4241720879715568e-08,1.2399965663456322e-07,True,5.684341886080802e-14,-4.555730792610291e-14,7.028862333288243e-09,6.893564179785812e-09,2.2836308025822403,15.004035497307717,1.1925419352098845e-08,8.29042792686976e-09,498.93869090322374,ridge,1e-14,q,Qratio-8
elasticity-2d,4,400,3208,841,7,7,2.0,12808,4.93305886333429e-15,0.0,1.327533172325913e-07,"{""1e-06"": 0.011831392767697764, ""1e-08"": 0.00018305374512610646, ""1e-10"": 1.7458420494738601e-06, ""1e-12"": 1.386223230507832e-07, ""1e-14"": 1.327533172325913e-07}",0.1764912388367556,0.03519211925547657,500023,500031,direct,streaming_tsqr,1e-14,hu_zhang,0.3333333333333333,LS(tsvd),4.74629415230947e-10,1.0932594402821335e-08,1.3111401569913141,1660,2004,99789798248570.5,2.8164513318084507e-08,1.2980256544427034e-07,2.5128584697690837e-08,1.2934134828250975e-07,False,1.1368683772161603e-13,-1.3784980101849698e-14,7.838692567850371e-09,7.62079518182504e-09,2.2836308025822403,15.004035497307717,1.2333216597988247e-08,8.651176909542886e-09,503.62561574422335,tsvd,1e-14,q,Qratio-8
elasticity-2d,5,400,3208,841,7,7,2.0,12808,4.771684426383363e-15,0.0,1.2665876770898698e-07,"{""100.0"": 1.8614917313696417, ""1000.0"": 0.00040871997864150306, ""10000.0"": 1.2665876770898698e-07, ""100000.0"": 1.3029099498440392e-07, ""1000000.0"": 1.3029099498440392e-07, ""inf"": 1.3029099498440392e-07}",0.1764912388367556,0.03519211925547657,600023,600031,direct,streaming_tsqr,1e-14,hu_zhang,0.3333333333333333,LS(ball),4.3303340586424867e-10,8.965655052206538e-09,1.9139772709750105,1646,2004,99772385166627.6,2.4803708025694454e-08,1.243035141173073e-07,2.2314389312967936e-08,1.2397975903911275e-07,True,2.4868995751603507e-14,-2.8612529012761456e-14,7.043374012653504e-09,5.547418591834757e-09,2.2836308025822403,15.004035497307717,1.0861522798539674e-08,8.284672089692935e-09,223.39156758266273,ball,10000.0,q,Qratio-8
elasticity-2d,5,400,3208,841,7,7,2.0,12808,4.771684426383363e-15,0.0,1.3316620610953012e-07,"{""1e-05"": 0.15748459641711554, ""1e-06"": 0.011267727199648, ""1e-08"": 0.0001461053924960645, ""1e-10"": 2.037620619333559e-06, ""1e-12"": 1.3590350881419699e-07, ""1e-14"": 1.3316620610953012e-07}",0.1764912388367556,0.03519211925547657,600023,600031,direct,streaming_tsqr,1e-14,hu_zhang,0.3333333333333333,LS(ridge),4.3892445554479616e-10,9.36081481653761e-09,1.2769345229608007,1646,2004,99772385166627.6,2.617396300481671e-08,1.3079357613670733e-07,2.3534707970069695e-08,1.30458172241524e-07,True,7.105427357601002e-14,-7.368237964211488e-15,7.407130015095774e-09,5.723572220997767e-09,2.2836308025822403,15.004035497307717,1.1461556296762252e-08,8.717226519503808e-09,487.1624808831049,ridge,1e-14,q,Qratio-8
elasticity-2d,5,400,3208,841,7,7,2.0,12808,4.771684426383363e-15,0.0,1.3029099498440392e-07,"{""1e-06"": 0.01203048641067939, ""1e-08"": 0.00018900252108323425, ""1e-10"": 1.757502725353461e-06, ""1e-12"": 1.4174739693919266e-07, ""1e-14"": 1.3029099498440392e-07}",0.1764912388367556,0.03519211925547657,600023,600031,direct,streaming_tsqr,1e-14,hu_zhang,0.3333333333333333,LS(tsvd),4.486862663031751e-10,1.0449636057138208e-08,1.2871180739894044,1646,2004,99772385166627.6,2.812348788201529e-08,1.2734644382040845e-07,2.531273893201377e-08,1.269169880669164e-07,False,1.0658141036401503e-14,-1.2695573758936263e-14,8.291885464043131e-09,6.359208219411688e-09,2.2836308025822403,15.004035497307717,1.2315251594178161e-08,8.487479507980313e-09,435.5037093195953,tsvd,1e-14,q,Qratio-8
elasticity-2d,6,400,3208,841,7,7,2.0,12808,5.190098704487989e-15,0.0,1.2914863112768222e-07,"{""100.0"": 1.8615080715014538, ""1000.0"": 0.0003997325115460795, ""10000.0"": 1.2914863112768222e-07, ""100000.0"": 1.363457905417293e-07, ""1000000.0"": 1.363457905417293e-07, ""inf"": 1.363457905417293e-07}",0.1764912388367556,0.03519211925547657,700023,700031,direct,streaming_tsqr,1e-14,hu_zhang,0.3333333333333333,LS(ball),4.787698317145587e-10,7.894211787849733e-09,1.9479983119817916,1654,2004,98081365619373.6,2.6160597605730015e-08,1.2641962808340812e-07,2.2993167816734698e-08,1.261729122474226e-07,True,7.105427357601002e-15,-5.4566594298588456e-14,5.844601617461401e-09,5.306525387161854e-09,2.2836308025822403,15.004035497307717,1.1455703599788826e-08,8.425708410653421e-09,223.39541961420423,ball,10000.0,q,Qratio-8
elasticity-2d,6,400,3208,841,7,7,2.0,12808,5.190098704487989e-15,0.0,1.3196599070024965e-07,"{""1e-05"": 0.1496434806862353, ""1e-06"": 0.01100022904987583, ""1e-08"": 0.00013806538363200037, ""1e-10"": 1.5484128880980538e-06, ""1e-12"": 1.3196599070024965e-07, ""1e-14"": 1.3595477888385418e-07}",0.1764912388367556,0.03519211925547657,700023,700031,direct,streaming_tsqr,1e-14,hu_zhang,0.3333333333333333,LS(ridge),4.854697068134449e-10,1.4169988769056725e-08,1.2692894249921665,1299,2004,995327885225.273,2.7400323056179706e-08,1.2911220303360494e-07,2.5477304571119345e-08,1.283322733784282e-07,True,3.907985046680551e-14,-2.922488639978127e-14,9.915565604601705e-09,1.0122753600480125e-08,2.2836308025822403,15.004035497307717,1.1998578327633562e-08,8.60516512752669e-09,39.34769517219211,ridge,1e-12,q,Qratio-8
elasticity-2d,6,400,3208,841,7,7,2.0,12808,5.190098704487989e-15,0.0,1.363457905417293e-07,"{""1e-06"": 0.01179643696129129, ""1e-08"": 0.00016223066690965472, ""1e-10"": 1.501769384448201e-06, ""1e-12"": 1.3696556310978017e-07, ""1e-14"": 1.363457905417293e-07}",0.1764912388367556,0.03519211925547657,700023,700031,direct,streaming_tsqr,1e-14,hu_zhang,0.3333333333333333,LS(tsvd),4.917430166631436e-10,8.857791233790181e-09,1.2779623300011735,1654,2004,98081365619373.6,2.7691822490296747e-08,1.3347726585330349e-07,2.42232304400496e-08,1.3318303208041198e-07,False,0.0,-8.51471670948456e-14,6.500239089985702e-09,6.017254965051091e-09,2.2836308025822403,15.004035497307717,1.2126225683671774e-08,8.896091046788998e-09,409.53004527866216,tsvd,1e-14,q,Qratio-8
elasticity-2d,7,400,3208,841,7,7,2.0,12808,4.356599994622808e-15,0.0,1.2558085567555186e-07,"{""100.0"": 1.8719559423961265, ""1000.0"": 0.0003980813475475375, ""10000.0"": 1.2558085567555186e-07, ""100000.0"": 1.2970672573844885e-07, ""1000000.0"": 1.2970672573844885e-07, ""inf"": 1.2970672573844885e-07}",0.1764912388367556,0.03519211925547657,800023,800031,direct,streaming_tsqr,1e-14,hu_zhang,0.3333333333333333,LS(ball),4.6167395248641247e-10,8.359750244927013e-09,1.9534525539784227,1667,2004,99404260183396.02,2.4754810105073552e-08,1.2312545596575014e-07,2.1908619034847037e-08,1.2284133051467783e-07,True,3.197442310920451e-14,-2.920927388849748e-14,5.929289519265116e-09,5.893127349234029e-09,2.2836308025822403,15.004035497307717,1.0840110440392459e-08,8.206156003019551e-09,223.39555902405715,ball,10000.0,q,Qratio-8
elasticity-2d,7,400,3208,841,7,7,2.0,12808,4.356599994622808e-15,0.0,1.279934966243993e-07,"{""1e-05"": 0.14434633350029188, ""1e-06"": 0.011271038058122844, ""1e-08"": 0.00013538058064403868, ""1e-10"": 1.570176152151556e-06, ""1e-12"": 1.3303691771763018e-07, ""1e-14"": 1.279934966243993e-07}",0.1764912388367556,0.03519211925547657,800023,800031,direct,streaming_tsqr,1e-14,hu_zhang,0.3333333333333333,LS(ridge),4.604028066472295e-10,9.096749910852975e-09,1.2996734859771095,1667,2004,99404260183396.02,2.473592746646638e-08,1.2560411283505312e-07,2.1964103801980122e-08,1.252742683161237e-07,True,3.552713678800501e-14,-3.761314176786712e-14,6.423428658275958e-09,6.441306017621174e-09,2.2836308025822403,15.004035497307717,1.0831841748892143e-08,8.37135535020503e-09,437.2750330227615,ridge,1e-14,q,Qratio-8
elasticity-2d,7,400,3208,841,7,7,2.0,12808,4.356599994622808e-15,0.0,1.2970672573844885e-07,"{""1e-06"": 0.012026897791857949, ""1e-08"": 0.0001615545273215642, ""1e-10"": 1.4514129984090404e-06, ""1e-12"": 1.3815602096600826e-07, ""1e-14"": 1.2970672573844885e-07}",0.1764912388367556,0.03519211925547657,800023,800031,direct,streaming_tsqr,1e-14,hu_zhang,0.3333333333333333,LS(tsvd),4.6551637484234997e-10,9.282909141822547e-09,1.307863638998242,1667,2004,99404260183396.02,2.507815202247953e-08,1.2729409890459377e-07,2.2266530049131583e-08,1.2695517009479042e-07,False,1.2079226507921703e-13,-6.26712223783521e-14,6.6477802630280455e-09,6.479152699993062e-09,2.2836308025822403,15.004035497307717,1.098170159297297e-08,8.483990785508011e-09,481.04797008665884,tsvd,1e-14,q,Qratio-8
elasticity-2d,8,400,3208,841,7,7,2.0,12808,3.962126842458688e-15,0.0,1.2220595963038324e-07,"{""100.0"": 1.861187197451773, ""1000.0"": 0.0004140643920637545, ""10000.0"": 1.2220595963038324e-07, ""100000.0"": 1.3081004803847134e-07, ""1000000.0"": 1.3081004803847134e-07, ""inf"": 1.3081004803847134e-07}",0.1764912388367556,0.03519211925547657,900023,900031,direct,streaming_tsqr,1e-14,hu_zhang,0.3333333333333333,LS(ball),5.241908987033156e-10,9.204553916323715e-09,1.9577139029861428,1651,2004,98441590141743.52,2.6361461007868782e-08,1.1927840814402635e-07,2.3487170550133276e-08,1.1892272632501501e-07,True,3.552713678800501e-15,-4.492760330432333e-14,6.737677505988057e-09,6.271165332202046e-09,2.2836308025822403,15.004035497307717,1.1543661513962885e-08,7.949755128573865e-09,223.393169980901,ball,10000.0,q,Qratio-8
elasticity-2d,8,400,3208,841,7,7,2.0,12808,3.962126842458688e-15,0.0,1.2883108401359465e-07,"{""1e-05"": 0.15624824209512447, ""1e-06"": 0.011333682519683193, ""1e-08"": 0.00015150844931538287, ""1e-10"": 1.8501192628178519e-06, ""1e-12"": 1.31802969438079e-07, ""1e-14"": 1.2883108401359465e-07}",0.1764912388367556,0.03519211925547657,900023,900031,direct,streaming_tsqr,1e-14,hu_zhang,0.3333333333333333,LS(ridge),5.459062302482037e-10,1.152794684086217e-08,1.310357075999491,1651,2004,98441590141743.52,2.76846174332829e-08,1.2576407072493228e-07,2.515566996614214e-08,1.2523461153746606e-07,True,7.105427357601002e-14,-2.198762005800603e-15,8.657648224765616e-09,7.611746552661674e-09,2.2836308025822403,15.004035497307717,1.2123070595289841e-08,8.38201634137023e-09,523.5851166364921,ridge,1e-14,q,Qratio-8
elasticity-2d,8,400,3208,841,7,7,2.0,12808,3.962126842458688e-15,0.0,1.3081004803847134e-07,"{""1e-06"": 0.011957062342314131, ""1e-08"": 0.00018391578661439953, ""1e-10"": 1.5259295257129573e-06, ""1e-12"": 1.3650997199896813e-07, ""1e-14"": 1.3081004803847134e-07}",0.1764912388367556,0.03519211925547657,900023,900031,direct,streaming_tsqr,1e-14,hu_zhang,0.3333333333333333,LS(tsvd),5.544387941552585e-10,1.4647346318524184e-08,1.318130649975501,1651,2004,98441590141743.52,2.859450135031734e-08,1.2756818610082652e-07,2.6834580459224647e-08,1.2672449388685806e-07,False,0.0,-6.951297176760463e-14,1.1040137169426095e-08,9.626012957348452e-09,2.2836308025822403,15.004035497307717,1.2521507994192318e-08,8.50225835067619e-09,574.7892901451144,tsvd,1e-14,q,Qratio-8
elasticity-2d,9,400,3208,841,7,7,2.0,12808,4.24060760237885e-15,0.0,1.2555562119465417e-07,"{""100.0"": 1.8644481965410689, ""1000.0"": 0.0004023243648619203, ""10000.0"": 1.2555562119465417e-07, ""100000.0"": 1.2732337297022026e-07, ""1000000.0"": 1.2732337297022026e-07, ""inf"": 1.2732337297022026e-07}",0.1764912388367556,0.03519211925547657,1000023,1000031,direct,streaming_tsqr,1e-14,hu_zhang,0.3333333333333333,LS(ball),4.777889493602024e-10,9.219820695131119e-09,1.9125744799966924,1661,2004,99124187350390.8,2.6225695887145064e-08,1.2280384391619653e-07,2.303742212465107e-08,1.2245725371305366e-07,True,4.973799150320701e-14,-2.1494091229090628e-14,6.5240211086425885e-09,6.514771079965434e-09,2.2836308025822403,15.004035497307717,1.1484210082247127e-08,8.184720966451467e-09,223.35848330510768,ball,10000.0,q,Qratio-8
elasticity-2d,9,400,3208,841,7,7,2.0,12808,4.24060760237885e-15,0.0,1.2625439110732154e-07,"{""1e-05"": 0.14527461481496007, ""1e-06"": 0.01100170638755245, ""1e-08"": 0.0001353949757859326, ""1e-10"": 1.698539328406755e-06, ""1e-12"": 1.3441658945269781e-07, ""1e-14"": 1.2625439110732154e-07}",0.1764912388367556,0.03519211925547657,1000023,1000031,direct,streaming_tsqr,1e-14,hu_zhang,0.3333333333333333,LS(ridge),4.736965027671924e-10,9.631940519452054e-09,1.301854552992154,1661,2004,99124187350390.8,2.657198952380025e-08,1.234426408854385e-07,2.332134683044054e-08,1.2306628827831394e-07,True,4.263256414560601e-14,3.809452753245068e-15,6.7508671169461855e-09,6.870230806865008e-09,2.2836308025822403,15.004035497307717,1.1635851773304898e-08,8.227295976978242e-09,508.2098048385178,ridge,1e-14,q,Qratio-8
elasticity-2d,9,400,3208,841,7,7,2.0,12808,4.24060760237885e-15,0.0,1.2732337297022026e-07,"{""1e-06"": 0.011819571524425884, ""1e-08"": 0.00018513216746091437, ""1e-10"": 1.628889863591698e-06, ""1e-12"": 1.3965453520021632e-07, ""1e-14"": 1.2732337297022026e-07}",0.1764912388367556,0.03519211925547657,1000023,1000031,direct,streaming_tsqr,1e-14,hu_zhang,0.3333333333333333,LS(tsvd),4.83161153122304e-10,1.0437813702936285e-08,1.3109852109919302,1661,2004,99124187350390.8,2.729500441891226e-08,1.2441636295952372e-07,2.4038375981501628e-08,1.239777537188779e-07,False,1.7053025658242404e-13,-4.573511708239053e-14,7.454893908992364e-09,7.30564930056686e-09,2.2836308025822403,15.004035497307717,1.1952459385312256e-08,8.292193322379746e-09,579.4347368960375,tsvd,1e-14,q,Qratio-8
elasticity-2d,0,400,6416,841,7,7,2.0,12808,3.925743140037659e-15,0.0,1.166035555671115e-07,"{""100.0"": 1.8575116646595518, ""1000.0"": 0.0003943762886829792, ""10000.0"": 1.166035555671115e-07, ""100000.0"": 1.1696614874224105e-07, ""1000000.0"": 1.1696614874224105e-07, ""inf"": 1.1696614874224105e-07}",0.1764912388367556,0.03519211925547657,100023,100031,direct,streaming_tsqr,1e-14,hu_zhang,0.3333333333333333,LS(ball),3.945619112114652e-10,5.255704050173708e-09,3.1673634870094247,1673,2004,99346868722671.47,2.3287511048072342e-08,1.1422917834864798e-07,2.040464676723765e-08,1.141082063707261e-07,True,2.1316282072803006e-14,-4.694768879209832e-14,3.6450572960404785e-09,3.786288733257726e-09,2.2836308025822403,15.004035497307717,1.0197581422417204e-08,7.613230345205792e-09,223.40874589801248,ball,10000.0,q,Qratio-16
elasticity-2d,0,400,6416,841,7,7,2.0,12808,3.925743140037659e-15,0.0,1.1638700283289831e-07,"{""1e-05"": 0.1465675602330601, ""1e-06"": 0.010837729460907823, ""1e-08"": 0.0001280956952928835, ""1e-10"": 1.283678439252246e-06, ""1e-12"": 1.2638425468176517e-07, ""1e-14"": 1.1638700283289831e-07}",0.1764912388367556,0.03519211925547657,100023,100031,direct,streaming_tsqr,1e-14,hu_zhang,0.3333333333333333,LS(ridge),3.8944210313798906e-10,5.379585274909234e-09,2.553180085029453,1673,2004,99346868722671.47,2.3168681863406178e-08,1.1404360230778637e-07,2.024897718344336e-08,1.1391665062494823e-07,True,5.684341886080802e-14,8.707444487665583e-15,3.771861750647309e-09,3.835752424756331e-09,2.2836308025822403,15.004035497307717,1.0145546222799212e-08,7.600861936660311e-09,437.9007187343514,ridge,1e-14,q,Qratio-16
elasticity-2d,0,400,6416,841,7,7,2.0,12808,3.925743140037659e-15,0.0,1.1696614874224105e-07,"{""1e-06"": 0.011768494424599478, ""1e-08"": 0.00014856529937548607, ""1e-10"": 1.323710088177537e-06, ""1e-12"": 1.3102728654596115e-07, ""1e-14"": 1.1696614874224105e-07}",0.1764912388367556,0.03519211925547657,100023,100031,direct,streaming_tsqr,1e-14,hu_zhang,0.3333333333333333,LS(tsvd),3.9041989532260564e-10,5.764203119636885e-09,2.5622998340113554,1673,2004,99346868722671.47,2.3342970964055945e-08,1.145985879471683e-07,2.0442316095990783e-08,1.1445352909316705e-07,False,1.7053025658242404e-13,-4.8025819432417904e-15,4.07537563217626e-09,4.076438526593471e-09,2.2836308025822403,15.004035497307717,1.0221867272792357e-08,7.637851027993872e-09,459.51758359942863,tsvd,1e-14,q,Qratio-16
elasticity-2d,1,400,6416,841,7,7,2.0,12808,5.210665604783716e-15,0.0,1.1765019066252131e-07,"{""100.0"": 1.8620030504229566, ""1000.0"": 0.00039749418189920737, ""10000.0"": 1.1765019066252131e-07, ""100000.0"": 1.5014601552077232e-07, ""1000000.0"": 1.5014601552077232e-07, ""inf"": 1.5014601552077232e-07}",0.1764912388367556,0.03519211925547657,200023,200031,direct,streaming_tsqr,1e-14,hu_zhang,0.3333333333333333,LS(ball),4.109840865796774e-10,5.4511240035253405e-09,3.196449869981734,1669,2004,99060104505400.42,2.403931264629582e-08,1.1522981710848232e-07,2.1099358729427247e-08,1.1510080798131903e-07,True,3.552713678800501e-15,-4.403422071419527e-14,3.8367112784136686e-09,3.872260253121358e-09,2.2836308025822403,15.004035497307717,1.0526794707407655e-08,7.67992165368836e-09,223.34651483222365,ball,10000.0,q,Qratio-16
elasticity-2d,1,400,6416,841,7,7,2.0,12808,5.210665604783716e-15,0.0,1.2683544951527253e-07,"{""1e-05"": 0.15200831901019796, ""1e-06"": 0.011065844998694896, ""1e-08"": 0.00014024080308637542, ""1e-10"": 1.6538928570371826e-06, ""1e-12"": 1.2685425270227064e-07, ""1e-14"": 1.2683544951527253e-07}",0.1764912388367556,0.03519211925547657,200023,200031,direct,streaming_tsqr,1e-14,hu_zhang,0.3333333333333333,LS(ridge),4.1002328212841376e-10,5.3514376734762535e-09,2.554811407957459,1669,2004,99060104505400.42,2.41556388958879e-08,1.2456803967779073e-07,2.1137596172567135e-08,1.2445303782549683e-07,True,1.1368683772161603e-13,1.8837362225632148e-14,3.747247358413353e-09,3.820474107746979e-09,2.2836308025822403,15.004035497307717,1.0577733873870352e-08,8.302302383924836e-09,488.3770830668715,ridge,1e-14,q,Qratio-16
elasticity-2d,1,400,6416,841,7,7,2.0,12808,5.210665604783716e-15,0.0,1.3146088915977096e-07,"{""1e-06"": 0.011811343307694105, ""1e-08"": 0.00017645044423077335, ""1e-10"": 1.5798079412233533e-06, ""1e-12"": 1.3146088915977096e-07, ""1e-14"": 1.5014601552077232e-07}",0.1764912388367556,0.03519211925547657,200023,200031,direct,streaming_tsqr,1e-14,hu_zhang,0.3333333333333333,LS(tsvd),4.691229174697626e-10,2.1715606069838562e-08,2.56039928496466,1306,2004,990391687996.6206,2.655818615087957e-08,1.2881823534322078e-07,2.6728220542776337e-08,1.269746833426294e-07,False,3.552713678800501e-14,-2.2328493221035473e-14,1.501334136151703e-08,1.568971408735581e-08,2.2836308025822403,15.004035497307717,1.1629807287959425e-08,8.585572552553316e-09,40.94984259169054,tsvd,1e-12,q,Qratio-16
elasticity-2d,2,400,6416,841,7,7,2.0,12808,3.860170997816622e-15,0.0,1.1820212515523326e-07,"{""100.0"": 1.853539926459098, ""1000.0"": 0.00039949607614047446, ""10000.0"": 1.1820212515523326e-07, ""100000.0"": 1.186023690195516e-07, ""1000000.0"": 1.186023690195516e-07, ""inf"": 1.186023690195516e-07}",0.1764912388367556,0.03519211925547657,300023,300031,direct,streaming_tsqr,1e-14,hu_zhang,0.3333333333333333,LS(ball),4.435348085597608e-10,5.601302313901483e-09,3.2260375889600255,1668,2004,99168704526513.92,2.4426606548016398e-08,1.1561896077629703e-07,2.1309699511849153e-08,1.1548320009152497e-07,True,1.7763568394002505e-14,-2.045065505829058e-14,3.946800488226304e-09,3.974588471509311e-09,2.2836308025822403,15.004035497307717,1.0696390379914191e-08,7.705857587250002e-09,223.38010441202596,ball,10000.0,q,Qratio-16
elasticity-2d,2,400,6416,841,7,7,2.0,12808,3.860170997816622e-15,0.0,1.1806089200528839e-07,"{""1e-05"": 0.147878285040233, ""1e-06"": 0.010897725992364753, ""1e-08"": 0.00013483458539325334, ""1e-10"": 1.3666804720133345e-06, ""1e-12"": 1.2751793799587832e-07, ""1e-14"": 1.1806089200528839e-07}",0.1764912388367556,0.03519211925547657,300023,300031,direct,streaming_tsqr,1e-14,hu_zhang,0.3333333333333333,LS(ridge),4.4354184260139904e-10,5.707404928118727e-09,2.5945470509759616,1668,2004,99168704526513.92,2.435684862706595e-08,1.1547449339849813e-07,2.119797842718614e-08,1.1533336097862697e-07,True,1.4210854715202004e-14,3.0901496639312853e-14,3.976341056744125e-09,4.094286606231291e-09,2.2836308025822403,15.004035497307717,1.066584344523825e-08,7.696229019134124e-09,442.3308349420908,ridge,1e-14,q,Qratio-16
elasticity-2d,2,400,6416,841,7,7,2.0,12808,3.860170997816622e-15,0.0,1.186023690195516e-07,"{""1e-06"": 0.011808557289664987, ""1e-08"": 0.00015305888753792686, ""1e-10"": 1.3864990904389806e-06, ""1e-12"": 1.3281419218710312e-07, ""1e-14"": 1.186023690195516e-07}",0.1764912388367556,0.03519211925547657,300023,300031,direct,streaming_tsqr,1e-14,hu_zhang,0.3333333333333333,LS(tsvd),4.4428505012639795e-10,6.130638417860361e-09,2.6042672909679823,1668,2004,99168704526513.92,2.4466007093476794e-08,1.160015264566013e-07,2.133414515261731e-08,1.1583941217414315e-07,False,8.526512829121202e-14,-6.726043333404874e-14,4.249098972719071e-09,4.419262984999096e-09,2.2836308025822403,15.004035497307717,1.071364384549884e-08,7.731355106259e-09,499.06254667548905,tsvd,1e-14,q,Qratio-16
elasticity-2d,3,400,6416,841,7,7,2.0,12808,4.7419109893595045e-15,0.0,1.1808906173510283e-07,"{""100.0"": 1.8579417101005435, ""1000.0"": 0.0003928075276064381, ""10000.0"": 1.1808906173510283e-07, ""100000.0"": 1.2702607060315893e-07, ""1000000.0"": 1.2702607060315893e-07, ""inf"": 1.2702607060315893e-07}",0.1764912388367556,0.03519211925547657,400023,400031,direct,streaming_tsqr,1e-14,hu_zhang,0.3333333333333333,LS(ball),4.056734581086005e-10,6.042383486346855e-09,3.1918030249944422,1665,2004,99656977491438.84,2.433711623918331e-08,1.1544318578920071e-07,2.1179955289416008e-08,1.152849458817752e-07,True,1.7763568394002505e-14,-3.596602182742714e-14,4.232189760871972e-09,4.312652087062857e-09,2.2836308025822403,15.004035497307717,1.065720264924779e-08,7.694142406548926e-09,223.4121915128437,ball,10000.0,q,Qratio-16
elasticity-2d,3,400,6416,841,7,7,2.0,12808,4.7419109893595045e-15,0.0,1.2095759922686331e-07,"{""1e-05"": 0.1511439321073523, ""1e-06"": 0.011126515306588345, ""1e-08"": 0.0001382900625595311, ""1e-10"": 1.5430894279987528e-06, ""1e-12"": 1.2693081989093535e-07, ""1e-14"": 1.2095759922686331e-07}",0.1764912388367556,0.03519211925547657,400023,400031,direct,streaming_tsqr,1e-14,hu_zhang,0.3333333333333333,LS(ridge),4.0119845978660176e-10,5.604862912943734e-09,2.5613961189810652,1665,2004,99656977491438.84,2.418142689103489e-08,1.1840357712683393e-07,2.0917806216261428e-08,1.1827084420159187e-07,True,2.842170943040401e-14,-3.4948606508766744e-14,3.966356868369295e-09,3.9601138197824366e-09,2.2836308025822403,15.004035497307717,1.0589026415168108e-08,7.891448747110732e-09,397.78047526650386,ridge,1e-14,q,Qratio-16
elasticity-2d,3,400,6416,841,7,7,2.0,12808,4.7419109893595045e-15,0.0,1.2702607060315893e-07,"{""1e-06"": 0.011782900603787175, ""1e-08"": 0.00018154003518586187, ""1e-10"": 1.4722769015387977e-06, ""1e-12"": 1.3249977541071048e-07, ""1e-14"": 1.2702607060315893e-07}",0.1764912388367556,0.03519211925547657,400023,400031,direct,streaming_tsqr,1e-14,hu_zhang,0.3333333333333333,LS(tsvd),4.0436635639772525e-10,6.236651950554461e-09,2.5684732839872595,1665,2004,99656977491438.84,2.465902500226925e-08,1.245080083781709e-07,2.135567308482207e-08,1.2435171218260857e-07,False,1.4210854715202004e-14,-7.850751299054437e-14,4.431377511598265e-09,4.388475920186409e-09,2.2836308025822403,15.004035497307717,1.079816622476181e-08,8.298301373687917e-09,418.9522982805378,tsvd,1e-14,q,Qratio-16
elasticity-2d,4,400,6416,841,7,7,2.0,12808,4.93305886333429e-15,0.0,1.1806715314955492e-07,"{""100.0"": 1.860322833461886, ""1000.0"": 0.00040364040341064764, ""10000.0"": 1.1806715314955492e-07, ""100000.0"": 1.2744323145323767e-07, ""1000000.0"": 1.2744323145323767e-07, ""inf"": 1.2744323145323767e-07}",0.1764912388367556,0.03519211925547657,500023,500031,direct,streaming_tsqr,1e-14,hu_zhang,0.3333333333333333,LS(ball),4.074657803824687e-10,6.984671969627814e-09,3.2789315530098975,1666,2004,97326082170372.1,2.4534652273987163e-08,1.1548111926917522e-07,2.1553690978093567e-08,1.1526969794849889e-07,True,5.3290705182007514e-14,-5.467241243062304e-14,4.789937794109081e-09,5.083516347162652e-09,2.2836308025822403,15.004035497307717,1.0743703512075743e-08,7.6966706250393e-09,223.36948707128082,ball,10000.0,q,Qratio-16
elasticity-2d,4,400,6416,841,7,7,2.0,12808,4.93305886333429e-15,0.0,1.1993012429469604e-07,"{""1e-05"": 0.14996330581150233, ""1e-06"": 0.011004848224127927, ""1e-08"": 0.00014322897713263903, ""1e-10"": 1.6932487244971163e-06, ""1e-12"": 1.281517865944348e-07, ""1e-14"": 1.1993012429469604e-07}",0.1764912388367556,0.03519211925547657,500023,500031,direct,streaming_tsqr,1e-14,hu_zhang,0.3333333333333333,LS(ridge),4.0233263354598564e-10,7.0032949261124264e-09,2.627892549993703,1666,2004,97326082170372.1,2.4347881507670328e-08,1.1742839151704676e-07,2.1347145145456064e-08,1.1721937124237917e-07,True,2.842170943040401e-14,-6.003357533312936e-14,4.768669015581241e-09,5.12893123778702e-09,2.2836308025822403,15.004035497307717,1.0661916751227343e-08,7.826453858904679e-09,474.67030154986605,ridge,1e-14,q,Qratio-16
elasticity-2d,4,400,6416,841,7,7,2.0,12808,4.93305886333429e-15,0.0,1.2744323145323767e-07,"{""1e-06"": 0.011780732081751734, ""1e-08"": 0.0001852489743639769, ""1e-10"": 1.6012507349248745e-06, ""1e-12"": 1.327219526172303e-07, ""1e-14"": 1.2744323145323767e-07}",0.1764912388367556,0.03519211925547657,500023,500031,direct,streaming_tsqr,1e-14,hu_zhang,0.3333333333333333,LS(tsvd),4.077038328040297e-10,8.480915585753706e-09,2.6365198959829286,1666,2004,97326082170372.1,2.5029768096829682e-08,1.2498833677751365e-07,2.2089127899626905e-08,1.24700274262876e-07,False,4.263256414560601e-14,3.0296945507934936e-15,5.8210480281028914e-09,6.167765318751967e-09,2.2836308025822403,15.004035497307717,1.0960514312789528e-08,8.330314654343574e-09,508.8513278312908,tsvd,1e-14,q,Qratio-16
elasticity-2d,5,400,6416,841,7,7,2.0,12808,4.771684426383363e-15,0.0,1.1768339866336082e-07,"{""100.0"": 1.8590959041044426, ""1000.0"": 0.00039697814505831267, ""10000.0"": 1.1768339866336082e-07, ""100000.0"": 1.1825283745487662e-07, ""1000000.0"": 1.1825283745487662e-07, ""inf"": 1.1825283745487662e-07}",0.1764912388367556,0.03519211925547657,600023,600031,direct,streaming_tsqr,1e-14,hu_zhang,0.3333333333333333,LS(ball),4.0085925796873446e-10,4.930213179529767e-09,3.2695752939907834,1670,2004,97961925912180.33,2.3351114314743297e-08,1.1534845246166896e-07,2.0243842962671882e-08,1.1524304093222417e-07,True,7.105427357601002e-15,-3.763482581131683e-14,3.481647112871594e-09,3.4907213261791473e-09,2.2836308025822403,15.004035497307717,1.0225433239181557e-08,7.68782855001688e-09,223.400594630159,ball,10000.0,q,Qratio-16
elasticity-2d,5,400,6416,841,7,7,2.0,12808,4.771684426383363e-15,0.0,1.175216999783485e-07,"{""1e-05"": 0.1516516216456577, ""1e-06"": 0.011029656660327701, ""1e-08"": 0.00013249103323031205, ""1e-10"": 1.379835123808741e-06, ""1e-12"": 1.277850084209804e-07, ""1e-14"": 1.175216999783485e-07}",0.1764912388367556,0.03519211925547657,600023,600031,direct,streaming_tsqr,1e-14,hu_zhang,0.3333333333333333,LS(ridge),3.992678500316587e-10,4.963824995869501e-09,2.6398209459730424,1670,2004,97961925912180.33,2.313103035053734e-08,1.1522871583248815e-07,2.005380940467131e-08,1.1512175030729287e-07,True,1.4210854715202004e-14,-4.088743232877334e-15,3.523342759275504e-09,3.4965146060441006e-09,2.2836308025822403,15.004035497307717,1.0129058657109405e-08,7.67984825503542e-09,409.28333047750874,ridge,1e-14,q,Qratio-16
elasticity-2d,5,400,6416,841,7,7,2.0,12808,4.771684426383363e-15,0.0,1.1825283745487662e-07,"{""1e-06"": 0.011775882779675968, ""1e-08"": 0.00016748444322098435, ""1e-10"": 1.3722964140190117e-06, ""1e-12"": 1.3290433550081973e-07, ""1e-14"": 1.1825283745487662e-07}",0.1764912388367556,0.03519211925547657,600023,600031,direct,streaming_tsqr,1e-14,hu_zhang,0.3333333333333333,LS(tsvd),3.990166826620674e-10,5.202323341455558e-09,2.6472876649932005,1670,2004,97961925912180.33,2.3345101462151196e-08,1.1594166141639123e-07,2.023453205192599e-08,1.158248880156767e-07,False,8.526512829121202e-14,-1.9023844999299655e-14,3.7115965608352194e-09,3.645300964069976e-09,2.2836308025822403,15.004035497307717,1.0222800216109131e-08,7.727365177001579e-09,408.5650227745036,tsvd,1e-14,q,Qratio-16
elasticity-2d,6,400,6416,841,7,7,2.0,12808,5.190098704487989e-15,0.0,1.1784253395667695e-07,"{""100.0"": 1.8619701674767901, ""1000.0"": 0.00039227574513727315, ""10000.0"": 1.1784253395667695e-07, ""100000.0"": 1.2223533460429927e-07, ""1000000.0"": 1.2223533460429927e-07, ""inf"": 1.2223533460429927e-07}",0.1764912388367556,0.03519211925547657,700023,700031,direct,streaming_tsqr,1e-14,hu_zhang,0.3333333333333333,LS(ball),4.0564021285078204e-10,5.735371369137576e-09,3.1644011930038687,1672,2004,99950039359272.88,2.4338236745518965e-08,1.1531741724546385e-07,2.12742218471133e-08,1.1517470310542363e-07,True,7.638334409421077e-14,-2.1806341454766454e-14,3.934035333636933e-09,4.17346986758251e-09,2.2836308025822403,15.004035497307717,1.0657693318025943e-08,7.685760092086965e-09,223.38151614853513,ball,10000.0,q,Qratio-16
elasticity-2d,6,400,6416,841,7,7,2.0,12808,5.190098704487989e-15,0.0,1.204113527504442e-07,"{""1e-05"": 0.1492339337759239, ""1e-06"": 0.010888712554824367, ""1e-08"": 0.00013316850297759235, ""1e-10"": 1.4107323999026396e-06, ""1e-12"": 1.2781486054325824e-07, ""1e-14"": 1.204113527504442e-07}",0.1764912388367556,0.03519211925547657,700023,700031,direct,streaming_tsqr,1e-14,hu_zhang,0.3333333333333333,LS(ridge),4.013200970087664e-10,5.920456715313428e-09,2.555522118025692,1672,2004,99950039359272.88,2.4569919557890603e-08,1.179034588421723e-07,2.1429662447251576e-08,1.1775471879814379e-07,True,8.526512829121202e-14,-1.1617616590964275e-13,4.12088363183976e-09,4.2508970595316714e-09,2.2836308025822403,15.004035497307717,1.0759147025915004e-08,7.858116495614034e-09,434.7716191524486,ridge,1e-14,q,Qratio-16
elasticity-2d,6,400,6416,841,7,7,2.0,12808,5.190098704487989e-15,0.0,1.2223533460429927e-07,"{""1e-06"": 0.011712556017750553, ""1e-08"": 0.0001735056170853452, ""1e-10"": 1.4118363690075071e-06, ""1e-12"": 1.3198172748433485e-07, ""1e-14"": 1.2223533460429927e-07}",0.1764912388367556,0.03519211925547657,700023,700031,direct,streaming_tsqr,1e-14,hu_zhang,0.3333333333333333,LS(tsvd),4.041323493986716e-10,6.64239921426737e-09,2.56428408503416,1672,2004,99950039359272.88,2.4905163389863487e-08,1.1970283522805203e-07,2.1798556532810372e-08,1.1951839730481863e-07,False,5.684341886080802e-14,-1.1820492501479762e-13,4.6644598092704586e-09,4.729088919591211e-09,2.2836308025822403,15.004035497307717,1.090595001683359e-08,7.978042657225863e-09,462.7744656462607,tsvd,1e-14,q,Qratio-16
elasticity-2d,7,400,6416,841,7,7,2.0,12808,4.356599994622808e-15,0.0,1.1820200581767283e-07,"{""100.0"": 1.8625742726719423, ""1000.0"": 0.0003933657884846835, ""10000.0"": 1.1820200581767283e-07, ""100000.0"": 1.22956268332866e-07, ""1000000.0"": 1.22956268332866e-07, ""inf"": 1.22956268332866e-07}",0.1764912388367556,0.03519211925547657,800023,800031,direct,streaming_tsqr,1e-14,hu_zhang,0.3333333333333333,LS(ball),4.2615762879887626e-10,5.978231962097422e-09,3.1634445640374906,1674,2004,99943259540781.19,2.360653793461797e-08,1.1585959721676706e-07,2.0621204820961338e-08,1.1570525921425895e-07,True,9.237055564881302e-14,-4.135060349685915e-14,4.115007578910716e-09,4.33658506409716e-09,2.2836308025822403,15.004035497307717,1.0337283026627868e-08,7.721895701830123e-09,223.36471322530025,ball,10000.0,q,Qratio-16
elasticity-2d,7,400,6416,841,7,7,2.0,12808,4.356599994622808e-15,0.0,1.2007085304766793e-07,"{""1e-05"": 0.14896535041933362, ""1e-06"": 0.011205536654142333, ""1e-08"": 0.00013698951032248985, ""1e-10"": 1.5015766473147376e-06, ""1e-12"": 1.2684554250959988e-07, ""1e-14"": 1.2007085304766793e-07}",0.1764912388367556,0.03519211925547657,800023,800031,direct,streaming_tsqr,1e-14,hu_zhang,0.3333333333333333,LS(ridge),4.258534650337947e-10,6.069369035710867e-09,2.5641024770156946,1674,2004,99943259540781.19,2.351917142339193e-08,1.177809199792187e-07,2.0522472304141058e-08,1.1762443568689063e-07,True,3.197442310920451e-14,-1.7008963681952594e-15,4.272693776638459e-09,4.310606498246022e-09,2.2836308025822403,15.004035497307717,1.0299025305140117e-08,7.849949435293791e-09,435.75521101791963,ridge,1e-14,q,Qratio-16
elasticity-2d,7,400,6416,841,7,7,2.0,12808,4.356599994622808e-15,0.0,1.22956268332866e-07,"{""1e-06"": 0.011849180276397692, ""1e-08"": 0.00017417961490546037, ""1e-10"": 1.4155608161485552e-06, ""1e-12"": 1.3172170702920839e-07, ""1e-14"": 1.22956268332866e-07}",0.1764912388367556,0.03519211925547657,800023,800031,direct,streaming_tsqr,1e-14,hu_zhang,0.3333333333333333,LS(tsvd),4.294798111345217e-10,6.4186923570127245e-09,2.572716932016192,1674,2004,99943259540781.19,2.3661494403694015e-08,1.207209380093692e-07,2.06629318443928e-08,1.205501773631544e-07,False,5.684341886080802e-14,-2.8145888397723695e-14,4.493969919578574e-09,4.582995301753701e-09,2.2836308025822403,15.004035497307717,1.0361348418027347e-08,8.045897920664812e-09,491.06074282324,tsvd,1e-14,q,Qratio-16
elasticity-2d,8,400,6416,841,7,7,2.0,12808,3.962126842458688e-15,0.0,1.1712537840873897e-07,"{""100.0"": 1.8610370579151305, ""1000.0"": 0.0003951679324501428, ""10000.0"": 1.1712537840873897e-07, ""100000.0"": 1.1759228224986354e-07, ""1000000.0"": 1.1759228224986354e-07, ""inf"": 1.1759228224986354e-07}",0.1764912388367556,0.03519211925547657,900023,900031,direct,streaming_tsqr,1e-14,hu_zhang,0.3333333333333333,LS(ball),4.196896118727257e-10,5.743417351692849e-09,3.1161883320019115,1670,2004,99979488215134.8,2.429905779050692e-08,1.1457410230075484e-07,2.1196151718910914e-08,1.1443005756857815e-07,True,1.0658141036401503e-14,-2.5082366739148654e-14,4.071491621553296e-09,4.050900992538302e-09,2.2836308025822403,15.004035497307717,1.0640536886711503e-08,7.63621909061157e-09,223.34148650164346,ball,10000.0,q,Qratio-16
elasticity-2d,8,400,6416,841,7,7,2.0,12808,3.962126842458688e-15,0.0,1.1705369989470557e-07,"{""1e-05"": 0.1520412772662848, ""1e-06"": 0.01105414166147242, ""1e-08"": 0.0001332958559961516, ""1e-10"": 1.2978335660934378e-06, ""1e-12"": 1.265227142739963e-07, ""1e-14"": 1.1705369989470557e-07}",0.1764912388367556,0.03519211925547657,900023,900031,direct,streaming_tsqr,1e-14,hu_zhang,0.3333333333333333,LS(ridge),4.174556675387715e-10,5.705509616457028e-09,2.5123309470072854,1670,2004,99979488215134.8,2.4258801316843406e-08,1.1450276451251315e-07,2.110108508256752e-08,1.1436052746041597e-07,True,1.4210854715202004e-14,-3.3942466892700196e-14,4.048123985419802e-09,4.020638280441618e-09,2.2836308025822403,15.004035497307717,1.0622908610889511e-08,7.631464517200003e-09,469.9210133609855,ridge,1e-14,q,Qratio-16
elasticity-2d,8,400,6416,841,7,7,2.0,12808,3.962126842458688e-15,0.0,1.1759228224986354e-07,"{""1e-06"": 0.011751642723459398, ""1e-08"": 0.00016184665074430398, ""1e-10"": 1.3329559944038863e-06, ""1e-12"": 1.312602417780863e-07, ""1e-14"": 1.1759228224986354e-07}",0.1764912388367556,0.03519211925547657,900023,900031,direct,streaming_tsqr,1e-14,hu_zhang,0.3333333333333333,LS(tsvd),4.214670288847165e-10,6.584146425525375e-09,2.520391077006934,1670,2004,99979488215134.8,2.4529390157261106e-08,1.1500476530393899e-07,2.1381009525859955e-08,1.148161358802034e-07,False,0.0,-1.1062331606304099e-13,4.690805781367381e-09,4.620316577275731e-09,2.2836308025822403,15.004035497307717,1.0741399235605086e-08,7.664922235392947e-09,451.6824830525288,tsvd,1e-14,q,Qratio-16
elasticity-2d,9,400,6416,841,7,7,2.0,12808,4.24060760237885e-15,0.0,1.1826174837400522e-07,"{""100.0"": 1.8583519538944233, ""1000.0"": 0.00039253830390179544, ""10000.0"": 1.1826174837400522e-07, ""100000.0"": 1.2129846485415985e-07, ""1000000.0"": 1.2129846485415985e-07, ""inf"": 1.2129846485415985e-07}",0.1764912388367556,0.03519211925547657,1000023,1000031,direct,streaming_tsqr,1e-14,hu_zhang,0.3333333333333333,LS(ball),4.2057498167889833e-10,5.53935575448265e-09,3.162614389002556,1674,2004,99966509106721.95,2.406117551652035e-08,1.1583248918801126e-07,2.0844616176939398e-08,1.156999614922841e-07,True,0.0,-4.341579179500954e-14,3.796737453982011e-09,4.0335154493630305e-09,2.2836308025822403,15.004035497307717,1.0536368439816503e-08,7.720088985979534e-09,223.37633274256777,ball,10000.0,q,Qratio-16
elasticity-2d,9,400,6416,841,7,7,2.0,12808,4.24060760237885e-15,0.0,1.1854751103917233e-07,"{""1e-05"": 0.15061564230825789, ""1e-06"": 0.010911476685400658, ""1e-08"": 0.00013336164317008788, ""1e-10"": 1.3177195881597996e-06, ""1e-12"": 1.2692565739528474e-07, ""1e-14"": 1.1854751103917233e-07}",0.1764912388367556,0.03519211925547657,1000023,1000031,direct,streaming_tsqr,1e-14,hu_zhang,0.3333333333333333,LS(ridge),4.193195370678436e-10,5.447493423270715e-09,2.5495153869851492,1674,2004,99966509106721.95,2.4053866086104408e-08,1.1612074794055538e-07,2.0776559261217943e-08,1.1599290028996352e-07,True,2.842170943040401e-14,-3.008183979691381e-14,3.7152300223667543e-09,3.983999306912893e-09,2.2836308025822403,15.004035497307717,1.0533167646409936e-08,7.739301067462269e-09,495.9146190051465,ridge,1e-14,q,Qratio-16
elasticity-2d,9,400,6416,841,7,7,2.0,12808,4.24060760237885e-15,0.0,1.2129846485415985e-07,"{""1e-06"": 0.011674507522215908, ""1e-08"": 0.00017034621134495224, ""1e-10"": 1.3196703510183056e-06, ""1e-12"": 1.311105715069556e-07, ""1e-14"": 1.2129846485415985e-07}",0.1764912388367556,0.03519211925547657,1000023,1000031,direct,streaming_tsqr,1e-14,hu_zhang,0.3333333333333333,LS(tsvd),4.2144407182345264e-10,6.619050383932143e-09,2.558470147982007,1674,2004,99966509106721.95,2.4284513843187976e-08,1.1888044376814743e-07,2.1121561083141764e-08,1.1869603229479337e-07,False,4.263256414560601e-14,-5.6197234366006654e-14,4.547291699849957e-09,4.809778184231363e-09,2.2836308025822403,15.004035497307717,1.063416810446242e-08,7.923231305969584e-09,499.3456925020856,tsvd,1e-14,q,Qratio-16
elasticity-2d,0,400,12832,841,7,7,2.0,12808,3.925743140037659e-15,0.0,1.1427866647978903e-07,"{""100.0"": 1.8548219249438318, ""1000.0"": 0.00039171605115386615, ""10000.0"": 1.1435796187623019e-07, ""100000.0"": 1.1427866647978903e-07, ""1000000.0"": 1.1427866647978903e-07, ""inf"": 1.1427866647978903e-07}",0.1764912388367556,0.03519211925547657,100023,100031,direct,streaming_tsqr,1e-14,hu_zhang,0.3333333333333333,LS(ball),3.764687907993892e-10,4.927797838370731e-09,5.761444178991951,1684,2004,99888983107276.67,2.258320052437887e-08,1.1199173768182922e-07,1.9705720848324535e-08,1.118832700516918e-07,False,9.947598300641403e-14,-1.8120921430053727e-14,3.3870873383531623e-09,3.5792221079752716e-09,2.2836308025822403,15.004035497307717,9.889164438858799e-09,7.46410775300583e-09,454.25929733721847,ball,100000.0,q,Qratio-32
elasticity-2d,0,400,12832,841,7,7,2.0,12808,3.925743140037659e-15,0.0,1.1390949487034667e-07,"{""1e-05"": 0.14553227572310015, ""1e-06"": 0.010783767591382632, ""1e-08"": 0.00012682756741063826, ""1e-10"": 1.226736570991855e-06, ""1e-12"": 1.2445028363079062e-07, ""1e-14"": 1.1390949487034667e-07}",0.1764912388367556,0.03519211925547657,100023,100031,direct,streaming_tsqr,1e-14,hu_zhang,0.3333333333333333,LS(ridge),3.763018561692403e-10,4.217568082772408e-09,5.122023605013965,1684,2004,99888983107276.67,2.2470842394589573e-08,1.1164888291530754e-07,1.9524852899501927e-08,1.1156919456419515e-07,True,2.842170943040401e-14,-3.0943130002736297e-14,2.8282057623566523e-09,3.1287589709968317e-09,2.2836308025822403,15.004035497307717,9.839962908706794e-09,7.441256916203745e-09,436.80791708611736,ridge,1e-14,q,Qratio-32
elasticity-2d,0,400,12832,841,7,7,2.0,12808,3.925743140037659e-15,0.0,1.1427866647978903e-07,"{""1e-06"": 0.011732034178971281, ""1e-08"": 0.00012474887087037404, ""1e-10"": 1.3072387312204604e-06, ""1e-12"": 1.285328805476289e-07, ""1e-14"": 1.1427866647978903e-07}",0.1764912388367556,0.03519211925547657,100023,100031,direct,streaming_tsqr,1e-14,hu_zhang,0.3333333333333333,LS(tsvd),3.764687907993892e-10,4.927797838370731e-09,5.1308182119973935,1684,2004,99888983107276.67,2.258320052437887e-08,1.1199173768182922e-07,1.9705720848324535e-08,1.118832700516918e-07,False,9.947598300641403e-14,-1.8120921430053727e-14,3.3870873383531623e-09,3.5792221079752716e-09,2.2836308025822403,15.004035497307717,9.889164438858799e-09,7.46410775300583e-09,454.25929733721847,tsvd,1e-14,q,Qratio-32
elasticity-2d,1,400,12832,841,7,7,2.0,12808,5.210665604783716e-15,0.0,1.1567749525947019e-07,"{""100.0"": 1.8616381588988906, ""1000.0"": 0.0003935872547278213, ""10000.0"": 1.1567749525947019e-07, ""100000.0"": 1.1762407322802167e-07, ""1000000.0"": 1.1762407322802167e-07, ""inf"": 1.1762407322802167e-07}",0.1764912388367556,0.03519211925547657,200023,200031,direct,streaming_tsqr,1e-14,hu_zhang,0.3333333333333333,LS(ball),4.0191595095434096e-10,4.336836982488386e-09,5.424485755007481,1679,2004,98726245545062.28,2.3148250799460612e-08,1.133857371289992e-07,2.0027805991084793e-08,1.1330276796827971e-07,True,3.552713678800501e-14,-4.325186042652973e-14,2.937174417706609e-09,3.190793232512695e-09,2.2836308025822403,15.004035497307717,1.0136599477150806e-08,7.557016054070576e-09,223.35663022941853,ball,10000.0,q,Qratio-32
elasticity-2d,1,400,12832,841,7,7,2.0,12808,5.210665604783716e-15,0.0,1.174538686899996e-07,"{""1e-05"": 0.14892534940801344, ""1e-06"": 0.010866870282170168, ""1e-08"": 0.00013357532268737778, ""1e-10"": 1.3537833565826126e-06, ""1e-12"": 1.2455914996162317e-07, ""1e-14"": 1.174538686899996e-07}",0.1764912388367556,0.03519211925547657,200023,200031,direct,streaming_tsqr,1e-14,hu_zhang,0.3333333333333333,LS(ridge),4.007803825548395e-10,4.279313440206896e-09,4.85038947200519,1679,2004,98726245545062.28,2.3150617297745376e-08,1.151891109786214e-07,1.9975282582580287e-08,1.1510959458066744e-07,True,4.263256414560601e-14,3.441170959295192e-14,2.8852929979043456e-09,3.1603176795663333e-09,2.2836308025822403,15.004035497307717,1.0137635764751274e-08,7.677208641587832e-09,455.8379313691204,ridge,1e-14,q,Qratio-32
elasticity-2d,1,400,12832,841,7,7,2.0,12808,5.210665604783716e-15,0.0,1.1762407322802167e-07,"{""1e-06"": 0.011733498506377152, ""1e-08"": 0.00015453784111155505, ""1e-10"": 1.3961485167413794e-06, ""1e-12"": 1.290528965989213e-07, ""1e-14"": 1.1762407322802167e-07}",0.1764912388367556,0.03519211925547657,200023,200031,direct,streaming_tsqr,1e-14,hu_zhang,0.3333333333333333,LS(tsvd),4.017799671304372e-10,4.607699990394576e-09,4.857712528988486,1679,2004,98726245545062.28,2.3277322735983636e-08,1.1533646458882682e-07,2.011131154318821e-08,1.1524438886404935e-07,False,1.4210854715202004e-14,-4.687743249132126e-14,3.145619310073012e-09,3.366894467840945e-09,2.2836308025822403,15.004035497307717,1.0193119969157252e-08,7.687029573445256e-09,480.4337835315219,tsvd,1e-14,q,Qratio-32
elasticity-2d,2,400,12832,841,7,7,2.0,12808,3.860170997816622e-15,0.0,1.1465746468796305e-07,"{""100.0"": 1.8550592773925818, ""1000.0"": 0.00039365989979302436, ""10000.0"": 1.1465746468796305e-07, ""100000.0"": 1.148146444624156e-07, ""1000000.0"": 1.148146444624156e-07, ""inf"": 1.148146444624156e-07}",0.1764912388367556,0.03519211925547657,300023,300031,direct,streaming_tsqr,1e-14,hu_zhang,0.3333333333333333,LS(ball),3.8769481022658483e-10,4.376494898871289e-09,5.991991997027071,1681,2004,99301912190168.52,2.336288554608711e-08,1.122191373583993e-07,2.021732757831376e-08,1.1213376423657346e-07,True,3.197442310920451e-14,-2.107949231833217e-14,2.9418228756268753e-09,3.2402755698064995e-09,2.2836308025822403,15.004035497307717,1.0230587851446598e-08,7.47926365400399e-09,223.38522437992515,ball,10000.0,q,Qratio-32
elasticity-2d,2,400,12832,841,7,7,2.0,12808,3.860170997816622e-15,0.0,1.1429884173755467e-07,"{""1e-05"": 0.14739761867806336, ""1e-06"": 0.010845022053447343, ""1e-08"": 0.00012927441189159862, ""1e-10"": 1.2312486746247953e-06, ""1e-12"": 1.2451871918490215e-07, ""1e-14"": 1.1429884173755467e-07}",0.1764912388367556,0.03519211925547657,300023,300031,direct,streaming_tsqr,1e-14,hu_zhang,0.3333333333333333,LS(ridge),3.8581935477316845e-10,4.492533052801102e-09,5.3232908050122205,1681,2004,99301912190168.52,2.3271461157146097e-08,1.118609159054591e-07,2.0107697819755783e-08,1.1177066544481912e-07,True,1.4210854715202004e-14,-1.44953493652622e-14,3.0219450440594763e-09,3.3242595237428076e-09,2.2836308025822403,15.004035497307717,1.0190553188734204e-08,7.455388646976417e-09,435.4531208909649,ridge,1e-14,q,Qratio-32
elasticity-2d,2,400,12832,841,7,7,2.0,12808,3.860170997816622e-15,0.0,1.148146444624156e-07,"{""1e-06"": 0.011731750486560803, ""1e-08"": 0.00012192934940859996, ""1e-10"": 1.3152468455275276e-06, ""1e-12"": 1.2926312141188298e-07, ""1e-14"": 1.148146444624156e-07}",0.1764912388367556,0.03519211925547657,300023,300031,direct,streaming_tsqr,1e-14,hu_zhang,0.3333333333333333,LS(tsvd),3.86980668934806e-10,5.310225783089707e-09,5.333282227016753,1681,2004,99301912190168.52,2.3396232085823785e-08,1.1235387921672377e-07,2.0309948261310228e-08,1.1222831940815456e-07,False,8.526512829121202e-14,-1.7411419528379213e-14,3.619276486707144e-09,3.885786352871126e-09,2.2836308025822403,15.004035497307717,1.0245190273037237e-08,7.488244028540471e-09,499.1136411502005,tsvd,1e-14,q,Qratio-32
elasticity-2d,3,400,12832,841,7,7,2.0,12808,4.7419109893595045e-15,0.0,1.1505707767718903e-07,"{""100.0"": 1.8564482456184126, ""1000.0"": 0.0003929730904512866, ""10000.0"": 1.1505707767718903e-07, ""100000.0"": 1.1535138823544623e-07, ""1000000.0"": 1.1535138823544623e-07, ""inf"": 1.1535138823544623e-07}",0.1764912388367556,0.03519211925547657,400023,400031,direct,streaming_tsqr,1e-14,hu_zhang,0.3333333333333333,LS(ball),3.8808562804415995e-10,4.431711566879502e-09,5.81073043498327,1673,2004,99533991811857.75,2.333287513832382e-08,1.1257629949223785e-07,2.0230398266136982e-08,1.1248903564327511e-07,True,3.552713678800501e-14,-5.508007244747759e-14,2.994029572649351e-09,3.2673925889177628e-09,2.2836308025822403,15.004035497307717,1.021744631922985e-08,7.503068058752476e-09,223.41125459832324,ball,10000.0,q,Qratio-32
elasticity-2d,3,400,12832,841,7,7,2.0,12808,4.7419109893595045e-15,0.0,1.1467279993676284e-07,"{""1e-05"": 0.15016100433208646, ""1e-06"": 0.0109492655404951, ""1e-08"": 0.00013454701438350247, ""1e-10"": 1.2921625673365914e-06, ""1e-12"": 1.245134966137737e-07, ""1e-14"": 1.1467279993676284e-07}",0.1764912388367556,0.03519211925547657,400023,400031,direct,streaming_tsqr,1e-14,hu_zhang,0.3333333333333333,LS(ridge),3.8394909845380275e-10,4.461591219686754e-09,5.211878367001191,1673,2004,99533991811857.75,2.3235549948115545e-08,1.1219645001614163e-07,2.009549902593175e-08,1.121077053552207e-07,True,7.105427357601002e-14,-2.1636338554120726e-14,3.02385505410716e-09,3.2805634917398757e-09,2.2836308025822403,15.004035497307717,1.0174827700625555e-08,7.47775157132052e-09,414.29603495649746,ridge,1e-14,q,Qratio-32
elasticity-2d,3,400,12832,841,7,7,2.0,12808,4.7419109893595045e-15,0.0,1.1535138823544623e-07,"{""1e-06"": 0.011730634247573502, ""1e-08"": 0.00015568468689289037, ""1e-10"": 1.30819243201873e-06, ""1e-12"": 1.2943672489460023e-07, ""1e-14"": 1.1535138823544623e-07}",0.1764912388367556,0.03519211925547657,400023,400031,direct,streaming_tsqr,1e-14,hu_zhang,0.3333333333333333,LS(tsvd),3.8513181493209526e-10,5.104686392518292e-09,5.219222985993838,1673,2004,99533991811857.75,2.3410377053069066e-08,1.1285321209601926e-07,2.0292959655244407e-08,1.1273770290911176e-07,False,8.526512829121202e-14,-3.2019525919579905e-14,3.4767867211551166e-09,3.73761652146938e-09,2.2836308025822403,15.004035497307717,1.0251384342248988e-08,7.521523933762308e-09,436.84885339333897,tsvd,1e-14,q,Qratio-32
elasticity-2d,4,400,12832,841,7,7,2.0,12808,4.93305886333429e-15,0.0,1.1470202465428096e-07,"{""100.0"": 1.8602559048037555, ""1000.0"": 0.0003920335554695706, ""10000.0"": 1.1470202465428096e-07, ""100000.0"": 1.148036177401345e-07, ""1000000.0"": 1.148036177401345e-07, ""inf"": 1.148036177401345e-07}",0.1764912388367556,0.03519211925547657,500023,500031,direct,streaming_tsqr,1e-14,hu_zhang,0.3333333333333333,LS(ball),3.9406981092328297e-10,4.909833344287048e-09,5.926612825016491,1680,2004,99866881620892.73,2.3635471828627078e-08,1.1225439644509158e-07,2.0525029553886818e-08,1.1214697079182797e-07,True,1.7763568394002505e-14,-4.5390774472409134e-14,3.334138644422125e-09,3.604161895426443e-09,2.2836308025822403,15.004035497307717,1.034995315438074e-08,7.481613627562678e-09,223.3468305358872,ball,10000.0,q,Qratio-32
elasticity-2d,4,400,12832,841,7,7,2.0,12808,4.93305886333429e-15,0.0,1.1416575181760291e-07,"{""1e-05"": 0.1481084331033324, ""1e-06"": 0.010840681168079387, ""1e-08"": 0.0001323462169253365, ""1e-10"": 1.2807847010319392e-06, ""1e-12"": 1.2429184743410514e-07, ""1e-14"": 1.1416575181760291e-07}",0.1764912388367556,0.03519211925547657,500023,500031,direct,streaming_tsqr,1e-14,hu_zhang,0.3333333333333333,LS(ridge),3.9002649162022335e-10,4.710693784526347e-09,5.29912067000987,1680,2004,99866881620892.73,2.3432282721286183e-08,1.1175798299158542e-07,2.0294835047114366e-08,1.1165865898539137e-07,True,9.947598300641403e-14,-2.4419702371325513e-14,3.2119576158786163e-09,3.4458618958650264e-09,2.2836308025822403,15.004035497307717,1.026097681586265e-08,7.448528298379391e-09,453.5708171441302,ridge,1e-14,q,Qratio-32
elasticity-2d,4,400,12832,841,7,7,2.0,12808,4.93305886333429e-15,0.0,1.148036177401345e-07,"{""1e-06"": 0.011698618742488452, ""1e-08"": 0.00015949408881498045, ""1e-10"": 1.3210671718988449e-06, ""1e-12"": 1.2871718969209333e-07, ""1e-14"": 1.148036177401345e-07}",0.1764912388367556,0.03519211925547657,500023,500031,direct,streaming_tsqr,1e-14,hu_zhang,0.3333333333333333,LS(tsvd),3.9090888714934553e-10,5.367614015308216e-09,5.307474539004033,1680,2004,99866881620892.73,2.3629116069983546e-08,1.1236025510599419e-07,2.054644286050924e-08,1.1223197248229561e-07,False,2.2737367544323206e-13,-3.540223669773468e-14,3.6859956376570232e-09,3.901886258786458e-09,2.2836308025822403,15.004035497307717,1.0347169973037965e-08,7.488668973500882e-09,542.7799728457549,tsvd,1e-14,q,Qratio-32
elasticity-2d,5,400,12832,841,7,7,2.0,12808,4.771684426383363e-15,0.0,1.1459586059339623e-07,"{""100.0"": 1.8583816552840369, ""1000.0"": 0.0003945213322891048, ""10000.0"": 1.1471459244088567e-07, ""100000.0"": 1.1459586059339623e-07, ""1000000.0"": 1.1459586059339623e-07, ""inf"": 1.1459586059339623e-07}",0.1764912388367556,0.03519211925547657,600023,600031,direct,streaming_tsqr,1e-14,hu_zhang,0.3333333333333333,LS(ball),3.765320816450665e-10,4.331135067625815e-09,6.038068278983701,1681,2004,99149517333918.34,2.2724392522800132e-08,1.123405248229803e-07,1.9642012384202447e-08,1.122570032850006e-07,False,8.526512829121202e-14,-4.8726647716712534e-14,3.0145112508831577e-09,3.1098959616548166e-09,2.2836308025822403,15.004035497307717,9.950992295735492e-09,7.48735397507813e-09,420.69230185053345,ball,100000.0,q,Qratio-32
elasticity-2d,5,400,12832,841,7,7,2.0,12808,4.771684426383363e-15,0.0,1.1426354117069465e-07,"{""1e-05"": 0.14888332534523327, ""1e-06"": 0.010912289994775764, ""1e-08"": 0.00013075551319101565, ""1e-10"": 1.273210145331426e-06, ""1e-12"": 1.2536710001093705e-07, ""1e-14"": 1.1426354117069465e-07}",0.1764912388367556,0.03519211925547657,600023,600031,direct,streaming_tsqr,1e-14,hu_zhang,0.3333333333333333,LS(ridge),3.7598402890715564e-10,4.00788414481411e-09,5.423738853016403,1681,2004,99149517333918.34,2.259108839897622e-08,1.120219335057774e-07,1.9497048048401806e-08,1.1195021416261142e-07,True,4.263256414560601e-14,-7.424269532485539e-14,2.7551082092337653e-09,2.910758333092091e-09,2.2836308025822403,15.004035497307717,9.892618532483929e-09,7.466120266502857e-09,400.96630126416596,ridge,1e-14,q,Qratio-32
elasticity-2d,5,400,12832,841,7,7,2.0,12808,4.771684426383363e-15,0.0,1.1459586059339623e-07,"{""1e-06"": 0.011711062951166761, ""1e-08"": 0.00015534452891343925, ""1e-10"": 1.3030228448380463e-06, ""1e-12"": 1.3010416355242834e-07, ""1e-14"": 1.1459586059339623e-07}",0.1764912388367556,0.03519211925547657,600023,600031,direct,streaming_tsqr,1e-14,hu_zhang,0.3333333333333333,LS(tsvd),3.765320816450665e-10,4.331135067625815e-09,5.43281349298195,1681,2004,99149517333918.34,2.2724392522800132e-08,1.123405248229803e-07,1.9642012384202447e-08,1.122570032850006e-07,False,8.526512829121202e-14,-4.8726647716712534e-14,3.0145112508831577e-09,3.1098959616548166e-09,2.2836308025822403,15.004035497307717,9.950992295735492e-09,7.48735397507813e-09,420.69230185053345,tsvd,1e-14,q,Qratio-32
elasticity-2d,6,400,12832,841,7,7,2.0,12808,5.190098704487989e-15,0.0,1.15553789479268e-07,"{""100.0"": 1.8605978623494739, ""1000.0"": 0.0003916443040951657, ""10000.0"": 1.15553789479268e-07, ""100000.0"": 1.1602124285878264e-07, ""1000000.0"": 1.1602124285878264e-07, ""inf"": 1.1602124285878264e-07}",0.1764912388367556,0.03519211925547657,700023,700031,direct,streaming_tsqr,1e-14,hu_zhang,0.3333333333333333,LS(ball),3.8641510077136364e-10,4.3626073880774576e-09,5.723363283992512,1682,2004,99596461334226.97,2.3190042813183858e-08,1.1323284913001966e-07,2.013437101253065e-08,1.1314877718684938e-07,True,5.684341886080802e-14,-1.811311517441183e-14,2.9307746213544418e-09,3.231548133841231e-09,2.2836308025822403,15.004035497307717,1.0154900164668241e-08,7.546826262197117e-09,223.35753682633208,ball,10000.0,q,Qratio-32
elasticity-2d,6,400,12832,841,7,7,2.0,12808,5.190098704487989e-15,0.0,1.1582060751295482e-07,"{""1e-05"": 0.14957260217717833, ""1e-06"": 0.010882676094484659, ""1e-08"": 0.00013183213769596454, ""1e-10"": 1.281990729638283e-06, ""1e-12"": 1.2489879735979878e-07, ""1e-14"": 1.1582060751295482e-07}",0.1764912388367556,0.03519211925547657,700023,700031,direct,streaming_tsqr,1e-14,hu_zhang,0.3333333333333333,LS(ridge),3.829595373670014e-10,4.27400417739314e-09,5.104712450003717,1682,2004,99596461334226.97,2.3111282471566245e-08,1.1352487663535745e-07,2.002701972648146e-08,1.1344439388248656e-07,True,5.684341886080802e-14,-5.717214895950562e-14,2.88974982236615e-09,3.149040754342315e-09,2.2836308025822403,15.004035497307717,1.0120411077584394e-08,7.566289526289647e-09,409.44587501577746,ridge,1e-14,q,Qratio-32
elasticity-2d,6,400,12832,841,7,7,2.0,12808,5.190098704487989e-15,0.0,1.1602124285878264e-07,"{""1e-06"": 0.011686043886576762, ""1e-08"": 0.00015217781688983464, ""1e-10"": 1.331016566573451e-06, ""1e-12"": 1.2917372155900591e-07, ""1e-14"": 1.1602124285878264e-07}",0.1764912388367556,0.03519211925547657,700023,700031,direct,streaming_tsqr,1e-14,hu_zhang,0.3333333333333333,LS(tsvd),3.83643925585792e-10,4.646252328705034e-09,5.1126612380030565,1682,2004,99596461334226.97,2.3193146484540084e-08,1.1370633648210946e-07,2.0132928204596007e-08,1.1361136956960206e-07,False,0.0,-6.024607895893652e-14,3.1843927192385717e-09,3.3833864265935286e-09,2.2836308025822403,15.004035497307717,1.0156259259734185e-08,7.578383595700811e-09,488.98070397643943,tsvd,1e-14,q,Qratio-32
elasticity-2d,7,400,12832,841,7,7,2.0,12808,4.356599994622808e-15,0.0,1.1504568819347998e-07,"{""100.0"": 1.8619725520341284, ""1000.0"": 0.0003922549582769488, ""10000.0"": 1.1504568819347998e-07, ""100000.0"": 1.1580839729135789e-07, ""1000000.0"": 1.1580839729135789e-07, ""inf"": 1.1580839729135789e-07}",0.1764912388367556,0.03519211925547657,800023,800031,direct,streaming_tsqr,1e-14,hu_zhang,0.3333333333333333,LS(ball),4.04078397649307e-10,4.526364730645534e-09,5.578984962019604,1682,2004,99527938538455.92,2.3113674234019923e-08,1.1270120259743857e-07,2.0095105048595577e-08,1.1261027079815617e-07,True,1.0658141036401503e-14,-3.5735303605122226e-16,3.0273348527793045e-09,3.364999459729454e-09,2.2836308025822403,15.004035497307717,1.0121458428343096e-08,7.511392692829963e-09,223.3609076320406,ball,10000.0,q,Qratio-32
elasticity-2d,7,400,12832,841,7,7,2.0,12808,4.356599994622808e-15,0.0,1.1517808677494177e-07,"{""1e-05"": 0.14910193714056055, ""1e-06"": 0.010938259107714064, ""1e-08"": 0.00013428365142090465, ""1e-10"": 1.3427358855811435e-06, ""1e-12"": 1.2433416444339612e-07, ""1e-14"": 1.1517808677494177e-07}",0.1764912388367556,0.03519211925547657,800023,800031,direct,streaming_tsqr,1e-14,hu_zhang,0.3333333333333333,LS(ridge),4.0103795168595493e-10,4.5005530802861e-09,4.982068800018169,1682,2004,99527938538455.92,2.301642573471074e-08,1.1285548396818937e-07,1.9955212568497155e-08,1.1276570969787657e-07,True,0.0,-2.1291128582401342e-14,3.02385828461388e-09,3.3333555320494544e-09,2.2836308025822403,15.004035497307717,1.0078873392618748e-08,7.52167535117068e-09,436.6672667506069,ridge,1e-14,q,Qratio-32
elasticity-2d,7,400,12832,841,7,7,2.0,12808,4.356599994622808e-15,0.0,1.1580839729135789e-07,"{""1e-06"": 0.01169920044513019, ""1e-08"": 0.00015493191544506188, ""1e-10"": 1.331751809414916e-06, ""1e-12"": 1.2887801387583902e-07, ""1e-14"": 1.1580839729135789e-07}",0.1764912388367556,0.03519211925547657,800023,800031,direct,streaming_tsqr,1e-14,hu_zhang,0.3333333333333333,LS(tsvd),4.03982486008894e-10,4.775932677615904e-09,5.006400459998986,1682,2004,99527938538455.92,2.3095073965177592e-08,1.1348932442139806e-07,2.0054993672939e-08,1.133887879143446e-07,False,7.105427357601002e-14,-5.4767822221801765e-14,3.252120600447784e-09,3.49760554397756e-09,2.2836308025822403,15.004035497307717,1.011331338632435e-08,7.563920016169134e-09,474.12351545014843,tsvd,1e-14,q,Qratio-32
elasticity-2d,8,400,12832,841,7,7,2.0,12808,3.962126842458688e-15,0.0,1.1480631130684625e-07,"{""100.0"": 1.856662641718033, ""1000.0"": 0.0003929725946010911, ""10000.0"": 1.1480631130684625e-07, ""100000.0"": 1.1483074232697918e-07, ""1000000.0"": 1.1483074232697918e-07, ""inf"": 1.1483074232697918e-07}",0.1764912388367556,0.03519211925547657,900023,900031,direct,streaming_tsqr,1e-14,hu_zhang,0.3333333333333333,LS(ball),4.0468742431702295e-10,4.561766724770971e-09,6.154831675987225,1677,2004,99590918898792.75,2.3647130937722632e-08,1.1232612047665074e-07,2.0417611952397317e-08,1.1223345145581075e-07,True,1.5987211554602254e-14,-7.577272143066693e-15,3.169162472587517e-09,3.2811773608829267e-09,2.2836308025822403,15.004035497307717,1.035505866840795e-08,7.486393943603122e-09,223.40633842393154,ball,10000.0,q,Qratio-32
elasticity-2d,8,400,12832,841,7,7,2.0,12808,3.962126842458688e-15,0.0,1.1450205970077249e-07,"{""1e-05"": 0.15062221343334195, ""1e-06"": 0.010935934412287069, ""1e-08"": 0.00013199480180548463, ""1e-10"": 1.2442781361505052e-06, ""1e-12"": 1.2463337296723389e-07, ""1e-14"": 1.1450205970077249e-07}",0.1764912388367556,0.03519211925547657,900023,900031,direct,streaming_tsqr,1e-14,hu_zhang,0.3333333333333333,LS(ridge),4.012039911675361e-10,4.5790165003972025e-09,5.516645819996484,1677,2004,99590918898792.75,2.357971719560825e-08,1.1202269344507004e-07,2.0325552581255646e-08,1.1192906885424013e-07,True,2.842170943040401e-14,-7.175423449856666e-14,3.1845183820059973e-09,3.290324419502696e-09,2.2836308025822403,15.004035497307717,1.032553824766474e-08,7.466170915496107e-09,449.4012054886911,ridge,1e-14,q,Qratio-32
elasticity-2d,8,400,12832,841,7,7,2.0,12808,3.962126842458688e-15,0.0,1.1483074232697918e-07,"{""1e-06"": 0.011664793929549564, ""1e-08"": 0.00014325866266336003, ""1e-10"": 1.3084965131613166e-06, ""1e-12"": 1.2959400278044488e-07, ""1e-14"": 1.1483074232697918e-07}",0.1764912388367556,0.03519211925547657,900023,900031,direct,streaming_tsqr,1e-14,hu_zhang,0.3333333333333333,LS(tsvd),4.040018902946551e-10,5.1317055831436685e-09,5.526584773004288,1677,2004,99590918898792.75,2.373349517397735e-08,1.1233434403718176e-07,2.0468694494696667e-08,1.1221706843467194e-07,False,1.4210854715202004e-14,-5.520410517600993e-14,3.601285567606914e-09,3.6558370385746207e-09,2.2836308025822403,15.004035497307717,1.0392877494532147e-08,7.486942033517498e-09,448.1129064958334,tsvd,1e-14,q,Qratio-32
elasticity-2d,9,400,12832,841,7,7,2.0,12808,4.24060760237885e-15,0.0,1.1527360145789349e-07,"{""100.0"": 1.859026515320303, ""1000.0"": 0.00039102089387023137, ""10000.0"": 1.153366657949335e-07, ""100000.0"": 1.1527360145789349e-07, ""1000000.0"": 1.1527360145789349e-07, ""inf"": 1.1527360145789349e-07}",0.1764912388367556,0.03519211925547657,1000023,1000031,direct,streaming_tsqr,1e-14,hu_zhang,0.3333333333333333,LS(ball),3.9526847496481163e-10,5.1788265516984364e-09,5.771399712015409,1685,2004,97001739896520.33,2.3417787121331755e-08,1.1288215622946119e-07,2.02904952740511e-08,1.127632961142938e-07,False,2.842170943040401e-14,-7.429560439087268e-14,3.4944196898462057e-09,3.822208194720935e-09,2.2836308025822403,15.004035497307717,1.0254629204883662e-08,7.523453023669296e-09,451.4713871489452,ball,100000.0,q,Qratio-32
elasticity-2d,9,400,12832,841,7,7,2.0,12808,4.24060760237885e-15,0.0,1.1505843886796886e-07,"{""1e-05"": 0.14996353017817093, ""1e-06"": 0.010847206306178336, ""1e-08"": 0.00013141433224819892, ""1e-10"": 1.2597095346881385e-06, ""1e-12"": 1.2478710113574774e-07, ""1e-14"": 1.1505843886796886e-07}",0.1764912388367556,0.03519211925547657,1000023,1000031,direct,streaming_tsqr,1e-14,hu_zhang,0.3333333333333333,LS(ridge),3.941264940735878e-10,4.431414985437512e-09,5.163744379999116,1685,2004,97001739896520.33,2.3319105437822174e-08,1.1269257879731113e-07,2.0127633423481115e-08,1.1260541673123463e-07,True,5.684341886080802e-14,4.970069494847351e-14,2.95075960395403e-09,3.3061240951956413e-09,2.2836308025822403,15.004035497307717,1.0211416579008237e-08,7.510817927452409e-09,445.53844069901606,ridge,1e-14,q,Qratio-32
elasticity-2d,9,400,12832,841,7,7,2.0,12808,4.24060760237885e-15,0.0,1.1527360145789349e-07,"{""1e-06"": 0.01167993461920991, ""1e-08"": 0.00017333826154450723, ""1e-10"": 1.2977538725022192e-06, ""1e-12"": 1.2929399277341722e-07, ""1e-14"": 1.1527360145789349e-07}",0.1764912388367556,0.03519211925547657,1000023,1000031,direct,streaming_tsqr,1e-14,hu_zhang,0.3333333333333333,LS(tsvd),3.9526847496481163e-10,5.1788265516984364e-09,5.173223015997792,1685,2004,97001739896520.33,2.3417787121331755e-08,1.1288215622946119e-07,2.02904952740511e-08,1.127632961142938e-07,False,2.842170943040401e-14,-7.429560439087268e-14,3.4944196898462057e-09,3.822208194720935e-09,2.2836308025822403,15.004035497307717,1.0254629204883662e-08,7.523453023669296e-09,451.4713871489452,tsvd,1e-14,q,Qratio-32
