model,run,N,Q,K,activation_power,ritz_degree,ritz_ratio,projection_samples,projection_gram_residual,boundary_residual,validation_score,hyperparameter_scores,parameter_covering_radius,parameter_separation,projection_seed,training_seed,system_backend,direct_solver,direct_rcond,manufactured_solution,nu,name,r_c,r_e,abs_u,abs_M,wall_time,rank,columns,condition_estimate,w_h2_error,M_hdivdiv_error,coefficient_ball_active,coefficient_norm,algorithm,hyperparameter,study,configuration
plate,0,400,401,841,7,7,2.0,3364,5.900793522345558e-15,0.0,0.011312888080939157,"{""100.0"": 68.01343292287552, ""1000.0"": 29.89719569712251, ""10000.0"": 9.548386432724525, ""100000.0"": 0.011312888080939157, ""1000000.0"": 0.19741163179221544, ""inf"": 1.5211839934404943}",0.1764912388367556,0.03519211925547657,100023,100031,direct,streaming_tsqr,1e-14,trig,0.3,LS(ball),0.00261996842468697,0.011239063374515895,1.6222663660445096e-06,0.00015480180027656578,0.4648984470113646,1170,1604,98431552113303.73,0.0012823555329258046,0.011240129409119518,True,2496.880859241783,ball,100000.0,q,Qratio-1
plate,0,400,401,841,7,7,2.0,3364,5.900793522345558e-15,0.0,0.005941246751021814,"{""1e-05"": 28.49807542154555, ""1e-06"": 4.881186811448212, ""1e-08"": 0.15296706873575866, ""1e-10"": 0.005941246751021814, ""1e-12"": 0.058895465896425046, ""1e-14"": 0.9822890242584172}",0.1764912388367556,0.03519211925547657,100023,100031,direct,streaming_tsqr,1e-14,trig,0.3,LS(ridge),0.006872666722293072,0.005687433937549194,2.573415098656e-06,0.0005252153648787536,0.12431254601688124,555,1604,9727595426.206089,0.0016346788041672006,0.005711633389275878,True,1408.8409402557536,ridge,1e-10,q,Qratio-1
plate,0,400,401,841,7,7,2.0,3364,5.900793522345558e-15,0.0,0.006015195650673515,"{""1e-06"": 5.671475791150417, ""1e-08"": 0.13276161566901995, ""1e-10"": 0.006015195650673515, ""1e-12"": 0.07629864635800868, ""1e-14"": 1.5211839934404943}",0.1764912388367556,0.03519211925547657,100023,100031,direct,streaming_tsqr,1e-14,trig,0.3,LS(tsvd),0.006497800346890325,0.005753282595160127,1.8159065140050483e-06,0.00047561465705820447,0.12562147199059837,555,1604,9727595426.206089,0.0016894792325800154,0.0057729082724204996,False,1428.1385362770386,tsvd,1e-10,q,Qratio-1
plate,1,400,401,841,7,7,2.0,3364,5.525414034298001e-15,0.0,0.009429755548923573,"{""100.0"": 67.77935791952467, ""1000.0"": 28.968187748062977, ""10000.0"": 8.75622006475252, ""100000.0"": 0.009429755548923573, ""1000000.0"": 0.05679444764746677, ""inf"": 1.775488055718495}",0.1764912388367556,0.03519211925547657,200023,200031,direct,streaming_tsqr,1e-14,trig,0.3,LS(ball),0.0021850500776074483,0.009370178228325874,2.8424102859252933e-06,0.00017377669050405598,0.4496885469998233,1189,1604,99516280910892.05,0.0010430498679675525,0.009371789496609212,True,2496.8808489359963,ball,100000.0,q,Qratio-1
plate,1,400,401,841,7,7,2.0,3364,5.525414034298001e-15,0.0,0.008053736702228224,"{""1e-05"": 24.68411675488811, ""1e-06"": 4.761544029921165, ""1e-08"": 0.15754592660245564, ""1e-10"": 0.008053736702228224, ""1e-12"": 0.010554070206399993, ""1e-14"": 0.3883000977442054}",0.1764912388367556,0.03519211925547657,200023,200031,direct,streaming_tsqr,1e-14,trig,0.3,LS(ridge),0.005493952079906904,0.007877371099046076,2.7798554990621547e-06,0.00045035792915379245,0.10284225299255922,560,1604,9958349776.198694,0.0016153082081487473,0.007890234324558307,True,1408.6018939539392,ridge,1e-10,q,Qratio-1
plate,1,400,401,841,7,7,2.0,3364,5.525414034298001e-15,0.0,0.0069702347041452105,"{""1e-06"": 5.152875420313603, ""1e-08"": 0.14494760463988526, ""1e-10"": 0.0069702347041452105, ""1e-12"": 0.02176928481294053, ""1e-14"": 1.775488055718495}",0.1764912388367556,0.03519211925547657,200023,200031,direct,streaming_tsqr,1e-14,trig,0.3,LS(tsvd),0.005175286107290487,0.0067353668087236605,2.3912021269471696e-06,0.00042737678535076547,0.104027656983817,560,1604,9958349776.198694,0.0017433462747895017,0.00674891228011693,False,1425.166967047887,tsvd,1e-10,q,Qratio-1
plate,2,400,401,841,7,7,2.0,3364,2.5343654785253313e-15,0.0,0.014542584490660761,"{""100.0"": 69.5771190579828, ""1000.0"": 31.308678748134188, ""10000.0"": 12.959680028970732, ""100000.0"": 0.014542584490660761, ""1000000.0"": 0.07063609229793465, ""inf"": 1.6702384523941711}",0.1764912388367556,0.03519211925547657,300023,300031,direct,streaming_tsqr,1e-14,trig,0.3,LS(ball),0.0068116819080580975,0.014495210865163574,2.5834100770720547e-06,0.0004784043736100988,0.4625222329632379,1172,1604,98940078123008.06,0.0010684528896237923,0.014503103418587534,True,2496.8808380021633,ball,100000.0,q,Qratio-1
plate,2,400,401,841,7,7,2.0,3364,2.5343654785253313e-15,0.0,0.022171812858298313,"{""1e-05"": 34.93178439107206, ""1e-06"": 5.132951998089068, ""1e-08"": 0.795140585193618, ""1e-10"": 0.07797159385516811, ""1e-12"": 0.022171812858298313, ""1e-14"": 1.8865156723706697}",0.1764912388367556,0.03519211925547657,300023,300031,direct,streaming_tsqr,1e-14,trig,0.3,LS(ridge),0.005058306032034694,0.022150522857606273,2.2213656459396935e-06,0.0003452720780589813,0.10600284399697557,945,1604,998587834854.3125,0.0009012769269788724,0.022153213664685877,True,5974.825448028351,ridge,1e-12,q,Qratio-1
plate,2,400,401,841,7,7,2.0,3364,2.5343654785253313e-15,0.0,0.03189778767827583,"{""1e-06"": 7.630563948535169, ""1e-08"": 0.6784650584617752, ""1e-10"": 0.05181388988698192, ""1e-12"": 0.03189778767827583, ""1e-14"": 1.6702384523941711}",0.1764912388367556,0.03519211925547657,300023,300031,direct,streaming_tsqr,1e-14,trig,0.3,LS(tsvd),0.005693591753756133,0.03187656904461978,2.1020229259931914e-06,0.00038715172359728053,0.10881551797501743,945,1604,998587834854.3125,0.0010903865041491957,0.03187892000230711,False,6339.680431006988,tsvd,1e-12,q,Qratio-1
plate,3,400,401,841,7,7,2.0,3364,2.5371889883540105e-15,0.0,0.01756991085306738,"{""100.0"": 66.94662863195019, ""1000.0"": 28.671694419603703, ""10000.0"": 8.69268831276146, ""100000.0"": 0.01756991085306738, ""1000000.0"": 0.0642990600685895, ""inf"": 0.22663420207679053}",0.1764912388367556,0.03519211925547657,400023,400031,direct,streaming_tsqr,1e-14,trig,0.3,LS(ball),0.00131115587693889,0.017560848490430638,8.28150000784673e-07,8.837639838586197e-05,0.4488026770122815,1185,1604,98175607168045.84,0.0005662350868387481,0.017561070869729203,True,2496.880841972852,ball,100000.0,q,Qratio-1
plate,3,400,401,841,7,7,2.0,3364,2.5371889883540105e-15,0.0,0.005192434690452013,"{""1e-05"": 23.831643087306457, ""1e-06"": 4.763865584395535, ""1e-08"": 0.13142498491757368, ""1e-10"": 0.005192434690452013, ""1e-12"": 0.029958547947420238, ""1e-14"": 0.24760143812159405}",0.1764912388367556,0.03519211925547657,400023,400031,direct,streaming_tsqr,1e-14,trig,0.3,LS(ridge),0.004964780472206763,0.004925727701284794,3.6099126207034287e-06,0.00039714789260093293,0.11412095598643646,560,1604,9996474321.836575,0.001595550594974033,0.004941712237251552,True,1420.3963175897147,ridge,1e-10,q,Qratio-1
plate,3,400,401,841,7,7,2.0,3364,2.5371889883540105e-15,0.0,0.00543402913312309,"{""1e-06"": 4.956347685078683, ""1e-08"": 0.16362383574804276, ""1e-10"": 0.00543402913312309, ""1e-12"": 0.027050323312284248, ""1e-14"": 0.22663420207679053}",0.1764912388367556,0.03519211925547657,400023,400031,direct,streaming_tsqr,1e-14,trig,0.3,LS(tsvd),0.004328602773051684,0.005214519344235883,3.2268193804939326e-06,0.0003408208561091201,0.11517969399574213,560,1604,9996474321.836575,0.0014921731956305546,0.0052256454957611866,False,1439.0627220437223,tsvd,1e-10,q,Qratio-1
plate,4,400,401,841,7,7,2.0,3364,3.009184335541785e-15,0.0,0.0058150338931118525,"{""100.0"": 66.82687272315047, ""1000.0"": 29.09977577545663, ""10000.0"": 8.652760697196177, ""100000.0"": 0.0058150338931118525, ""1000000.0"": 0.024414567994270987, ""inf"": 0.26532003598904763}",0.1764912388367556,0.03519211925547657,500023,500031,direct,streaming_tsqr,1e-14,trig,0.3,LS(ball),0.0007504488263504527,0.005784900339271576,6.304141177052786e-07,3.6039286611456755e-05,0.45944459800375625,1194,1604,98948219432616.58,0.0005882048934847459,0.005785012598558784,True,2496.880858063113,ball,100000.0,q,Qratio-1
plate,4,400,401,841,7,7,2.0,3364,3.009184335541785e-15,0.0,0.003953479994037782,"{""1e-05"": 24.16676088956523, ""1e-06"": 4.615646537944663, ""1e-08"": 0.0799502917461437, ""1e-10"": 0.003953479994037782, ""1e-12"": 0.01738545348939749, ""1e-14"": 0.3803026459916415}",0.1764912388367556,0.03519211925547657,500023,500031,direct,streaming_tsqr,1e-14,trig,0.3,LS(ridge),0.0023538684242261068,0.0038949534963349996,1.4098570413837237e-06,0.00018860140943020222,0.1127060349972453,570,1604,9924382493.245289,0.0006523458005218689,0.0038995170508989052,True,1428.537623308501,ridge,1e-10,q,Qratio-1
plate,4,400,401,841,7,7,2.0,3364,3.009184335541785e-15,0.0,0.004271369385878462,"{""1e-06"": 5.285126155738098, ""1e-08"": 0.084162213604845, ""1e-10"": 0.004271369385878462, ""1e-12"": 0.043804759114756266, ""1e-14"": 0.26532003598904763}",0.1764912388367556,0.03519211925547657,500023,500031,direct,streaming_tsqr,1e-14,trig,0.3,LS(tsvd),0.0024753739646089764,0.004182451802684081,1.4393290945376779e-06,0.00018481177486994832,0.11407970200525597,570,1604,9924382493.245289,0.0008482187865278487,0.004186532989707103,False,1444.6602752339431,tsvd,1e-10,q,Qratio-1
plate,5,400,401,841,7,7,2.0,3364,3.9057355655364296e-15,0.0,0.007958421936848674,"{""100.0"": 67.4401063294187, ""1000.0"": 29.606931933906427, ""10000.0"": 8.819924829880591, ""100000.0"": 0.007958421936848674, ""1000000.0"": 0.2570610847644913, ""inf"": 0.9577892299003007}",0.1764912388367556,0.03519211925547657,600023,600031,direct,streaming_tsqr,1e-14,trig,0.3,LS(ball),0.001482546804465919,0.007940105206075614,1.0373227011538687e-06,0.00010337612475575954,0.44338504699408077,1196,1604,98476441685604.47,0.0005304295905951349,0.007940778129800543,True,2496.8808367040738,ball,100000.0,q,Qratio-1
plate,5,400,401,841,7,7,2.0,3364,3.9057355655364296e-15,0.0,0.008357489329857597,"{""1e-05"": 25.26584384217539, ""1e-06"": 4.711399536836405, ""1e-08"": 0.1558697420381886, ""1e-10"": 0.008357489329857597, ""1e-12"": 0.010314968086831302, ""1e-14"": 2.5555654308386115}",0.1764912388367556,0.03519211925547657,600023,600031,direct,streaming_tsqr,1e-14,trig,0.3,LS(ridge),0.005497732639118369,0.008256465406137468,2.905799656474466e-06,0.0004551187463302653,0.13133531500352547,562,1604,9978591803.165884,0.0012130065571590014,0.008268999581328202,True,1413.1682462815104,ridge,1e-10,q,Qratio-1
plate,5,400,401,841,7,7,2.0,3364,3.9057355655364296e-15,0.0,0.005984395728245101,"{""1e-06"": 5.296606971293368, ""1e-08"": 0.16845003476984263, ""1e-10"": 0.005984395728245101, ""1e-12"": 0.019248353920136848, ""1e-14"": 0.9577892299003007}",0.1764912388367556,0.03519211925547657,600023,600031,direct,streaming_tsqr,1e-14,trig,0.3,LS(tsvd),0.0049321148510520895,0.005797875177510571,2.5126930960530726e-06,0.00039255734691260506,0.13358950699330308,562,1604,9978591803.165884,0.0014290772619666354,0.005811149442632525,False,1430.5410209466693,tsvd,1e-10,q,Qratio-1
plate,6,400,401,841,7,7,2.0,3364,1.950018053910315e-15,0.0,0.020846673133944955,"{""100.0"": 67.96660432327918, ""1000.0"": 29.24166033437783, ""10000.0"": 9.292053509579413, ""100000.0"": 0.020846673133944955, ""1000000.0"": 0.11438295307494793, ""inf"": 2.4338231163272632}",0.1764912388367556,0.03519211925547657,700023,700031,direct,streaming_tsqr,1e-14,trig,0.3,LS(ball),0.00102499959726229,0.020832937505154872,1.9072521803855134e-06,6.602039439610952e-05,0.43680993499583565,1181,1604,98574020262810.92,0.0007495545514127354,0.02083304211549923,True,2496.880864524271,ball,100000.0,q,Qratio-1
plate,6,400,401,841,7,7,2.0,3364,1.950018053910315e-15,0.0,0.006595860842305426,"{""1e-05"": 27.043902024747894, ""1e-06"": 4.669901614577013, ""1e-08"": 0.1305280148472905, ""1e-10"": 0.006595860842305426, ""1e-12"": 0.03396867768182757, ""1e-14"": 1.42322917879073}",0.1764912388367556,0.03519211925547657,700023,700031,direct,streaming_tsqr,1e-14,trig,0.3,LS(ridge),0.0054595614626413436,0.006085643207245305,2.6992556877062247e-06,0.0004017480629009468,0.12149607198080048,557,1604,9851079651.7281,0.002511369706849726,0.006098889632706562,True,1411.3649746487677,ridge,1e-10,q,Qratio-1
plate,6,400,401,841,7,7,2.0,3364,1.950018053910315e-15,0.0,0.0062576372061110015,"{""1e-06"": 5.303775492697851, ""1e-08"": 0.11886865227079595, ""1e-10"": 0.0062576372061110015, ""1e-12"": 0.04196612857855526, ""1e-14"": 2.4338231163272632}",0.1764912388367556,0.03519211925547657,700023,700031,direct,streaming_tsqr,1e-14,trig,0.3,LS(tsvd),0.0047300037034651585,0.005978157839608314,1.9501541214482053e-06,0.00033477802750352554,0.12243968198890798,557,1604,9851079651.7281,0.0018187439552204037,0.005987524320031568,False,1430.7851793618868,tsvd,1e-10,q,Qratio-1
plate,7,400,401,841,7,7,2.0,3364,4.783149150353831e-15,0.0,0.0030842568159380156,"{""100.0"": 66.65655685497845, ""1000.0"": 28.618169856664274, ""10000.0"": 8.478226697711433, ""100000.0"": 0.0030842568159380156, ""1000000.0"": 0.009903543321647267, ""inf"": 0.01744524432335264}",0.1764912388367556,0.03519211925547657,800023,800031,direct,streaming_tsqr,1e-14,trig,0.3,LS(ball),0.0005152156109058869,0.0030585081045166646,8.744163766876429e-07,2.7659059694559013e-05,0.44631520999246277,1200,1604,98389704193580.4,0.0003948989843388011,0.003058633166788281,True,2496.880845249412,ball,100000.0,q,Qratio-1
plate,7,400,401,841,7,7,2.0,3364,4.783149150353831e-15,0.0,0.0025861533096459247,"{""1e-05"": 23.355289892255925, ""1e-06"": 4.58590506266767, ""1e-08"": 0.07181438611919427, ""1e-10"": 0.0025861533096459247, ""1e-12"": 0.005940468280388399, ""1e-14"": 0.01628853671073384}",0.1764912388367556,0.03519211925547657,800023,800031,direct,streaming_tsqr,1e-14,trig,0.3,LS(ridge),0.001873403845288417,0.0023757952593507197,1.2123221016302673e-06,0.00014516976800987413,0.12143034199834801,567,1604,9898227957.520267,0.0010127193153193447,0.0023802263287127537,True,1420.702284051668,ridge,1e-10,q,Qratio-1
plate,7,400,401,841,7,7,2.0,3364,4.783149150353831e-15,0.0,0.0028344793419015435,"{""1e-06"": 4.817665151474295, ""1e-08"": 0.07752181480863828, ""1e-10"": 0.0028344793419015435, ""1e-12"": 0.0066349940313291346, ""1e-14"": 0.01744524432335264}",0.1764912388367556,0.03519211925547657,800023,800031,direct,streaming_tsqr,1e-14,trig,0.3,LS(tsvd),0.0017393429207606713,0.0026670711634465077,1.7404177150179021e-06,0.0001254170191978851,0.12374144099885598,567,1604,9898227957.520267,0.0009546768761232284,0.0026700183556658164,False,1437.935242152463,tsvd,1e-10,q,Qratio-1
plate,8,400,401,841,7,7,2.0,3364,2.8310027323899038e-15,0.0,0.009442819687514013,"{""100.0"": 66.99427515216236, ""1000.0"": 30.035819842173996, ""10000.0"": 9.156196712291285, ""100000.0"": 0.009442819687514013, ""1000000.0"": 0.3634820641764863, ""inf"": 1.6379622200039055}",0.1764912388367556,0.03519211925547657,900023,900031,direct,streaming_tsqr,1e-14,trig,0.3,LS(ball),0.0024749821616938277,0.009424702743779993,1.109127762366459e-06,0.0001622402601146377,0.43737555501866154,1184,1604,98491939218579.03,0.0005603986848887957,0.009426099071759016,True,2496.8808533016536,ball,100000.0,q,Qratio-1
plate,8,400,401,841,7,7,2.0,3364,2.8310027323899038e-15,0.0,0.007022280326598794,"{""1e-05"": 27.80989314516491, ""1e-06"": 5.070258662309513, ""1e-08"": 0.4087315843203342, ""1e-10"": 0.007022280326598794, ""1e-12"": 0.12656181435493738, ""1e-14"": 2.0992726601480443}",0.1764912388367556,0.03519211925547657,900023,900031,direct,streaming_tsqr,1e-14,trig,0.3,LS(ridge),0.01055459430985237,0.006829774128039631,1.2469616377802503e-06,0.0008580218383907532,0.1178054359916132,560,1604,9925306165.18588,0.0013906095710839205,0.006883459603658247,True,1419.2470548346075,ridge,1e-10,q,Qratio-1
plate,8,400,401,841,7,7,2.0,3364,2.8310027323899038e-15,0.0,0.00921523621386655,"{""1e-06"": 5.723716934729018, ""1e-08"": 0.37806114883860154, ""1e-10"": 0.00921523621386655, ""1e-12"": 0.045653657980851726, ""1e-14"": 1.6379622200039055}",0.1764912388367556,0.03519211925547657,900023,900031,direct,streaming_tsqr,1e-14,trig,0.3,LS(tsvd),0.009427713521166612,0.009082362436092133,1.4633305516760301e-06,0.000750199721728463,0.11882066799444146,560,1604,9925306165.18588,0.001369999227845635,0.009113292875959758,False,1441.7145894780572,tsvd,1e-10,q,Qratio-1
plate,9,400,401,841,7,7,2.0,3364,3.384600772086999e-15,0.0,0.013141726647581545,"{""100.0"": 67.47340644128587, ""1000.0"": 29.512784550854924, ""10000.0"": 8.881595591342634, ""100000.0"": 0.013141726647581545, ""1000000.0"": 0.12915471553648322, ""inf"": 0.1493881172037222}",0.1764912388367556,0.03519211925547657,1000023,1000031,direct,streaming_tsqr,1e-14,trig,0.3,LS(ball),0.002327395361318346,0.01307773354269612,1.7710496534368283e-06,0.00013199631197297797,0.44743631398887374,1171,1604,96779916787834.1,0.0012879159973897339,0.013078399658984798,True,2496.8808570614983,ball,100000.0,q,Qratio-1
plate,9,400,401,841,7,7,2.0,3364,3.384600772086999e-15,0.0,0.005859778964979913,"{""1e-05"": 25.698327580248502, ""1e-06"": 4.878483503857541, ""1e-08"": 0.1816579118655739, ""1e-10"": 0.005859778964979913, ""1e-12"": 0.07033189978898491, ""1e-14"": 0.19735761132619908}",0.1764912388367556,0.03519211925547657,1000023,1000031,direct,streaming_tsqr,1e-14,trig,0.3,LS(ridge),0.006966431992303543,0.005516571348781655,2.0640969921386224e-06,0.000569047976867776,0.12066873098956421,560,1604,9924198136.967575,0.0018959174003808019,0.005545843041970802,True,1413.420741149742,ridge,1e-10,q,Qratio-1
plate,9,400,401,841,7,7,2.0,3364,3.384600772086999e-15,0.0,0.005863156158140667,"{""1e-06"": 5.706576855470443, ""1e-08"": 0.19356719643807857, ""1e-10"": 0.005863156158140667, ""1e-12"": 0.07989762944892126, ""1e-14"": 0.1493881172037222}",0.1764912388367556,0.03519211925547657,1000023,1000031,direct,streaming_tsqr,1e-14,trig,0.3,LS(tsvd),0.005589184963056513,0.005679679636752842,1.2150469901267246e-06,0.0004545316592332516,0.12200065498473123,560,1604,9924198136.967575,0.0013879909738595852,0.005697838169463067,False,1431.7550240531782,tsvd,1e-10,q,Qratio-1
plate,0,400,802,841,7,7,2.0,3364,5.900793522345558e-15,0.0,0.0012798000068921832,"{""100.0"": 66.64213949050887, ""1000.0"": 28.62169646507829, ""10000.0"": 8.50872447492663, ""100000.0"": 0.0012798000068921832, ""1000000.0"": 0.0036618565704377194, ""inf"": 0.007051691739390814}",0.1764912388367556,0.03519211925547657,100023,100031,direct,streaming_tsqr,1e-14,trig,0.3,LS(ball),0.00023780095775394539,0.0012675887977310534,4.853790867681429e-07,1.1966332988497046e-05,0.5828557450149674,1297,1604,98901617265242.73,0.00017566816678960686,0.001267645278955611,True,2496.880855587915,ball,100000.0,q,Qratio-2
plate,0,400,802,841,7,7,2.0,3364,5.900793522345558e-15,0.0,0.0012751294607977397,"{""1e-05"": 23.022478621152416, ""1e-06"": 4.428245752944883, ""1e-08"": 0.05712051658040755, ""1e-10"": 0.0012751294607977397, ""1e-12"": 0.0017897708442480885, ""1e-14"": 0.007941779445335197}",0.1764912388367556,0.03519211925547657,100023,100031,direct,streaming_tsqr,1e-14,trig,0.3,LS(ridge),0.000944657172829081,0.0012054560587441605,4.536539729749711e-07,7.223382461948879e-05,0.22572177601978183,591,1604,9977296279.529554,0.00041257941335478654,0.001207618331668646,True,1443.483142303359,ridge,1e-10,q,Qratio-2
plate,0,400,802,841,7,7,2.0,3364,5.900793522345558e-15,0.0,0.0014049328816849486,"{""1e-06"": 4.83609803963862, ""1e-08"": 0.03888062338684469, ""1e-10"": 0.0014049328816849486, ""1e-12"": 0.001615266596485324, ""1e-14"": 0.007051691739390814}",0.1764912388367556,0.03519211925547657,100023,100031,direct,streaming_tsqr,1e-14,trig,0.3,LS(tsvd),0.0009324423711697238,0.0013442173162098252,6.909707248676937e-07,6.766520784922505e-05,0.22719524599961005,591,1604,9977296279.529554,0.00040650680673699063,0.0013459193042495616,False,1461.687566284234,tsvd,1e-10,q,Qratio-2
plate,1,400,802,841,7,7,2.0,3364,5.525414034298001e-15,0.0,0.003329908859712718,"{""100.0"": 67.1749946784595, ""1000.0"": 28.949582042309487, ""10000.0"": 8.628291189602058, ""100000.0"": 0.003329908859712718, ""1000000.0"": 0.07756660094948097, ""inf"": 0.13699989924086978}",0.1764912388367556,0.03519211925547657,200023,200031,direct,streaming_tsqr,1e-14,trig,0.3,LS(ball),0.0003497517263622332,0.003325153585332346,2.715021670555097e-07,2.0310479515252328e-05,0.5426215119950939,1289,1604,98828198363056.81,0.00018095040092001104,0.0033252156143063405,True,2496.8808626036207,ball,100000.0,q,Qratio-2
plate,1,400,802,841,7,7,2.0,3364,5.525414034298001e-15,0.0,0.0013469618806448483,"{""1e-05"": 24.12543065237062, ""1e-06"": 4.4554006342277646, ""1e-08"": 0.07731010959336547, ""1e-10"": 0.0013469618806448483, ""1e-12"": 0.011041935617012624, ""1e-14"": 0.135744981696236}",0.1764912388367556,0.03519211925547657,200023,200031,direct,streaming_tsqr,1e-14,trig,0.3,LS(ridge),0.002241734994746599,0.0012142979224983683,6.818278094104175e-07,0.00017563395695203228,0.2155963499972131,588,1604,9859305854.240553,0.0005580328607936357,0.0012269338741018121,True,1436.5531223146056,ridge,1e-10,q,Qratio-2
plate,1,400,802,841,7,7,2.0,3364,5.525414034298001e-15,0.0,0.0014881960580402128,"{""1e-06"": 4.775997547467042, ""1e-08"": 0.08841433894363256, ""1e-10"": 0.0014881960580402128, ""1e-12"": 0.00551816434010324, ""1e-14"": 0.13699989924086978}",0.1764912388367556,0.03519211925547657,200023,200031,direct,streaming_tsqr,1e-14,trig,0.3,LS(tsvd),0.002144736985509006,0.0013605057964299295,9.623886170390507e-07,0.00016047725997054952,0.2171379580104258,588,1604,9859305854.240553,0.0005843181817192784,0.0013699375799966552,False,1451.3143935319642,tsvd,1e-10,q,Qratio-2
plate,2,400,802,841,7,7,2.0,3364,2.5343654785253313e-15,0.0,0.0073532485149523895,"{""100.0"": 66.54704757806209, ""1000.0"": 29.16124945362806, ""10000.0"": 8.65018927772427, ""100000.0"": 0.0073532485149523895, ""1000000.0"": 0.007517928028713915, ""inf"": 0.011178833875401348}",0.1764912388367556,0.03519211925547657,300023,300031,direct,streaming_tsqr,1e-14,trig,0.3,LS(ball),0.00032713603931766095,0.007350265371232789,3.2407647968320747e-07,1.8761433716810935e-05,0.611116943997331,1273,1604,98452928813765.86,0.00020975501890246222,0.007350289315322153,True,2496.8808561150836,ball,100000.0,q,Qratio-2
plate,2,400,802,841,7,7,2.0,3364,2.5343654785253313e-15,0.0,0.0019129832501139105,"{""1e-05"": 25.465050499287454, ""1e-06"": 4.673712041595128, ""1e-08"": 0.08443664657926171, ""1e-10"": 0.0019129832501139105, ""1e-12"": 0.007207815432495054, ""1e-14"": 0.013875958053888672}",0.1764912388367556,0.03519211925547657,300023,300031,direct,streaming_tsqr,1e-14,trig,0.3,LS(ridge),0.0018558702408704867,0.001786006741325089,8.212777531021774e-07,0.0001443777657980428,0.2330844209936913,582,1604,9998755832.458117,0.0006705483070863321,0.001791832865898909,True,1437.7357257990036,ridge,1e-10,q,Qratio-2
plate,2,400,802,841,7,7,2.0,3364,2.5343654785253313e-15,0.0,0.00261102100123696,"{""1e-06"": 5.75755911644236, ""1e-08"": 0.07094893116890287, ""1e-10"": 0.00261102100123696, ""1e-12"": 0.007359273627347174, ""1e-14"": 0.011178833875401348}",0.1764912388367556,0.03519211925547657,300023,300031,direct,streaming_tsqr,1e-14,trig,0.3,LS(tsvd),0.001905780600788614,0.0025658344373891743,4.983420014605917e-07,0.00014706443981753455,0.2345014919701498,582,1604,9998755832.458117,0.0004630122954867841,0.002570045585111491,False,1457.3966856604118,tsvd,1e-10,q,Qratio-2
plate,3,400,802,841,7,7,2.0,3364,2.5371889883540105e-15,0.0,0.002052726873301584,"{""100.0"": 66.9547412169883, ""1000.0"": 28.464889522184723, ""10000.0"": 8.555249061063517, ""100000.0"": 0.002052726873301584, ""1000000.0"": 0.0029646621177137427, ""inf"": 0.01125498122668087}",0.1764912388367556,0.03519211925547657,400023,400031,direct,streaming_tsqr,1e-14,trig,0.3,LS(ball),0.0002799475797674166,0.0020389171916818122,5.33346032113016e-07,1.4142085007389185e-05,0.5444124909990933,1278,1604,99002062032219.64,0.00023912146670355776,0.002038966236381565,True,2496.880844127273,ball,100000.0,q,Qratio-2
plate,3,400,802,841,7,7,2.0,3364,2.5371889883540105e-15,0.0,0.0015259900683485433,"{""1e-05"": 23.643060025941253, ""1e-06"": 4.604849365385396, ""1e-08"": 0.07039410702371786, ""1e-10"": 0.0015259900683485433, ""1e-12"": 0.0027122983812616457, ""1e-14"": 0.013991309371020869}",0.1764912388367556,0.03519211925547657,400023,400031,direct,streaming_tsqr,1e-14,trig,0.3,LS(ridge),0.00124490993831496,0.0012913329478780287,8.489090978358895e-07,8.58669999799858e-05,0.20713046402670443,583,1604,9935897978.09769,0.0008101710216267049,0.001294184656052189,True,1438.3628813314203,ridge,1e-10,q,Qratio-2
plate,3,400,802,841,7,7,2.0,3364,2.5371889883540105e-15,0.0,0.001635814175496767,"{""1e-06"": 4.75292176569975, ""1e-08"": 0.06560127682539416, ""1e-10"": 0.001635814175496767, ""1e-12"": 0.002839647373406377, ""1e-14"": 0.01125498122668087}",0.1764912388367556,0.03519211925547657,400023,400031,direct,streaming_tsqr,1e-14,trig,0.3,LS(tsvd),0.001203662963542176,0.0014042565711109313,5.096558881123204e-07,7.423101915123741e-05,0.2095248220139183,583,1604,9935897978.09769,0.0008363316360301261,0.0014062171815592574,False,1455.7762113981805,tsvd,1e-10,q,Qratio-2
plate,4,400,802,841,7,7,2.0,3364,3.009184335541785e-15,0.0,0.0011121051120564455,"{""100.0"": 66.63429750888521, ""1000.0"": 28.509434526339536, ""10000.0"": 8.454383800850115, ""100000.0"": 0.0011121051120564455, ""1000000.0"": 0.0016370475730111344, ""inf"": 0.006790941840315763}",0.1764912388367556,0.03519211925547657,500023,500031,direct,streaming_tsqr,1e-14,trig,0.3,LS(ball),0.00019932219902099878,0.0011006682987540356,2.2587311071820781e-07,1.159357609886103e-05,0.5629318009887356,1295,1604,99653345967719.97,0.00015329603400297703,0.0011007293558767581,True,2496.8808426620394,ball,100000.0,q,Qratio-2
plate,4,400,802,841,7,7,2.0,3364,3.009184335541785e-15,0.0,0.0012252202170725788,"{""1e-05"": 22.81096707691983, ""1e-06"": 4.335750943615756, ""1e-08"": 0.05245103124868933, ""1e-10"": 0.0012252202170725788, ""1e-12"": 0.001324742940842117, ""1e-14"": 0.008793913352034836}",0.1764912388367556,0.03519211925547657,500023,500031,direct,streaming_tsqr,1e-14,trig,0.3,LS(ridge),0.000721907683555105,0.0011568020266026153,4.162056739353612e-07,5.1479898469806725e-05,0.21757553197676316,599,1604,9975535529.297684,0.0004010937041636265,0.0011579469369096234,True,1445.3604176000022,ridge,1e-10,q,Qratio-2
plate,4,400,802,841,7,7,2.0,3364,3.009184335541785e-15,0.0,0.0013443742572666231,"{""1e-06"": 4.708514305272468, ""1e-08"": 0.03875532210423426, ""1e-10"": 0.0013443742572666231, ""1e-12"": 0.001450665546754115, ""1e-14"": 0.006790941840315763}",0.1764912388367556,0.03519211925547657,500023,500031,direct,streaming_tsqr,1e-14,trig,0.3,LS(tsvd),0.000520550565727323,0.0013086986069808279,3.451372464994718e-07,3.691857355945594e-05,0.21887761299149133,599,1604,9975535529.297684,0.0003075006085110685,0.001309219242520986,False,1465.827607660955,tsvd,1e-10,q,Qratio-2
plate,5,400,802,841,7,7,2.0,3364,3.9057355655364296e-15,0.0,0.0011056525267821229,"{""100.0"": 66.96802351180142, ""1000.0"": 28.674928094238055, ""10000.0"": 8.437708925684884, ""100000.0"": 0.0011056525267821229, ""1000000.0"": 0.0023096769666370726, ""inf"": 0.008294552570761664}",0.1764912388367556,0.03519211925547657,600023,600031,direct,streaming_tsqr,1e-14,trig,0.3,LS(ball),0.0001789126094784013,0.001097389514802928,2.0165039578321414e-07,1.0602908348059335e-05,0.5244589670037385,1295,1604,97042334762183.64,0.00013567525893575685,0.0010974407359237413,True,2496.8808608191175,ball,100000.0,q,Qratio-2
plate,5,400,802,841,7,7,2.0,3364,3.9057355655364296e-15,0.0,0.001173594480055387,"{""1e-05"": 23.026531491916753, ""1e-06"": 4.416282673006597, ""1e-08"": 0.06290581891781488, ""1e-10"": 0.0013449884569550418, ""1e-12"": 0.001173594480055387, ""1e-14"": 0.005618066013059254}",0.1764912388367556,0.03519211925547657,600023,600031,direct,streaming_tsqr,1e-14,trig,0.3,LS(ridge),0.0001437779611015179,0.0011677462582390685,1.524525232514243e-07,7.354840627643936e-06,0.19744565797736868,1020,1604,979054750573.93,0.00011916513602679419,0.0011677694195824804,True,5608.5144469037505,ridge,1e-12,q,Qratio-2
plate,5,400,802,841,7,7,2.0,3364,3.9057355655364296e-15,0.0,0.0012469054163971633,"{""1e-06"": 4.761825398322906, ""1e-08"": 0.04054999171044948, ""1e-10"": 0.001470322341050591, ""1e-12"": 0.0012469054163971633, ""1e-14"": 0.008294552570761664}",0.1764912388367556,0.03519211925547657,600023,600031,direct,streaming_tsqr,1e-14,trig,0.3,LS(tsvd),0.0001443987256610452,0.001241178535696755,1.403943188291051e-07,7.095757270986698e-06,0.19994029999361373,1020,1604,979054750573.93,0.00012114564153796841,0.0012411988185804842,False,5992.7144815583615,tsvd,1e-12,q,Qratio-2
plate,6,400,802,841,7,7,2.0,3364,1.950018053910315e-15,0.0,0.002260132892145608,"{""100.0"": 66.63639808427497, ""1000.0"": 28.818198031363657, ""10000.0"": 8.544961986857007, ""100000.0"": 0.002260132892145608, ""1000000.0"": 0.0031271499527071567, ""inf"": 0.0056316126589918405}",0.1764912388367556,0.03519211925547657,700023,700031,direct,streaming_tsqr,1e-14,trig,0.3,LS(ball),0.0002396603634035541,0.0022534385948583353,3.1880254166362297e-07,1.4386163607978596e-05,0.5670936969981994,1286,1604,99548861270384.42,0.00017358072899840944,0.0022534845157001775,True,2496.880846657925,ball,100000.0,q,Qratio-2
plate,6,400,802,841,7,7,2.0,3364,1.950018053910315e-15,0.0,0.002111838401212032,"{""1e-05"": 24.42857208625674, ""1e-06"": 4.556171666243603, ""1e-08"": 0.06366430558014434, ""1e-10"": 0.002111838401212032, ""1e-12"": 0.0024349001248294404, ""1e-14"": 0.004783033990146348}",0.1764912388367556,0.03519211925547657,700023,700031,direct,streaming_tsqr,1e-14,trig,0.3,LS(ridge),0.001401670994910807,0.00200576614387882,5.227219464828844e-07,0.00010194939046577798,0.20353105699177831,586,1604,9955472473.200956,0.0006539466290892953,0.002008355422266401,True,1437.768026211497,ridge,1e-10,q,Qratio-2
plate,6,400,802,841,7,7,2.0,3364,1.950018053910315e-15,0.0,0.0024746291882548413,"{""1e-06"": 4.9074037617139386, ""1e-08"": 0.06464274194283759, ""1e-10"": 0.003600381354508216, ""1e-12"": 0.0024746291882548413, ""1e-14"": 0.0056316126589918405}",0.1764912388367556,0.03519211925547657,700023,700031,direct,streaming_tsqr,1e-14,trig,0.3,LS(tsvd),0.000260637021176584,0.0024687672714945345,2.917650071390075e-07,1.7168304845777774e-05,0.20613147297990508,1010,1604,999202472636.2928,0.00016632770426620226,0.002468826966697716,False,5169.847723334735,tsvd,1e-12,q,Qratio-2
plate,7,400,802,841,7,7,2.0,3364,4.783149150353831e-15,0.0,0.0010826015738592408,"{""100.0"": 66.42166248623411, ""1000.0"": 28.856989038687473, ""10000.0"": 8.454666660568426, ""100000.0"": 0.0010826015738592408, ""1000000.0"": 0.0015190124941094128, ""inf"": 0.008885601665247786}",0.1764912388367556,0.03519211925547657,800023,800031,direct,streaming_tsqr,1e-14,trig,0.3,LS(ball),0.00017489317975495858,0.0010729608061901409,5.525104583900179e-07,1.0418783340076994e-05,0.5794892809935845,1299,1604,97936457442996.6,0.00014201957902003917,0.0010730113898120954,True,2496.8808415778594,ball,100000.0,q,Qratio-2
plate,7,400,802,841,7,7,2.0,3364,4.783149150353831e-15,0.0,0.0011649609073720933,"{""1e-05"": 22.913703334196466, ""1e-06"": 4.537083869217159, ""1e-08"": 0.055050532452714, ""1e-10"": 0.0011649609073720933, ""1e-12"": 0.001334167960577247, ""1e-14"": 0.012320737618779878}",0.1764912388367556,0.03519211925547657,800023,800031,direct,streaming_tsqr,1e-14,trig,0.3,LS(ridge),0.0007336787011102715,0.0011267017390457358,4.3454786877674296e-07,6.241741823703924e-05,0.22086436199606396,596,1604,9847885879.933771,0.0002946305247765195,0.001128429325597338,True,1447.2046068161799,ridge,1e-10,q,Qratio-2
plate,7,400,802,841,7,7,2.0,3364,4.783149150353831e-15,0.0,0.0012980065101034378,"{""1e-06"": 4.913372554476187, ""1e-08"": 0.04170448808529724, ""1e-10"": 0.0012980065101034378, ""1e-12"": 0.0014263182783256993, ""1e-14"": 0.008885601665247786}",0.1764912388367556,0.03519211925547657,800023,800031,direct,streaming_tsqr,1e-14,trig,0.3,LS(tsvd),0.0005918764653161113,0.0012636476863262,5.03944257475098e-07,4.373294922774241e-05,0.22358158201677725,596,1604,9847885879.933771,0.0002983464056706326,0.0012644042257149075,False,1465.8119130238213,tsvd,1e-10,q,Qratio-2
plate,8,400,802,841,7,7,2.0,3364,2.8310027323899038e-15,0.0,0.007526814870988728,"{""100.0"": 66.43579326053725, ""1000.0"": 28.892638059829377, ""10000.0"": 8.554167580346489, ""100000.0"": 0.007526814870988728, ""1000000.0"": 0.013856890895373102, ""inf"": 0.014334826674423675}",0.1764912388367556,0.03519211925547657,900023,900031,direct,streaming_tsqr,1e-14,trig,0.3,LS(ball),0.0003073013298740375,0.007524266933058972,2.1852963362843257e-07,1.7660829358040008e-05,0.5824691109883133,1284,1604,99197707245594.3,0.00020008155132927798,0.007524287659627208,True,2496.880841037499,ball,100000.0,q,Qratio-2
plate,8,400,802,841,7,7,2.0,3364,2.8310027323899038e-15,0.0,0.0014367658043187462,"{""1e-05"": 24.564078251808066, ""1e-06"": 4.539611084005343, ""1e-08"": 0.06507493292571155, ""1e-10"": 0.0014367658043187462, ""1e-12"": 0.012635598821439395, ""1e-14"": 0.01428198946439432}",0.1764912388367556,0.03519211925547657,900023,900031,direct,streaming_tsqr,1e-14,trig,0.3,LS(ridge),0.0014184357402076961,0.0012932710453248378,4.397266549525571e-07,0.00010888787172029938,0.22902254897053353,586,1604,9842254088.01691,0.0006168044670880174,0.001297846895933174,True,1439.7525583937283,ridge,1e-10,q,Qratio-2
plate,8,400,802,841,7,7,2.0,3364,2.8310027323899038e-15,0.0,0.0017394797806087714,"{""1e-06"": 5.032693110951013, ""1e-08"": 0.0488077857292687, ""1e-10"": 0.0017394797806087714, ""1e-12"": 0.012718733958829446, ""1e-14"": 0.014334826674423675}",0.1764912388367556,0.03519211925547657,900023,900031,direct,streaming_tsqr,1e-14,trig,0.3,LS(tsvd),0.0013260919762492678,0.0016578249432977995,5.006049543980954e-07,9.986346126531039e-05,0.23022395200678147,586,1604,9842254088.01691,0.0005192111342199885,0.0016608299893475671,False,1456.6435568499537,tsvd,1e-10,q,Qratio-2
plate,9,400,802,841,7,7,2.0,3364,3.384600772086999e-15,0.0,0.005266224639613984,"{""100.0"": 66.75831016792627, ""1000.0"": 29.0865632583344, ""10000.0"": 8.647639238172559, ""100000.0"": 0.005266224639613984, ""1000000.0"": 0.006447932671532354, ""inf"": 0.013306540573868106}",0.1764912388367556,0.03519211925547657,1000023,1000031,direct,streaming_tsqr,1e-14,trig,0.3,LS(ball),0.000274586909537281,0.005264034891783303,3.3572207104201785e-07,1.6064767280099012e-05,0.5517623079940677,1284,1604,97949480873016.44,0.0001523983326756845,0.005264059404932644,True,2496.880837490247,ball,100000.0,q,Qratio-2
plate,9,400,802,841,7,7,2.0,3364,3.384600772086999e-15,0.0,0.0013349426613390824,"{""1e-05"": 24.645024395988013, ""1e-06"": 4.583965966794073, ""1e-08"": 0.09630615726812702, ""1e-10"": 0.0013349426613390824, ""1e-12"": 0.00487558048652434, ""1e-14"": 0.013474192794270569}",0.1764912388367556,0.03519211925547657,1000023,1000031,direct,streaming_tsqr,1e-14,trig,0.3,LS(ridge),0.0022088842034350404,0.0012792190358318803,3.6897762276637023e-07,0.00017260496748148515,0.21402562499861233,589,1604,9926754180.145405,0.0003444023858019837,0.001290811301637048,True,1440.9690631123183,ridge,1e-10,q,Qratio-2
plate,9,400,802,841,7,7,2.0,3364,3.384600772086999e-15,0.0,0.0014201727090700634,"{""1e-06"": 5.219221459078736, ""1e-08"": 0.07904664833968544, ""1e-10"": 0.0014201727090700634, ""1e-12"": 0.004575461460519538, ""1e-14"": 0.013306540573868106}",0.1764912388367556,0.03519211925547657,1000023,1000031,direct,streaming_tsqr,1e-14,trig,0.3,LS(tsvd),0.002379827489189593,0.001333002660653597,4.5926914147463053e-07,0.00018063901841463783,0.21540008200099692,589,1604,9926754180.145405,0.0004595345342373285,0.001345186436254608,False,1456.645842665062,tsvd,1e-10,q,Qratio-2
plate,0,400,1604,841,7,7,2.0,3364,5.900793522345558e-15,0.0,0.0008212650730178612,"{""100.0"": 66.31023794718787, ""1000.0"": 28.325173837526584, ""10000.0"": 8.395422186701273, ""100000.0"": 0.0008212650730178612, ""1000000.0"": 0.0009920627333767922, ""inf"": 0.0034140633066191096}",0.1764912388367556,0.03519211925547657,100023,100031,direct,streaming_tsqr,1e-14,trig,0.3,LS(ball),0.0001300464759270402,0.0008132165600692564,3.087421894973518e-07,5.624655852452025e-06,0.7651788920047693,1328,1604,99392490805068.4,0.00011651495394093009,0.0008132360114532146,True,2496.8808462702477,ball,100000.0,q,Qratio-4
plate,0,400,1604,841,7,7,2.0,3364,5.900793522345558e-15,0.0,0.000830658056714133,"{""1e-05"": 22.621921622587838, ""1e-06"": 4.380270190864146, ""1e-08"": 0.045797817373089536, ""1e-10"": 0.0009659745496196018, ""1e-12"": 0.000830658056714133, ""1e-14"": 0.0027587631452059133}",0.1764912388367556,0.03519211925547657,100023,100031,direct,streaming_tsqr,1e-14,trig,0.3,LS(ridge),0.00013253369926181284,0.0008218155861216477,2.8100505597229325e-07,5.029281298987387e-06,0.4195343710016459,1030,1604,995866427988.6787,0.0001233436122052746,0.0008218309748743057,True,5215.2047355818395,ridge,1e-12,q,Qratio-4
plate,0,400,1604,841,7,7,2.0,3364,5.900793522345558e-15,0.0,0.000843592536881427,"{""1e-06"": 4.6889877875354085, ""1e-08"": 0.03298263095169945, ""1e-10"": 0.0010204235292509346, ""1e-12"": 0.000843592536881427, ""1e-14"": 0.0034140633066191096}",0.1764912388367556,0.03519211925547657,100023,100031,direct,streaming_tsqr,1e-14,trig,0.3,LS(tsvd),0.00013850670288675208,0.0008344281378463345,2.870307210471391e-07,5.374047304413998e-06,0.4222102700150572,1030,1604,995866427988.6787,0.00012746655209363742,0.0008344454431621827,False,4843.92400085233,tsvd,1e-12,q,Qratio-4
plate,1,400,1604,841,7,7,2.0,3364,5.525414034298001e-15,0.0,0.0007720242289125079,"{""100.0"": 66.85688774713387, ""1000.0"": 28.58431388843962, ""10000.0"": 8.449551892664394, ""100000.0"": 0.0007720242289125079, ""1000000.0"": 0.0008567946068992555, ""inf"": 0.009339711646653837}",0.1764912388367556,0.03519211925547657,200023,200031,direct,streaming_tsqr,1e-14,trig,0.3,LS(ball),0.00012546760206423572,0.000764907204693163,9.23045040900411e-08,5.8331895726721174e-06,0.784919228986837,1325,1604,98234586582502.0,0.0001106313928710677,0.0007649294463492036,True,2496.880851255291,ball,100000.0,q,Qratio-4
plate,1,400,1604,841,7,7,2.0,3364,5.525414034298001e-15,0.0,0.0007793160251331239,"{""1e-05"": 23.387430464800346, ""1e-06"": 4.417182524364289, ""1e-08"": 0.0514578883899328, ""1e-10"": 0.0010047298814053103, ""1e-12"": 0.0007793160251331239, ""1e-14"": 0.006200365027751293}",0.1764912388367556,0.03519211925547657,200023,200031,direct,streaming_tsqr,1e-14,trig,0.3,LS(ridge),0.00011370888250485187,0.0007727091628715165,1.0254937073531099e-07,4.028465367788874e-06,0.44694238700321876,1028,1604,983849775139.4634,0.00010834446131341431,0.0007727196638618816,True,4977.446952245077,ridge,1e-12,q,Qratio-4
plate,1,400,1604,841,7,7,2.0,3364,5.525414034298001e-15,0.0,0.0007915560102143644,"{""1e-06"": 4.69819635556822, ""1e-08"": 0.03860573235215653, ""1e-10"": 0.001055297391922421, ""1e-12"": 0.0007915560102143644, ""1e-14"": 0.009339711646653837}",0.1764912388367556,0.03519211925547657,200023,200031,direct,streaming_tsqr,1e-14,trig,0.3,LS(tsvd),0.00011339086055268835,0.0007851918608147341,1.0311655823513159e-07,3.879825848747893e-06,0.44968733697896823,1028,1604,983849775139.4634,0.00010824182771974575,0.0007852014463424793,False,4604.340758346753,tsvd,1e-12,q,Qratio-4
plate,2,400,1604,841,7,7,2.0,3364,2.5343654785253313e-15,0.0,0.0008000007993574621,"{""100.0"": 66.27435982031673, ""1000.0"": 28.32607004022319, ""10000.0"": 8.364660889491043, ""100000.0"": 0.0008000007993574621, ""1000000.0"": 0.0009921337442752153, ""inf"": 0.0030988088709629842}",0.1764912388367556,0.03519211925547657,300023,300031,direct,streaming_tsqr,1e-14,trig,0.3,LS(ball),0.00013665472667457067,0.000791356427420024,1.136549548775805e-07,6.931581877393108e-06,0.7909066840074956,1319,1604,99757476351752.34,0.00011911025593801854,0.0007913867840988417,True,2496.8808534973705,ball,100000.0,q,Qratio-4
plate,2,400,1604,841,7,7,2.0,3364,2.5343654785253313e-15,0.0,0.0007702872394686772,"{""1e-05"": 22.893553856290207, ""1e-06"": 4.378831033610025, ""1e-08"": 0.04699859807147337, ""1e-10"": 0.0010166046307611913, ""1e-12"": 0.0007702872394686772, ""1e-14"": 0.0035777665870108345}",0.1764912388367556,0.03519211925547657,300023,300031,direct,streaming_tsqr,1e-14,trig,0.3,LS(ridge),0.00012530860197527884,0.0007624342432621045,1.0782648333048987e-07,5.525986338905006e-06,0.41401713600498624,1032,1604,998979626388.2875,0.00011381658564381114,0.0007624542686769322,True,4801.721359254195,ridge,1e-12,q,Qratio-4
plate,2,400,1604,841,7,7,2.0,3364,2.5343654785253313e-15,0.0,0.0007867541902686739,"{""1e-06"": 4.7407094239597285, ""1e-08"": 0.034245863982173955, ""1e-10"": 0.001325861181797941, ""1e-12"": 0.0007867541902686739, ""1e-14"": 0.0030988088709629842}",0.1764912388367556,0.03519211925547657,300023,300031,direct,streaming_tsqr,1e-14,trig,0.3,LS(tsvd),0.00012528713678923824,0.000779145918157281,1.1081848461799067e-07,5.296019181874357e-06,0.4167144270031713,1032,1604,998979626388.2875,0.0001146712093959442,0.0007791639170292264,False,4570.343436812051,tsvd,1e-12,q,Qratio-4
plate,3,400,1604,841,7,7,2.0,3364,2.5371889883540105e-15,0.0,0.0007893391019429637,"{""100.0"": 66.55542342045037, ""1000.0"": 28.323196280555898, ""10000.0"": 8.388948173438854, ""100000.0"": 0.0007893391019429637, ""1000000.0"": 0.0009298836650852301, ""inf"": 0.0021079213003545945}",0.1764912388367556,0.03519211925547657,400023,400031,direct,streaming_tsqr,1e-14,trig,0.3,LS(ball),0.0001326952674428866,0.0007812654670480329,4.947662585406771e-07,6.496829173113933e-06,0.7725252629898023,1320,1604,99910778712502.47,0.0001172251438629662,0.0007812924796714004,True,2496.8808400008247,ball,100000.0,q,Qratio-4
plate,3,400,1604,841,7,7,2.0,3364,2.5371889883540105e-15,0.0,0.0008138164223960561,"{""1e-05"": 23.116613868696177, ""1e-06"": 4.481578570986701, ""1e-08"": 0.05412480911230203, ""1e-10"": 0.0010198156010820018, ""1e-12"": 0.0008138164223960561, ""1e-14"": 0.002184904382634262}",0.1764912388367556,0.03519211925547657,400023,400031,direct,streaming_tsqr,1e-14,trig,0.3,LS(ridge),0.00012982431274395566,0.0008051703425809145,4.6314630937579593e-07,5.022588828615306e-06,0.455391775991302,1026,1604,976195122161.1367,0.00012179117078153346,0.0008051860076841925,True,4862.777421752026,ridge,1e-12,q,Qratio-4
plate,3,400,1604,841,7,7,2.0,3364,2.5371889883540105e-15,0.0,0.0008433739448854321,"{""1e-06"": 4.706118094236455, ""1e-08"": 0.034896180765347416, ""1e-10"": 0.0010953115436231249, ""1e-12"": 0.0008433739448854321, ""1e-14"": 0.0021079213003545945}",0.1764912388367556,0.03519211925547657,400023,400031,direct,streaming_tsqr,1e-14,trig,0.3,LS(tsvd),0.00012986325771815896,0.0008349728518333242,4.7355095481731683e-07,5.081169321121474e-06,0.4574005460017361,1026,1604,976195122161.1367,0.00012225920564776794,0.0008349883122417608,False,5337.620583867512,tsvd,1e-12,q,Qratio-4
plate,4,400,1604,841,7,7,2.0,3364,3.009184335541785e-15,0.0,0.0007390441071264478,"{""100.0"": 66.322440178999, ""1000.0"": 28.3765635581805, ""10000.0"": 8.398096196136237, ""100000.0"": 0.0007390441071264478, ""1000000.0"": 0.0014603117817656671, ""inf"": 0.004323645211148744}",0.1764912388367556,0.03519211925547657,500023,500031,direct,streaming_tsqr,1e-14,trig,0.3,LS(ball),0.00012326844980640303,0.0007301119959173648,3.9466400474081764e-07,4.797041527236137e-06,0.7992168990313075,1326,1604,97806307114242.69,0.00011505198624236094,0.0007301277547045121,True,2496.8808499025895,ball,100000.0,q,Qratio-4
plate,4,400,1604,841,7,7,2.0,3364,3.009184335541785e-15,0.0,0.0007376827750443344,"{""1e-05"": 22.712801173352386, ""1e-06"": 4.366609296183768, ""1e-08"": 0.042805534613311394, ""1e-10"": 0.0009832225286981078, ""1e-12"": 0.0007376827750443344, ""1e-14"": 0.003761238082165666}",0.1764912388367556,0.03519211925547657,500023,500031,direct,streaming_tsqr,1e-14,trig,0.3,LS(ridge),0.00011587713735757763,0.0007305178462041375,3.6850056494955525e-07,3.6251523273543643e-06,0.4475606190098915,1032,1604,989580302032.7814,0.00011145371146413678,0.0007305268409525611,True,5368.261021494113,ridge,1e-12,q,Qratio-4
plate,4,400,1604,841,7,7,2.0,3364,3.009184335541785e-15,0.0,0.0007515628152251927,"{""1e-06"": 4.641619531793279, ""1e-08"": 0.03334781982869703, ""1e-10"": 0.0010034188605208467, ""1e-12"": 0.0007515628152251927, ""1e-14"": 0.004323645211148744}",0.1764912388367556,0.03519211925547657,500023,500031,direct,streaming_tsqr,1e-14,trig,0.3,LS(tsvd),0.00011708948257665384,0.0007444171100555892,3.686097651212538e-07,3.6457285426021846e-06,0.44985507702222094,1032,1604,989580302032.7814,0.00011303904372852982,0.0007444260373469762,False,5767.084661945403,tsvd,1e-12,q,Qratio-4
plate,5,400,1604,841,7,7,2.0,3364,3.9057355655364296e-15,0.0,0.0008012393686305544,"{""100.0"": 66.61115879377472, ""1000.0"": 28.502214608768455, ""10000.0"": 8.40630645292801, ""100000.0"": 0.0008012393686305544, ""1000000.0"": 0.0009924285771625789, ""inf"": 0.004117052002284296}",0.1764912388367556,0.03519211925547657,600023,600031,direct,streaming_tsqr,1e-14,trig,0.3,LS(ball),0.00013180147087378738,0.0007928992149094485,2.490570964559288e-07,6.685639814863297e-06,0.7862033659766894,1317,1604,97685216692361.72,0.00011531880437493994,0.0007929274007018259,True,2496.880846335697,ball,100000.0,q,Qratio-4
plate,5,400,1604,841,7,7,2.0,3364,3.9057355655364296e-15,0.0,0.0008148721340109893,"{""1e-05"": 23.15786434700261, ""1e-06"": 4.364048063465149, ""1e-08"": 0.04791660702051412, ""1e-10"": 0.00101935056017749, ""1e-12"": 0.0008148721340109893, ""1e-14"": 0.006565184263419172}",0.1764912388367556,0.03519211925547657,600023,600031,direct,streaming_tsqr,1e-14,trig,0.3,LS(ridge),0.0001203786757422687,0.0008080236673603209,2.0593734429020329e-07,5.347393326333047e-06,0.4411515760002658,1030,1604,997439537043.7804,0.00010775266595710751,0.0008080413613360452,True,5016.512707465383,ridge,1e-12,q,Qratio-4
plate,5,400,1604,841,7,7,2.0,3364,3.9057355655364296e-15,0.0,0.0008091263461030453,"{""1e-06"": 4.70416667802908, ""1e-08"": 0.033430014271533116, ""1e-10"": 0.0011134170045134443, ""1e-12"": 0.0008091263461030453, ""1e-14"": 0.004117052002284296}",0.1764912388367556,0.03519211925547657,600023,600031,direct,streaming_tsqr,1e-14,trig,0.3,LS(tsvd),0.00012306120371581735,0.0008018966067699249,1.783517078054377e-07,5.499321828242477e-06,0.44340033596381545,1030,1604,997439537043.7804,0.00010908458046415037,0.0008019154634309592,False,5483.473565892053,tsvd,1e-12,q,Qratio-4
plate,6,400,1604,841,7,7,2.0,3364,1.950018053910315e-15,0.0,0.0007810028651094053,"{""100.0"": 66.42412488247469, ""1000.0"": 28.41229888993764, ""10000.0"": 8.405764405515027, ""100000.0"": 0.0007810028651094053, ""1000000.0"": 0.0010321748214677288, ""inf"": 0.012605016753812117}",0.1764912388367556,0.03519211925547657,700023,700031,direct,streaming_tsqr,1e-14,trig,0.3,LS(ball),0.00011883266428289691,0.0007731602262771777,1.690664210995525e-07,4.892393860487847e-06,0.7662031640065834,1327,1604,98203364335339.94,0.0001089245451572839,0.0007731757051373658,True,2496.8808367871006,ball,100000.0,q,Qratio-4
plate,6,400,1604,841,7,7,2.0,3364,1.950018053910315e-15,0.0,0.0007803531085506559,"{""1e-05"": 23.13933174811482, ""1e-06"": 4.472056322366314, ""1e-08"": 0.04683362553554929, ""1e-10"": 0.0009954305569255723, ""1e-12"": 0.0007803531085506559, ""1e-14"": 0.009191613960907346}",0.1764912388367556,0.03519211925547657,700023,700031,direct,streaming_tsqr,1e-14,trig,0.3,LS(ridge),0.0001097044428222588,0.0007732930164567217,2.2445548691109195e-07,3.58335027190945e-06,0.4218228690151591,1032,1604,994332184700.7378,0.0001044123468329169,0.000773301318827213,True,4559.728903539607,ridge,1e-12,q,Qratio-4
plate,6,400,1604,841,7,7,2.0,3364,1.950018053910315e-15,0.0,0.0008059035838259812,"{""1e-06"": 4.695427310579888, ""1e-08"": 0.03550693744818802, ""1e-10"": 0.0010607426246992385, ""1e-12"": 0.0008059035838259812, ""1e-14"": 0.012605016753812117}",0.1764912388367556,0.03519211925547657,700023,700031,direct,streaming_tsqr,1e-14,trig,0.3,LS(tsvd),0.00011389514444735218,0.0007986623188507686,2.50290341090277e-07,3.8942443531300435e-06,0.42735187499783933,1032,1604,994332184700.7378,0.00010679621134550853,0.0007986718128813416,False,5133.335224318453,tsvd,1e-12,q,Qratio-4
plate,7,400,1604,841,7,7,2.0,3364,4.783149150353831e-15,0.0,0.0007806396583766568,"{""100.0"": 66.37146118284477, ""1000.0"": 28.483209513841235, ""10000.0"": 8.411361363627396, ""100000.0"": 0.0007806396583766568, ""1000000.0"": 0.0009720602975996539, ""inf"": 0.0016739693201102829}",0.1764912388367556,0.03519211925547657,800023,800031,direct,streaming_tsqr,1e-14,trig,0.3,LS(ball),0.000114939148425576,0.0007738440826925657,1.611538910948203e-07,4.302148904013696e-06,0.7980364739778452,1330,1604,95896087051266.25,0.0001075622502876865,0.0007738560413949681,True,2496.880841352522,ball,100000.0,q,Qratio-4
plate,7,400,1604,841,7,7,2.0,3364,4.783149150353831e-15,0.0,0.0007801374506366415,"{""1e-05"": 22.43765411696046, ""1e-06"": 4.428359757526545, ""1e-08"": 0.04420944482554351, ""1e-10"": 0.0009539934308313566, ""1e-12"": 0.0007801374506366415, ""1e-14"": 0.001453147968322527}",0.1764912388367556,0.03519211925547657,800023,800031,direct,streaming_tsqr,1e-14,trig,0.3,LS(ridge),0.00010808603736706907,0.0007745679557917106,1.7353118627102342e-07,3.3885495141475757e-06,0.4486288519692607,1037,1604,999071239198.0107,0.00010392673466451487,0.0007745753678030042,True,5285.583482763267,ridge,1e-12,q,Qratio-4
plate,7,400,1604,841,7,7,2.0,3364,4.783149150353831e-15,0.0,0.0007942047463039164,"{""1e-06"": 4.690044327119471, ""1e-08"": 0.033712633143456926, ""1e-10"": 0.0010081280821956774, ""1e-12"": 0.0007942047463039164, ""1e-14"": 0.0016739693201102829}",0.1764912388367556,0.03519211925547657,800023,800031,direct,streaming_tsqr,1e-14,trig,0.3,LS(tsvd),0.00010871355596149917,0.000788895462548715,1.8237739325825501e-07,3.4006884252673555e-06,0.4582728529931046,1037,1604,999071239198.0107,0.00010447010214538164,0.0007889027921814682,False,4924.631805950252,tsvd,1e-12,q,Qratio-4
plate,8,400,1604,841,7,7,2.0,3364,2.8310027323899038e-15,0.0,0.0009404729314086997,"{""100.0"": 66.2804315223455, ""1000.0"": 28.4157247443943, ""10000.0"": 8.399513833886196, ""100000.0"": 0.0009404729314086997, ""1000000.0"": 0.0011028689808363068, ""inf"": 0.005816351615692531}",0.1764912388367556,0.03519211925547657,900023,900031,direct,streaming_tsqr,1e-14,trig,0.3,LS(ball),0.00012703923571077497,0.0009345612131551502,2.054830504536838e-07,5.611239736232272e-06,0.7833910750050563,1317,1604,97883359730062.28,0.00010866444482351955,0.0009345780583479389,True,2496.880843109988,ball,100000.0,q,Qratio-4
plate,8,400,1604,841,7,7,2.0,3364,2.8310027323899038e-15,0.0,0.0009275167235967505,"{""1e-05"": 23.498536783460494, ""1e-06"": 4.420959410558044, ""1e-08"": 0.04952985816723525, ""1e-10"": 0.0010457693421078945, ""1e-12"": 0.0009275167235967505, ""1e-14"": 0.004053267598076055}",0.1764912388367556,0.03519211925547657,900023,900031,direct,streaming_tsqr,1e-14,trig,0.3,LS(ridge),0.00011292490105754809,0.0009222310625709579,1.884093232008453e-07,3.7907008235006334e-06,0.436881599976914,1031,1604,998331531230.8755,0.00010663772081212731,0.0009222388531088307,True,4715.1000553966605,ridge,1e-12,q,Qratio-4
plate,8,400,1604,841,7,7,2.0,3364,2.8310027323899038e-15,0.0,0.0009021992180275276,"{""1e-06"": 4.712298039746464, ""1e-08"": 0.029292213803982517, ""1e-10"": 0.0011597019911192934, ""1e-12"": 0.0009021992180275276, ""1e-14"": 0.005816351615692531}",0.1764912388367556,0.03519211925547657,900023,900031,direct,streaming_tsqr,1e-14,trig,0.3,LS(tsvd),0.00011518548277403654,0.0008965944898911271,1.8598311034403814e-07,3.934418978228352e-06,0.43950857198797166,1031,1604,998331531230.8755,0.00010882842473781306,0.0008966031223210338,False,4675.359251039612,tsvd,1e-12,q,Qratio-4
plate,9,400,1604,841,7,7,2.0,3364,3.384600772086999e-15,0.0,0.0007468781923777426,"{""100.0"": 66.36385745416267, ""1000.0"": 28.56511764204327, ""10000.0"": 8.394636028377754, ""100000.0"": 0.0007468781923777426, ""1000000.0"": 0.0009602013338665885, ""inf"": 0.0031762447644704856}",0.1764912388367556,0.03519211925547657,1000023,1000031,direct,streaming_tsqr,1e-14,trig,0.3,LS(ball),0.00011738856441037028,0.0007393291031489267,2.6378890018968206e-07,4.574600817767565e-06,0.7949489319871645,1325,1604,95291452830308.7,0.00010701323939134578,0.0007393432556909126,True,2496.880847665109,ball,100000.0,q,Qratio-4
plate,9,400,1604,841,7,7,2.0,3364,3.384600772086999e-15,0.0,0.0007433825314898912,"{""1e-05"": 22.747394854997676, ""1e-06"": 4.404342704334354, ""1e-08"": 0.04289236041383395, ""1e-10"": 0.0009527368066835219, ""1e-12"": 0.0007433825314898912, ""1e-14"": 0.0027803127123568103}",0.1764912388367556,0.03519211925547657,1000023,1000031,direct,streaming_tsqr,1e-14,trig,0.3,LS(ridge),0.00010733186990787683,0.0007366751512114933,3.087652628694974e-07,3.0755835688141074e-06,0.45072565897135064,1037,1604,984957073089.8478,0.00010359227594171327,0.000736681571390764,True,5252.291300994397,ridge,1e-12,q,Qratio-4
plate,9,400,1604,841,7,7,2.0,3364,3.384600772086999e-15,0.0,0.0007535554349680374,"{""1e-06"": 4.7287802875959475, ""1e-08"": 0.03118320087659286, ""1e-10"": 0.0010190839914695706, ""1e-12"": 0.0007535554349680374, ""1e-14"": 0.0031762447644704856}",0.1764912388367556,0.03519211925547657,1000023,1000031,direct,streaming_tsqr,1e-14,trig,0.3,LS(tsvd),0.00010902263211463767,0.0007467011124410427,3.0706430244247713e-07,3.1446048558573437e-06,0.4541538979683537,1037,1604,984957073089.8478,0.00010509955256066093,0.0007467077338961946,False,5132.3313771548765,tsvd,1e-12,q,Qratio-4
plate,0,400,3208,841,7,7,2.0,3364,5.900793522345558e-15,0.0,0.000707376912599289,"{""100.0"": 66.30203632067266, ""1000.0"": 28.24377252542469, ""10000.0"": 8.314899079800236, ""100000.0"": 0.000707376912599289, ""1000000.0"": 0.0007848772782703146, ""inf"": 0.002196543807866184}",0.1764912388367556,0.03519211925547657,100023,100031,direct,streaming_tsqr,1e-14,trig,0.3,LS(ball),0.00010499479531790373,0.0007008477759528795,2.500360947849116e-07,3.6715906594544796e-06,1.283850582985906,1342,1604,98698967734597.16,9.929403765381213e-05,0.0007008573932235203,True,2496.880854255634,ball,100000.0,q,Qratio-8
plate,0,400,3208,841,7,7,2.0,3364,5.900793522345558e-15,0.0,0.0006927325701160632,"{""1e-05"": 22.472282299375074, ""1e-06"": 4.341748481711698, ""1e-08"": 0.04161721216008193, ""1e-10"": 0.0009099092263312126, ""1e-12"": 0.0006927325701160632, ""1e-14"": 0.002784567942491118}",0.1764912388367556,0.03519211925547657,100023,100031,direct,streaming_tsqr,1e-14,trig,0.3,LS(ridge),9.568322254082266e-05,0.0006869091196649215,2.252728789074767e-07,1.9018023721715406e-06,0.9175316199834924,1046,1604,984174996072.4769,9.548928410857286e-05,0.0006869117523605927,True,5218.741399119406,ridge,1e-12,q,Qratio-8
plate,0,400,3208,841,7,7,2.0,3364,5.900793522345558e-15,0.0,0.0006974347546411309,"{""1e-06"": 4.647530263849336, ""1e-08"": 0.030254436745950155, ""1e-10"": 0.0009353406405857725, ""1e-12"": 0.0006974347546411309, ""1e-14"": 0.002196543807866184}",0.1764912388367556,0.03519211925547657,100023,100031,direct,streaming_tsqr,1e-14,trig,0.3,LS(tsvd),9.650532956654532e-05,0.0006918730145820975,2.2305304809743245e-07,2.0089534896395246e-06,0.9206814879726153,1046,1604,984174996072.4769,9.578706804941171e-05,0.0006918759312196392,False,5456.157519688893,tsvd,1e-12,q,Qratio-8
plate,1,400,3208,841,7,7,2.0,3364,5.525414034298001e-15,0.0,0.0007052760878976804,"{""100.0"": 66.6738461784457, ""1000.0"": 28.397473194429104, ""10000.0"": 8.38778083370401, ""100000.0"": 0.0007158234318003732, ""1000000.0"": 0.0007052760878976804, ""inf"": 0.0026696305615535715}",0.1764912388367556,0.03519211925547657,200023,200031,direct,streaming_tsqr,1e-14,trig,0.3,LS(ball),9.835670432278353e-05,0.0006986021962880633,1.7131119800977698e-07,2.3616662872984643e-06,1.269568766001612,1337,1604,98922271721260.83,9.69995140437761e-05,0.0006986061881533531,True,24968.643715928956,ball,1000000.0,q,Qratio-8
plate,1,400,3208,841,7,7,2.0,3364,5.525414034298001e-15,0.0,0.0007002011690273477,"{""1e-05"": 23.06638687717858, ""1e-06"": 4.389379924028684, ""1e-08"": 0.044223687987507844, ""1e-10"": 0.0009425316541653798, ""1e-12"": 0.0007002011690273477, ""1e-14"": 0.002271807662699545}",0.1764912388367556,0.03519211925547657,200023,200031,direct,streaming_tsqr,1e-14,trig,0.3,LS(ridge),9.979169533886391e-05,0.0006934808837197651,1.7776171907044893e-07,2.3246384905608047e-06,0.9179328969912603,1041,1604,999629246459.0345,9.915465805676145e-05,0.0006934847799547285,True,4981.467484619581,ridge,1e-12,q,Qratio-8
plate,1,400,3208,841,7,7,2.0,3364,5.525414034298001e-15,0.0,0.0007032251262788519,"{""1e-06"": 4.6359411695201675, ""1e-08"": 0.03150202883878344, ""1e-10"": 0.0009406208059278048, ""1e-12"": 0.0007032251262788519, ""1e-14"": 0.0026696305615535715}",0.1764912388367556,0.03519211925547657,200023,200031,direct,streaming_tsqr,1e-14,trig,0.3,LS(tsvd),0.0001007196209693196,0.0006965523688256132,1.7908369414404668e-07,2.451220375464619e-06,0.9200700359942857,1041,1604,999629246459.0345,9.972487209832359e-05,0.0006965566818270442,False,4807.321436449899,tsvd,1e-12,q,Qratio-8
plate,2,400,3208,841,7,7,2.0,3364,2.5343654785253313e-15,0.0,0.0007120296950935195,"{""100.0"": 66.24555928178957, ""1000.0"": 28.320456118149252, ""10000.0"": 8.348196289056618, ""100000.0"": 0.0007120296950935195, ""1000000.0"": 0.0008123048809361574, ""inf"": 0.0015302657530074121}",0.1764912388367556,0.03519211925547657,300023,300031,direct,streaming_tsqr,1e-14,trig,0.3,LS(ball),0.00011136606544945882,0.000705070152529215,2.0398886189575617e-07,4.308817903109241e-06,1.2727358090050984,1336,1604,97399549889289.19,0.00010366950784453361,0.0007050833184094577,True,2496.8808523877474,ball,100000.0,q,Qratio-8
plate,2,400,3208,841,7,7,2.0,3364,2.5343654785253313e-15,0.0,0.0006998566942431749,"{""1e-05"": 22.78906185036335, ""1e-06"": 4.34667110661838, ""1e-08"": 0.04329112937065488, ""1e-10"": 0.0009286249493441578, ""1e-12"": 0.0006998566942431749, ""1e-14"": 0.00450042852017281}",0.1764912388367556,0.03519211925547657,300023,300031,direct,streaming_tsqr,1e-14,trig,0.3,LS(ridge),0.00010368432571227964,0.0006934858902749386,1.7049707555807007e-07,2.7935610698622435e-06,0.8926471139711794,1043,1604,995213822756.554,0.00010108625445013105,0.0006934915168867426,True,5004.067539547776,ridge,1e-12,q,Qratio-8
plate,2,400,3208,841,7,7,2.0,3364,2.5343654785253313e-15,0.0,0.0007024520800437274,"{""1e-06"": 4.6907525916203685, ""1e-08"": 0.0314846734145452, ""1e-10"": 0.0009569023362446701, ""1e-12"": 0.0007024520800437274, ""1e-14"": 0.0015302657530074121}",0.1764912388367556,0.03519211925547657,300023,300031,direct,streaming_tsqr,1e-14,trig,0.3,LS(tsvd),0.00010369520479809784,0.0006962671034382951,1.559878220055879e-07,2.682959907225641e-06,0.8962630330061074,1043,1604,995213822756.554,0.00010138430554523765,0.0006962722726090832,False,4866.535720171979,tsvd,1e-12,q,Qratio-8
plate,3,400,3208,841,7,7,2.0,3364,2.5371889883540105e-15,0.0,0.0007440128512468461,"{""100.0"": 66.26916675109534, ""1000.0"": 28.31284277202066, ""10000.0"": 8.357296572521399, ""100000.0"": 0.0007440128512468461, ""1000000.0"": 0.0008946876306119456, ""inf"": 0.0016848352384278504}",0.1764912388367556,0.03519211925547657,400023,400031,direct,streaming_tsqr,1e-14,trig,0.3,LS(ball),0.00011310008910004246,0.0007368926285348645,2.4522396350688087e-07,4.608767837089737e-06,1.1507905029866379,1335,1604,99224533209432.98,0.00010511010431291826,0.0007369070407656572,True,2496.8808449928515,ball,100000.0,q,Qratio-8
plate,3,400,3208,841,7,7,2.0,3364,2.5371889883540105e-15,0.0,0.0007463913183378378,"{""1e-05"": 22.892830991465328, ""1e-06"": 4.419587576104145, ""1e-08"": 0.04500464718394818, ""1e-10"": 0.0009420967451327817, ""1e-12"": 0.0007463913183378378, ""1e-14"": 0.0017604835662970914}",0.1764912388367556,0.03519211925547657,400023,400031,direct,streaming_tsqr,1e-14,trig,0.3,LS(ridge),0.0001080577602498338,0.0007393106244667443,2.4650605707216296e-07,3.097096062381459e-06,0.8107127279799897,1039,1604,996866269408.479,0.00010564751979562455,0.0007393171115654142,True,4863.8469797909875,ridge,1e-12,q,Qratio-8
plate,3,400,3208,841,7,7,2.0,3364,2.5371889883540105e-15,0.0,0.0007480258434445927,"{""1e-06"": 4.637529910964633, ""1e-08"": 0.03110694479896967, ""1e-10"": 0.000998587518850796, ""1e-12"": 0.0007480258434445927, ""1e-14"": 0.0016848352384278504}",0.1764912388367556,0.03519211925547657,400023,400031,direct,streaming_tsqr,1e-14,trig,0.3,LS(tsvd),0.00010870828141732827,0.0007409401148907311,2.407104440816919e-07,2.9641462207351705e-06,0.8131592930003535,1039,1604,996866269408.479,0.00010637395035261768,0.0007409460439310731,False,5195.027064452575,tsvd,1e-12,q,Qratio-8
plate,4,400,3208,841,7,7,2.0,3364,3.009184335541785e-15,0.0,0.0007093911675534214,"{""100.0"": 66.32203869190967, ""1000.0"": 28.326028273677178, ""10000.0"": 8.36154832149782, ""100000.0"": 0.0007093911675534214, ""1000000.0"": 0.0008969425927660187, ""inf"": 0.0028615279584488316}",0.1764912388367556,0.03519211925547657,500023,500031,direct,streaming_tsqr,1e-14,trig,0.3,LS(ball),0.00010685019714875992,0.000702430603112096,1.6922062686666608e-07,3.472641748931353e-06,1.2560727890231647,1339,1604,98885409668954.2,0.0001018420248446099,0.0007024391869970947,True,2496.8808481070287,ball,100000.0,q,Qratio-8
plate,4,400,3208,841,7,7,2.0,3364,3.009184335541785e-15,0.0,0.0006938713234528333,"{""1e-05"": 22.7639852935964, ""1e-06"": 4.3793867249928455, ""1e-08"": 0.042808827181405364, ""1e-10"": 0.0009238860921083242, ""1e-12"": 0.0006938713234528333, ""1e-14"": 0.0011578063995217494}",0.1764912388367556,0.03519211925547657,500023,500031,direct,streaming_tsqr,1e-14,trig,0.3,LS(ridge),9.895936149314663e-05,0.0006881658741164276,1.8704855350742132e-07,2.077604218403681e-06,0.8906162200146355,1042,1604,990118666964.4934,9.836296959767022e-05,0.0006881690103003152,True,5072.639721795837,ridge,1e-12,q,Qratio-8
plate,4,400,3208,841,7,7,2.0,3364,3.009184335541785e-15,0.0,0.0007008513543586014,"{""1e-06"": 4.658747535613008, ""1e-08"": 0.03142667666285778, ""1e-10"": 0.0009282662965397058, ""1e-12"": 0.0007008513543586014, ""1e-14"": 0.0028615279584488316}",0.1764912388367556,0.03519211925547657,500023,500031,direct,streaming_tsqr,1e-14,trig,0.3,LS(tsvd),9.948315079375657e-05,0.0006954579436916652,1.876823279638628e-07,2.1383553077840043e-06,0.893683852016693,1042,1604,990118666964.4934,9.874081023526452e-05,0.00069546123113173,False,4987.888284569087,tsvd,1e-12,q,Qratio-8
plate,5,400,3208,841,7,7,2.0,3364,3.9057355655364296e-15,0.0,0.0007141416485653354,"{""100.0"": 66.43790154327444, ""1000.0"": 28.416896921132626, ""10000.0"": 8.363382922816722, ""100000.0"": 0.0007141416485653354, ""1000000.0"": 0.000994368011995807, ""inf"": 0.0014254213322769382}",0.1764912388367556,0.03519211925547657,600023,600031,direct,streaming_tsqr,1e-14,trig,0.3,LS(ball),0.00010959108244652339,0.0007066991694547119,8.288232471919002e-08,3.927532573729345e-06,1.3005527379864361,1336,1604,99005246993491.53,0.00010331425058171443,0.0007067100831459087,True,2496.8808541552,ball,100000.0,q,Qratio-8
plate,5,400,3208,841,7,7,2.0,3364,3.9057355655364296e-15,0.0,0.000701139345953379,"{""1e-05"": 23.093473912907154, ""1e-06"": 4.369621081916601, ""1e-08"": 0.040704387075879436, ""1e-10"": 0.0009150078065856162, ""1e-12"": 0.000701139345953379, ""1e-14"": 0.0015702404674342817}",0.1764912388367556,0.03519211925547657,600023,600031,direct,streaming_tsqr,1e-14,trig,0.3,LS(ridge),9.931935616433139e-05,0.0006946988239782891,8.120914277017239e-08,2.554060609554278e-06,0.9496423319797032,1041,1604,998462188287.0197,9.778364541503677e-05,0.000694703518965044,True,5000.322159705952,ridge,1e-12,q,Qratio-8
plate,5,400,3208,841,7,7,2.0,3364,3.9057355655364296e-15,0.0,0.0007077276725153046,"{""1e-06"": 4.701771402499216, ""1e-08"": 0.03023907242472068, ""1e-10"": 0.0009385414663505754, ""1e-12"": 0.0007077276725153046, ""1e-14"": 0.0014254213322769382}",0.1764912388367556,0.03519211925547657,600023,600031,direct,streaming_tsqr,1e-14,trig,0.3,LS(tsvd),9.95454760905638e-05,0.0007014053319980398,8.573575320800875e-08,2.5582861919241067e-06,0.9529182089609094,1041,1604,998462188287.0197,9.789132267876934e-05,0.000701409997493278,False,5404.181743085897,tsvd,1e-12,q,Qratio-8
plate,6,400,3208,841,7,7,2.0,3364,1.950018053910315e-15,0.0,0.0007122257688146063,"{""100.0"": 66.41235142007784, ""1000.0"": 28.390537866212053, ""10000.0"": 8.368190600949987, ""100000.0"": 0.0007122257688146063, ""1000000.0"": 0.0007128109967385712, ""inf"": 0.000754166988862303}",0.1764912388367556,0.03519211925547657,700023,700031,direct,streaming_tsqr,1e-14,trig,0.3,LS(ball),0.0001082641605169641,0.0007048204143912684,1.8333130858541766e-07,3.763737662781145e-06,1.1009312880050857,1339,1604,97466861263867.08,0.00010240015461680598,0.0007048304634902449,True,2496.8808467742665,ball,100000.0,q,Qratio-8
plate,6,400,3208,841,7,7,2.0,3364,1.950018053910315e-15,0.0,0.0006953267731064215,"{""1e-05"": 22.74554575074202, ""1e-06"": 4.413434822015557, ""1e-08"": 0.04158309828890538, ""1e-10"": 0.0009191649259956276, ""1e-12"": 0.0006953267731064215, ""1e-14"": 0.0007206316768344992}",0.1764912388367556,0.03519211925547657,700023,700031,direct,streaming_tsqr,1e-14,trig,0.3,LS(ridge),9.838799636448406e-05,0.0006886791202843302,2.0330900121172342e-07,2.038676083631667e-06,0.7743820419709664,1046,1604,991410456234.2911,9.825509094977102e-05,0.000688682137793462,True,4764.071690982418,ridge,1e-12,q,Qratio-8
plate,6,400,3208,841,7,7,2.0,3364,1.950018053910315e-15,0.0,0.0007006768194832797,"{""1e-06"": 4.6235182427893475, ""1e-08"": 0.03082406889577907, ""1e-10"": 0.0009371374532467767, ""1e-12"": 0.0007006768194832797, ""1e-14"": 0.000754166988862303}",0.1764912388367556,0.03519211925547657,700023,700031,direct,streaming_tsqr,1e-14,trig,0.3,LS(tsvd),9.888735650835149e-05,0.000694037368149826,2.129451913042341e-07,2.0377710759993854e-06,0.7764869239763357,1046,1604,991410456234.2911,9.865020543138821e-05,0.0006940403597048917,False,4955.65664851202,tsvd,1e-12,q,Qratio-8
plate,7,400,3208,841,7,7,2.0,3364,4.783149150353831e-15,0.0,0.0006998766238024747,"{""100.0"": 66.22653412565697, ""1000.0"": 28.3399496997549, ""10000.0"": 8.355455776565677, ""100000.0"": 0.0007103656474782221, ""1000000.0"": 0.0006998766238024747, ""inf"": 0.0008527714232856985}",0.1764912388367556,0.03519211925547657,800023,800031,direct,streaming_tsqr,1e-14,trig,0.3,LS(ball),9.789793030213948e-05,0.0006948339850439747,1.3501406060450727e-07,2.1194950718157967e-06,1.2731246459879912,1342,1604,99035471164844.61,9.723911787245966e-05,0.0006948372176498967,True,24968.957777037678,ball,1000000.0,q,Qratio-8
plate,7,400,3208,841,7,7,2.0,3364,4.783149150353831e-15,0.0,0.0006937046491130095,"{""1e-05"": 22.381335828596672, ""1e-06"": 4.375288715539839, ""1e-08"": 0.0411094699623324, ""1e-10"": 0.0009106250528378702, ""1e-12"": 0.0006937046491130095, ""1e-14"": 0.0007623493048565048}",0.1764912388367556,0.03519211925547657,800023,800031,direct,streaming_tsqr,1e-14,trig,0.3,LS(ridge),9.8182092925073e-05,0.0006885411364604129,1.2653928327459465e-07,2.086350189639177e-06,0.9202723539783619,1048,1604,991010774974.8325,9.760155166270051e-05,0.0006885442973805758,True,5001.172644554267,ridge,1e-12,q,Qratio-8
plate,7,400,3208,841,7,7,2.0,3364,4.783149150353831e-15,0.0,0.0006973653042711631,"{""1e-06"": 4.648023462890932, ""1e-08"": 0.030736161301681907, ""1e-10"": 0.0009292239035467711, ""1e-12"": 0.0006973653042711631, ""1e-14"": 0.0008527714232856985}",0.1764912388367556,0.03519211925547657,800023,800031,direct,streaming_tsqr,1e-14,trig,0.3,LS(tsvd),9.857139846435911e-05,0.0006922874655821049,1.2294503013940648e-07,2.102087333505034e-06,0.9234324139833916,1048,1604,991010774974.8325,9.784954771641182e-05,0.0006922906570027157,False,5238.833103889598,tsvd,1e-12,q,Qratio-8
plate,8,400,3208,841,7,7,2.0,3364,2.8310027323899038e-15,0.0,0.0006981184250928771,"{""100.0"": 66.38090027172788, ""1000.0"": 28.366425590830154, ""10000.0"": 8.370538989291514, ""100000.0"": 0.0007100012415468818, ""1000000.0"": 0.0006981184250928771, ""inf"": 0.0013998561539361961}",0.1764912388367556,0.03519211925547657,900023,900031,direct,streaming_tsqr,1e-14,trig,0.3,LS(ball),9.739323929163194e-05,0.0006917826841831793,1.2800804135329533e-07,2.1785603354073165e-06,1.2081434770079795,1333,1604,96385175755975.62,9.655359981506895e-05,0.0006917861145331116,True,24969.320079831734,ball,1000000.0,q,Qratio-8
plate,8,400,3208,841,7,7,2.0,3364,2.8310027323899038e-15,0.0,0.0006977736986726256,"{""1e-05"": 23.062518524468985, ""1e-06"": 4.395260800572275, ""1e-08"": 0.043487024538777515, ""1e-10"": 0.0009182523595007621, ""1e-12"": 0.0006977736986726256, ""1e-14"": 0.002808158540571033}",0.1764912388367556,0.03519211925547657,900023,900031,direct,streaming_tsqr,1e-14,trig,0.3,LS(ridge),9.74967395457014e-05,0.000691457480415645,1.3678242451918576e-07,2.0316660636516663e-06,0.8642830419703387,1045,1604,988280894608.7178,9.72301104770765e-05,0.0006914604651675657,True,4707.466704879553,ridge,1e-12,q,Qratio-8
plate,8,400,3208,841,7,7,2.0,3364,2.8310027323899038e-15,0.0,0.0007013671248461819,"{""1e-06"": 4.638773393244242, ""1e-08"": 0.027054192633225272, ""1e-10"": 0.0009557460231606646, ""1e-12"": 0.0007013671248461819, ""1e-14"": 0.0013998561539361961}",0.1764912388367556,0.03519211925547657,900023,900031,direct,streaming_tsqr,1e-14,trig,0.3,LS(tsvd),9.855288039951554e-05,0.0006952598019269449,1.460122960217319e-07,2.1547641227755406e-06,0.8666185519832652,1045,1604,988280894608.7178,9.776829359084036e-05,0.00069526314096457,False,4977.828975180886,tsvd,1e-12,q,Qratio-8
plate,9,400,3208,841,7,7,2.0,3364,3.384600772086999e-15,0.0,0.0006967755810416436,"{""100.0"": 66.37453739180322, ""1000.0"": 28.370857014099357, ""10000.0"": 8.37273409246229, ""100000.0"": 0.0007084915933908538, ""1000000.0"": 0.0006967755810416436, ""inf"": 0.0007412116766859572}",0.1764912388367556,0.03519211925547657,1000023,1000031,direct,streaming_tsqr,1e-14,trig,0.3,LS(ball),9.726903226411107e-05,0.0006903063288952743,1.2902682441205604e-07,2.0672032223447546e-06,1.2310010429937392,1338,1604,98891166732922.69,9.639932403922367e-05,0.0006903094241295226,True,24968.381245905082,ball,1000000.0,q,Qratio-8
plate,9,400,3208,841,7,7,2.0,3364,3.384600772086999e-15,0.0,0.0006940689654433719,"{""1e-05"": 22.508385801430098, ""1e-06"": 4.3503287639172346, ""1e-08"": 0.03993395989689698, ""1e-10"": 0.0009057107329847126, ""1e-12"": 0.0006940689654433719, ""1e-14"": 0.0007290593739279742}",0.1764912388367556,0.03519211925547657,1000023,1000031,direct,streaming_tsqr,1e-14,trig,0.3,LS(ridge),9.691592459545601e-05,0.0006875800971516055,1.209009351358016e-07,1.9121305459895975e-06,0.843385437008692,1046,1604,993379220671.494,9.652658826838767e-05,0.000687582755922686,True,5227.292321728418,ridge,1e-12,q,Qratio-8
plate,9,400,3208,841,7,7,2.0,3364,3.384600772086999e-15,0.0,0.0007017622460160043,"{""1e-06"": 4.633442906670183, ""1e-08"": 0.02952504422777332, ""1e-10"": 0.0009401131771607437, ""1e-12"": 0.0007017622460160043, ""1e-14"": 0.0007412116766859572}",0.1764912388367556,0.03519211925547657,1000023,1000031,direct,streaming_tsqr,1e-14,trig,0.3,LS(tsvd),9.736449193890877e-05,0.0006952968712912107,1.1678062547597125e-07,2.059273547502407e-06,0.8468552700069267,1046,1604,993379220671.494,9.664112523028278e-05,0.0006952999207787169,False,5253.120195261214,tsvd,1e-12,q,Qratio-8
plate,0,400,6416,841,7,7,2.0,3364,5.900793522345558e-15,0.0,0.0006675913738874146,"{""100.0"": 66.29123438820453, ""1000.0"": 28.21680567207445, ""10000.0"": 8.313254147167072, ""100000.0"": 0.0006871739589245506, ""1000000.0"": 0.0006675913738874146, ""inf"": 0.0007742296027400768}",0.1764912388367556,0.03519211925547657,100023,100031,direct,streaming_tsqr,1e-14,trig,0.3,LS(ball),9.121260589108219e-05,0.0006622691270750083,4.8151470802771594e-08,1.2821294044820188e-06,2.102840966981603,1347,1604,98627531067308.12,9.189956939806175e-05,0.0006622703681522399,True,24969.061116370118,ball,1000000.0,q,Qratio-16
plate,0,400,6416,841,7,7,2.0,3364,5.900793522345558e-15,0.0,0.0006707713609671458,"{""1e-05"": 22.43559700351884, ""1e-06"": 4.341460530173516, ""1e-08"": 0.038360227756695224, ""1e-10"": 0.0008887776163635469, ""1e-12"": 0.0006707713609671458, ""1e-14"": 0.0007514896537326176}",0.1764912388367556,0.03519211925547657,100023,100031,direct,streaming_tsqr,1e-14,trig,0.3,LS(ridge),9.313556437904755e-05,0.000665306308803444,5.173561616129925e-08,1.3617861890805954e-06,1.744873594987439,1052,1604,972566723396.1857,9.353292719229688e-05,0.0006653077024920788,True,5000.652169637672,ridge,1e-12,q,Qratio-16
plate,0,400,6416,841,7,7,2.0,3364,5.900793522345558e-15,0.0,0.0006750959553583595,"{""1e-06"": 4.609020310675397, ""1e-08"": 0.028765685366270076, ""1e-10"": 0.0009169104194602905, ""1e-12"": 0.0006750959553583595, ""1e-14"": 0.0007742296027400768}",0.1764912388367556,0.03519211925547657,100023,100031,direct,streaming_tsqr,1e-14,trig,0.3,LS(tsvd),9.376102970737013e-05,0.0006697197018736605,5.0594618272751387e-08,1.4282340332533076e-06,1.7475348119914997,1052,1604,972566723396.1857,9.394558356741447e-05,0.0006697212247869993,False,5243.50381871493,tsvd,1e-12,q,Qratio-16
plate,1,400,6416,841,7,7,2.0,3364,5.525414034298001e-15,0.0,0.000670580934181109,"{""100.0"": 66.55567998997768, ""1000.0"": 28.379083539228326, ""10000.0"": 8.360852800417952, ""100000.0"": 0.0006922450282100327, ""1000000.0"": 0.000670580934181109, ""inf"": 0.0006785076453023398}",0.1764912388367556,0.03519211925547657,200023,200031,direct,streaming_tsqr,1e-14,trig,0.3,LS(ball),9.349803335978868e-05,0.0006647138243757774,6.297125903897962e-08,1.290980909242472e-06,2.157938247983111,1343,1604,97828940800383.52,9.429403921032539e-05,0.0006647150780206358,True,24968.290586867155,ball,1000000.0,q,Qratio-16
plate,1,400,6416,841,7,7,2.0,3364,5.525414034298001e-15,0.0,0.0006744275731176453,"{""1e-05"": 22.817546150126145, ""1e-06"": 4.352961913037895, ""1e-08"": 0.04093058672047041, ""1e-10"": 0.0009013054281166765, ""1e-12"": 0.0006755509359435147, ""1e-14"": 0.0006744275731176453}",0.1764912388367556,0.03519211925547657,200023,200031,direct,streaming_tsqr,1e-14,trig,0.3,LS(ridge),9.281145881924032e-05,0.0006689159946256012,6.103718863208089e-08,1.3559444731896391e-06,1.7905592709721532,1343,1604,97828940800383.52,9.345016039168251e-05,0.0006689173689263658,True,124772.2593268858,ridge,1e-14,q,Qratio-16
plate,1,400,6416,841,7,7,2.0,3364,5.525414034298001e-15,0.0,0.0006785076453023398,"{""1e-06"": 4.623306182004033, ""1e-08"": 0.029230166721002006, ""1e-10"": 0.000918557453110282, ""1e-12"": 0.0006788907556129906, ""1e-14"": 0.0006785076453023398}",0.1764912388367556,0.03519211925547657,200023,200031,direct,streaming_tsqr,1e-14,trig,0.3,LS(tsvd),9.310648627994897e-05,0.0006729726534351229,6.016607259231558e-08,1.40060171801732e-06,1.7949953749775887,1343,1604,97828940800383.52,9.36366797570507e-05,0.0006729741109111721,False,77193.61793070256,tsvd,1e-14,q,Qratio-16
plate,2,400,6416,841,7,7,2.0,3364,2.5343654785253313e-15,0.0,0.0006801632690202698,"{""100.0"": 66.2701547128942, ""1000.0"": 28.278754257060264, ""10000.0"": 8.328019632018165, ""100000.0"": 0.0006935746651682979, ""1000000.0"": 0.0006801632690202698, ""inf"": 0.0007208916570393556}",0.1764912388367556,0.03519211925547657,300023,300031,direct,streaming_tsqr,1e-14,trig,0.3,LS(ball),9.501940955983102e-05,0.0006744996261538351,5.9171142773736294e-08,1.5345392010573775e-06,2.1297042749938555,1343,1604,98022111849647.58,9.521724180259504e-05,0.000674501371749697,True,24968.295928689437,ball,1000000.0,q,Qratio-16
plate,2,400,6416,841,7,7,2.0,3364,2.5343654785253313e-15,0.0,0.0006768586731455872,"{""1e-05"": 22.53172047939113, ""1e-06"": 4.325881778765844, ""1e-08"": 0.03989064756944842, ""1e-10"": 0.0008937427458989486, ""1e-12"": 0.0006768586731455872, ""1e-14"": 0.0007228302248845612}",0.1764912388367556,0.03519211925547657,300023,300031,direct,streaming_tsqr,1e-14,trig,0.3,LS(ridge),9.628308053576484e-05,0.0006709960206831854,6.08893339299561e-08,1.515970092061931e-06,1.7936842579802033,1053,1604,980530474549.6989,9.652399087522917e-05,0.0006709977331839429,True,5248.951416068358,ridge,1e-12,q,Qratio-16
plate,2,400,6416,841,7,7,2.0,3364,2.5343654785253313e-15,0.0,0.0006820675559860977,"{""1e-06"": 4.619493082640023, ""1e-08"": 0.02808343213747413, ""1e-10"": 0.0009172610350295576, ""1e-12"": 0.0006820675559860977, ""1e-14"": 0.0007208916570393556}",0.1764912388367556,0.03519211925547657,300023,300031,direct,streaming_tsqr,1e-14,trig,0.3,LS(tsvd),9.66150913651037e-05,0.0006762044813564313,6.065076042043306e-08,1.5766677245550271e-06,1.7963942879869137,1053,1604,980530474549.6989,9.670004224725845e-05,0.00067620631946739,False,5728.726094991339,tsvd,1e-12,q,Qratio-16
plate,3,400,6416,841,7,7,2.0,3364,2.5371889883540105e-15,0.0,0.0006688768154733807,"{""100.0"": 66.2316654572202, ""1000.0"": 28.25509249117961, ""10000.0"": 8.340691497217076, ""100000.0"": 0.0006891626965364262, ""1000000.0"": 0.0006710346426816113, ""inf"": 0.0006688768154733807}",0.1764912388367556,0.03519211925547657,400023,400031,direct,streaming_tsqr,1e-14,trig,0.3,LS(ball),9.502950892857435e-05,0.0006628747734224115,9.668585888730771e-08,2.4461280432382313e-06,2.0517338769859634,1342,1604,96186950004055.02,9.39406306421766e-05,0.0006628792867349359,False,68995.54122060294,ball,inf,q,Qratio-16
plate,3,400,6416,841,7,7,2.0,3364,2.5371889883540105e-15,0.0,0.0006728715163638292,"{""1e-05"": 22.73588907984809, ""1e-06"": 4.376189932865327, ""1e-08"": 0.04238378118419114, ""1e-10"": 0.0008996844668997688, ""1e-12"": 0.0006728715163638292, ""1e-14"": 0.0006741731344139361}",0.1764912388367556,0.03519211925547657,400023,400031,direct,streaming_tsqr,1e-14,trig,0.3,LS(ridge),9.410289486862785e-05,0.0006666918066976443,9.761455189741263e-08,1.601906330172237e-06,1.676695251982892,1048,1604,991183376531.0063,9.409871369197975e-05,0.0006666937312002114,True,5037.07927790321,ridge,1e-12,q,Qratio-16
plate,3,400,6416,841,7,7,2.0,3364,2.5371889883540105e-15,0.0,0.0006688768154733807,"{""1e-06"": 4.593110527344582, ""1e-08"": 0.029273869378904437, ""1e-10"": 0.0009155348146812869, ""1e-12"": 0.0006766803947140501, ""1e-14"": 0.0006688768154733807}",0.1764912388367556,0.03519211925547657,400023,400031,direct,streaming_tsqr,1e-14,trig,0.3,LS(tsvd),9.502950892857435e-05,0.0006628747734224115,9.668585888730771e-08,2.4461280432382313e-06,1.6807894189842045,1342,1604,96186950004055.02,9.39406306421766e-05,0.0006628792867349359,False,68995.54122060294,tsvd,1e-14,q,Qratio-16
plate,4,400,6416,841,7,7,2.0,3364,3.009184335541785e-15,0.0,0.0006895551736520928,"{""100.0"": 66.33902247944968, ""1000.0"": 28.275483830898622, ""10000.0"": 8.334307059227239, ""100000.0"": 0.0006967444583648245, ""1000000.0"": 0.0006895551736520928, ""inf"": 0.0007062872878278678}",0.1764912388367556,0.03519211925547657,500023,500031,direct,streaming_tsqr,1e-14,trig,0.3,LS(ball),9.420885289318743e-05,0.0006841294502292682,4.333722367771084e-08,1.362552266668686e-06,2.213986721006222,1347,1604,99342633777770.73,9.473006077217836e-05,0.0006841308070973563,True,24969.29877963939,ball,1000000.0,q,Qratio-16
plate,4,400,6416,841,7,7,2.0,3364,3.009184335541785e-15,0.0,0.0006792765908737274,"{""1e-05"": 22.702272368753277, ""1e-06"": 4.351202836521822, ""1e-08"": 0.041951946028463215, ""1e-10"": 0.0009024635179947781, ""1e-12"": 0.0006792765908737274, ""1e-14"": 0.0007150327681669107}",0.1764912388367556,0.03519211925547657,500023,500031,direct,streaming_tsqr,1e-14,trig,0.3,LS(ridge),9.595246738517323e-05,0.0006734215442482454,4.519610264812476e-08,1.5286487733589608e-06,1.8424396949703805,1050,1604,995863530390.3759,9.634869541041544e-05,0.0006734232792417885,True,4942.314254777191,ridge,1e-12,q,Qratio-16
plate,4,400,6416,841,7,7,2.0,3364,3.009184335541785e-15,0.0,0.0006839362894876239,"{""1e-06"": 4.61806136511111, ""1e-08"": 0.029617800247603545, ""1e-10"": 0.0009167027613428219, ""1e-12"": 0.0006839362894876239, ""1e-14"": 0.0007062872878278678}",0.1764912388367556,0.03519211925547657,500023,500031,direct,streaming_tsqr,1e-14,trig,0.3,LS(tsvd),9.655432714273812e-05,0.0006782746850070553,4.5262003519351855e-08,1.6573654110024424e-06,1.8449376499920618,1050,1604,995863530390.3759,9.663352638008779e-05,0.000678276709891712,False,5166.271475333297,tsvd,1e-12,q,Qratio-16
plate,5,400,6416,841,7,7,2.0,3364,3.9057355655364296e-15,0.0,0.0006740590200075073,"{""100.0"": 66.31915461935364, ""1000.0"": 28.29243718731309, ""10000.0"": 8.332539294133394, ""100000.0"": 0.0006924867515062139, ""1000000.0"": 0.0006740590200075073, ""inf"": 0.000865539358041071}",0.1764912388367556,0.03519211925547657,600023,600031,direct,streaming_tsqr,1e-14,trig,0.3,LS(ball),9.284105746790595e-05,0.0006681224861718194,1.267101861667902e-07,1.470892657672975e-06,2.0713071529753506,1345,1604,97340625169106.7,9.351944347711725e-05,0.0006681241052780714,True,24969.152043548373,ball,1000000.0,q,Qratio-16
plate,5,400,6416,841,7,7,2.0,3364,3.9057355655364296e-15,0.0,0.0006749151876590895,"{""1e-05"": 22.78069698938167, ""1e-06"": 4.330178845255844, ""1e-08"": 0.03891542233614332, ""1e-10"": 0.0008926183482861475, ""1e-12"": 0.0006749151876590895, ""1e-14"": 0.0008471977280346386}",0.1764912388367556,0.03519211925547657,600023,600031,direct,streaming_tsqr,1e-14,trig,0.3,LS(ridge),9.498989313928137e-05,0.0006686431234366129,1.3498005227806515e-07,1.5957021732158055e-06,1.7246606139815412,1053,1604,988822768273.8069,9.546927199282154e-05,0.0006686450274880501,True,5219.172357187651,ridge,1e-12,q,Qratio-16
plate,5,400,6416,841,7,7,2.0,3364,3.9057355655364296e-15,0.0,0.0006804195045413924,"{""1e-06"": 4.627380698930851, ""1e-08"": 0.028311369951022635, ""1e-10"": 0.0009174878339689205, ""1e-12"": 0.0006804195045413924, ""1e-14"": 0.000865539358041071}",0.1764912388367556,0.03519211925547657,600023,600031,direct,streaming_tsqr,1e-14,trig,0.3,LS(tsvd),9.540146784221547e-05,0.0006742057830944605,1.363421294129797e-07,1.6229190998161712e-06,1.7293035849870648,1053,1604,988822768273.8069,9.57271661943756e-05,0.0006742077364020819,False,5262.369809634728,tsvd,1e-12,q,Qratio-16
plate,6,400,6416,841,7,7,2.0,3364,1.950018053910315e-15,0.0,0.0006676812431804858,"{""100.0"": 66.31401782046892, ""1000.0"": 28.32017692574639, ""10000.0"": 8.337925577196783, ""100000.0"": 0.0006960681393403679, ""1000000.0"": 0.0006676812431804858, ""inf"": 0.0006723277238790519}",0.1764912388367556,0.03519211925547657,700023,700031,direct,streaming_tsqr,1e-14,trig,0.3,LS(ball),9.316186174527576e-05,0.0006614611062309387,9.12267357806294e-08,1.4670539183997543e-06,2.197681960009504,1344,1604,99715879572222.45,9.375591696192121e-05,0.0006614627331176388,True,24968.593979085334,ball,1000000.0,q,Qratio-16
plate,6,400,6416,841,7,7,2.0,3364,1.950018053910315e-15,0.0,0.0006703404908565073,"{""1e-05"": 22.63692277969364, ""1e-06"": 4.365812748814166, ""1e-08"": 0.04045807642969894, ""1e-10"": 0.0009032549515914303, ""1e-12"": 0.000677056059477563, ""1e-14"": 0.0006703404908565073}",0.1764912388367556,0.03519211925547657,700023,700031,direct,streaming_tsqr,1e-14,trig,0.3,LS(ridge),9.242930168397724e-05,0.0006642489546126887,8.513108149814467e-08,1.488122537966472e-06,1.8732711350021418,1344,1604,99715879572222.45,9.295048599453237e-05,0.0006642506215373365,True,133778.3174855392,ridge,1e-14,q,Qratio-16
plate,6,400,6416,841,7,7,2.0,3364,1.950018053910315e-15,0.0,0.0006723277238790519,"{""1e-06"": 4.592362432763105, ""1e-08"": 0.029322976761487134, ""1e-10"": 0.0009220754694706724, ""1e-12"": 0.0006834936625264873, ""1e-14"": 0.0006723277238790519}",0.1764912388367556,0.03519211925547657,700023,700031,direct,streaming_tsqr,1e-14,trig,0.3,LS(tsvd),9.273488591241989e-05,0.0006661864500751276,8.574112758372059e-08,1.5237089423266893e-06,1.876306079007918,1344,1604,99715879572222.45,9.315905259996222e-05,0.0006661881925947362,False,97255.03781834507,tsvd,1e-14,q,Qratio-16
plate,7,400,6416,841,7,7,2.0,3364,4.783149150353831e-15,0.0,0.0006754688810298048,"{""100.0"": 66.25402647542487, ""1000.0"": 28.259260305150296, ""10000.0"": 8.34606383707648, ""100000.0"": 0.000694445070632179, ""1000000.0"": 0.0006754688810298048, ""inf"": 0.0006836365223760739}",0.1764912388367556,0.03519211925547657,800023,800031,direct,streaming_tsqr,1e-14,trig,0.3,LS(ball),9.334942214494194e-05,0.0006701390372835874,1.9609457556360914e-07,1.4634380572413865e-06,2.2457756170188077,1343,1604,98053672709079.14,9.438381229590909e-05,0.0006701406351970612,True,24969.241146820765,ball,1000000.0,q,Qratio-16
plate,7,400,6416,841,7,7,2.0,3364,4.783149150353831e-15,0.0,0.0006764459437074319,"{""1e-05"": 22.625576206113283, ""1e-06"": 4.366491876440708, ""1e-08"": 0.04123844344491551, ""1e-10"": 0.0009019463391865577, ""1e-12"": 0.0006764459437074319, ""1e-14"": 0.000679289117913788}",0.1764912388367556,0.03519211925547657,800023,800031,direct,streaming_tsqr,1e-14,trig,0.3,LS(ridge),9.48835177993043e-05,0.0006710226071134488,2.0259073382087535e-07,1.6594544786049503e-06,1.7812010100169573,1050,1604,994649378181.2672,9.556706670588347e-05,0.0006710246590450283,True,5145.830259367511,ridge,1e-12,q,Qratio-16
plate,7,400,6416,841,7,7,2.0,3364,4.783149150353831e-15,0.0,0.0006826024941561011,"{""1e-06"": 4.6080669844252835, ""1e-08"": 0.028864025876905872, ""1e-10"": 0.0009140089786337298, ""1e-12"": 0.0006826024941561011, ""1e-14"": 0.0006836365223760739}",0.1764912388367556,0.03519211925547657,800023,800031,direct,streaming_tsqr,1e-14,trig,0.3,LS(tsvd),9.547838588730048e-05,0.0006773041621999966,2.073132986024503e-07,1.6933592757264463e-06,1.7892866690235678,1050,1604,994649378181.2672,9.591627290694636e-05,0.0006773062790193784,False,5334.44883301527,tsvd,1e-12,q,Qratio-16
plate,8,400,6416,841,7,7,2.0,3364,2.8310027323899038e-15,0.0,0.0006674545600977999,"{""100.0"": 66.32895792424253, ""1000.0"": 28.29140257738875, ""10000.0"": 8.34951855908503, ""100000.0"": 0.0006879644540932255, ""1000000.0"": 0.0006674545600977999, ""inf"": 0.0006718774538301806}",0.1764912388367556,0.03519211925547657,900023,900031,direct,streaming_tsqr,1e-14,trig,0.3,LS(ball),9.350938153778534e-05,0.0006612330263090859,1.8076065463141147e-07,1.340404755498012e-06,2.179838796000695,1343,1604,98034167989344.33,9.448944603608012e-05,0.0006612343848944796,True,24968.55547255944,ball,1000000.0,q,Qratio-16
plate,8,400,6416,841,7,7,2.0,3364,2.8310027323899038e-15,0.0,0.000670057560083905,"{""1e-05"": 22.81220219705607, ""1e-06"": 4.375761217777394, ""1e-08"": 0.040146626367398526, ""1e-10"": 0.0008916291739331622, ""1e-12"": 0.0006719052631116386, ""1e-14"": 0.000670057560083905}",0.1764912388367556,0.03519211925547657,900023,900031,direct,streaming_tsqr,1e-14,trig,0.3,LS(ridge),9.376294431118522e-05,0.0006639580572151334,1.819929363282788e-07,1.4938907184790556e-06,1.8421053900092375,1343,1604,98034167989344.33,9.447877969625098e-05,0.0006639597378232908,True,124882.88945946458,ridge,1e-14,q,Qratio-16
plate,8,400,6416,841,7,7,2.0,3364,2.8310027323899038e-15,0.0,0.0006718774538301806,"{""1e-06"": 4.601375784687044, ""1e-08"": 0.026826920440048856, ""1e-10"": 0.0009172953524127148, ""1e-12"": 0.0006775763053327365, ""1e-14"": 0.0006718774538301806}",0.1764912388367556,0.03519211925547657,900023,900031,direct,streaming_tsqr,1e-14,trig,0.3,LS(tsvd),9.410578837153695e-05,0.0006657371652867255,1.8252768315728848e-07,1.5215246596968559e-06,1.8460067530104425,1343,1604,98034167989344.33,9.471233189891044e-05,0.0006657389039866116,False,101566.4573774116,tsvd,1e-14,q,Qratio-16
plate,9,400,6416,841,7,7,2.0,3364,3.384600772086999e-15,0.0,0.0006683091839888661,"{""100.0"": 66.32405115534378, ""1000.0"": 28.268038058254284, ""10000.0"": 8.345166097981906, ""100000.0"": 0.0006898471824762819, ""1000000.0"": 0.0006683091839888661, ""inf"": 0.0006692567893989517}",0.1764912388367556,0.03519211925547657,1000023,1000031,direct,streaming_tsqr,1e-14,trig,0.3,LS(ball),9.247113741090075e-05,0.0006621509899573848,1.2515814336903373e-07,1.3173137063797537e-06,2.000956486008363,1343,1604,99050053808572.97,9.342618312030522e-05,0.0006621523003183978,True,24969.34429459631,ball,1000000.0,q,Qratio-16
plate,9,400,6416,841,7,7,2.0,3364,3.384600772086999e-15,0.0,0.0006665308611549749,"{""1e-05"": 22.68822197174345, ""1e-06"": 4.3360425198873545, ""1e-08"": 0.03955206733992099, ""1e-10"": 0.0008907222541735656, ""1e-12"": 0.0006734285677157572, ""1e-14"": 0.0006665308611549749}",0.1764912388367556,0.03519211925547657,1000023,1000031,direct,streaming_tsqr,1e-14,trig,0.3,LS(ridge),9.220932081431572e-05,0.0006605978333488953,1.2430837586584035e-07,1.4127639678413988e-06,1.6640532980090939,1343,1604,99050053808572.97,9.297970707994224e-05,0.0006605993440257746,True,117902.10990339967,ridge,1e-14,q,Qratio-16
plate,9,400,6416,841,7,7,2.0,3364,3.384600772086999e-15,0.0,0.0006692567893989517,"{""1e-06"": 4.587645081563711, ""1e-08"": 0.028254972087320165, ""1e-10"": 0.000911769065742742, ""1e-12"": 0.0006787976968079329, ""1e-14"": 0.0006692567893989517}",0.1764912388367556,0.03519211925547657,1000023,1000031,direct,streaming_tsqr,1e-14,trig,0.3,LS(tsvd),9.261790659855737e-05,0.0006632412810400821,1.2244935250120593e-07,1.4498832534406083e-06,1.6753806640044786,1343,1604,99050053808572.97,9.32786891854851e-05,0.0006632428658019156,False,127203.14652212916,tsvd,1e-14,q,Qratio-16
plate,0,400,12832,841,7,7,2.0,3364,5.900793522345558e-15,0.0,0.0006562321951205423,"{""100.0"": 66.21833009254611, ""1000.0"": 28.213081142868766, ""10000.0"": 8.300474133338998, ""100000.0"": 0.0006802823579267055, ""1000000.0"": 0.0006571382452834126, ""inf"": 0.0006562321951205423}",0.1764912388367556,0.03519211925547657,100023,100031,direct,streaming_tsqr,1e-14,trig,0.3,LS(ball),8.941985756954914e-05,0.0006510123933758172,4.860296260483024e-08,9.321517006871799e-07,3.7326620850071777,1348,1604,96153368547049.53,9.06461623670654e-05,0.0006510130607258989,False,107460.38781214863,ball,inf,q,Qratio-32
plate,0,400,12832,841,7,7,2.0,3364,5.900793522345558e-15,0.0,0.0006554822138338806,"{""1e-05"": 22.416802068697905, ""1e-06"": 4.339659742158892, ""1e-08"": 0.0384265763630869, ""1e-10"": 0.0008793025737737269, ""1e-12"": 0.0006638900232970596, ""1e-14"": 0.0006554822138338806}",0.1764912388367556,0.03519211925547657,100023,100031,direct,streaming_tsqr,1e-14,trig,0.3,LS(ridge),8.899917244331682e-05,0.0006503334779652572,4.9389829737073065e-08,8.828836496035611e-07,3.4046461129910313,1348,1604,96153368547049.53,9.03073720603829e-05,0.0006503340772602389,True,125393.93571302386,ridge,1e-14,q,Qratio-32
plate,0,400,12832,841,7,7,2.0,3364,5.900793522345558e-15,0.0,0.0006562321951205423,"{""1e-06"": 4.606893511605037, ""1e-08"": 0.028446066024938484, ""1e-10"": 0.0009027845698004361, ""1e-12"": 0.0006679162551426844, ""1e-14"": 0.0006562321951205423}",0.1764912388367556,0.03519211925547657,100023,100031,direct,streaming_tsqr,1e-14,trig,0.3,LS(tsvd),8.941985756954914e-05,0.0006510123933758172,4.860296260483024e-08,9.321517006871799e-07,3.408905599004356,1348,1604,96153368547049.53,9.06461623670654e-05,0.0006510130607258989,False,107460.38781214863,tsvd,1e-14,q,Qratio-32
plate,1,400,12832,841,7,7,2.0,3364,5.525414034298001e-15,0.0,0.0006579973513621463,"{""100.0"": 66.45759204103983, ""1000.0"": 28.322636607216495, ""10000.0"": 8.342998447179493, ""100000.0"": 0.0006852463097089723, ""1000000.0"": 0.0006599119320247806, ""inf"": 0.0006579973513621463}",0.1764912388367556,0.03519211925547657,200023,200031,direct,streaming_tsqr,1e-14,trig,0.3,LS(ball),9.150065911669388e-05,0.0006526087786717155,4.243375283618408e-08,1.0566681135373878e-06,3.791859987017233,1346,1604,97707650685070.58,9.265580553133974e-05,0.000652609634120498,False,149469.26715833717,ball,inf,q,Qratio-32
plate,1,400,12832,841,7,7,2.0,3364,5.525414034298001e-15,0.0,0.0006575795246477641,"{""1e-05"": 22.66082703241618, ""1e-06"": 4.345790194360657, ""1e-08"": 0.039684626936022996, ""1e-10"": 0.0008858757591834228, ""1e-12"": 0.0006671723204088521, ""1e-14"": 0.0006575795246477641}",0.1764912388367556,0.03519211925547657,200023,200031,direct,streaming_tsqr,1e-14,trig,0.3,LS(ridge),9.112564996808491e-05,0.0006522080741805471,4.258611705749843e-08,9.725687826891594e-07,3.4409445929923095,1346,1604,97707650685070.58,9.245498500539662e-05,0.0006522087993245223,True,126561.33096105067,ridge,1e-14,q,Qratio-32
plate,1,400,12832,841,7,7,2.0,3364,5.525414034298001e-15,0.0,0.0006579973513621463,"{""1e-06"": 4.596923893198742, ""1e-08"": 0.027994995954706007, ""1e-10"": 0.0009066746325214856, ""1e-12"": 0.0006718000465819876, ""1e-14"": 0.0006579973513621463}",0.1764912388367556,0.03519211925547657,200023,200031,direct,streaming_tsqr,1e-14,trig,0.3,LS(tsvd),9.150065911669388e-05,0.0006526087786717155,4.243375283618408e-08,1.0566681135373878e-06,3.447391299996525,1346,1604,97707650685070.58,9.265580553133974e-05,0.000652609634120498,False,149469.26715833717,tsvd,1e-14,q,Qratio-32
plate,2,400,12832,841,7,7,2.0,3364,2.5343654785253313e-15,0.0,0.0006569750754286432,"{""100.0"": 66.3042805142217, ""1000.0"": 28.2751111906072, ""10000.0"": 8.328043185568276, ""100000.0"": 0.000682337351295719, ""1000000.0"": 0.0006580211900892591, ""inf"": 0.0006569750754286432}",0.1764912388367556,0.03519211925547657,300023,300031,direct,streaming_tsqr,1e-14,trig,0.3,LS(ball),9.1817364146901e-05,0.0006517115367192318,8.321896451265655e-08,1.0004370908339527e-06,3.7473206039867364,1347,1604,96809257597374.89,9.310370418090725e-05,0.0006517123046002088,False,99667.00326584143,ball,inf,q,Qratio-32
plate,2,400,12832,841,7,7,2.0,3364,2.5343654785253313e-15,0.0,0.0006561955483319935,"{""1e-05"": 22.55326878236458, ""1e-06"": 4.324431038293413, ""1e-08"": 0.039065937805450084, ""1e-10"": 0.0008787567628314262, ""1e-12"": 0.0006646609908087118, ""1e-14"": 0.0006561955483319935}",0.1764912388367556,0.03519211925547657,300023,300031,direct,streaming_tsqr,1e-14,trig,0.3,LS(ridge),9.151114504781498e-05,0.0006509728912875164,8.287404513588557e-08,9.720196982245714e-07,3.41226804399048,1347,1604,96809257597374.89,9.287886610814366e-05,0.0006509736169872958,True,125719.00046813166,ridge,1e-14,q,Qratio-32
plate,2,400,12832,841,7,7,2.0,3364,2.5343654785253313e-15,0.0,0.0006569750754286432,"{""1e-06"": 4.599277328399804, ""1e-08"": 0.027172098435007237, ""1e-10"": 0.0009057763169894978, ""1e-12"": 0.0006689952505580165, ""1e-14"": 0.0006569750754286432}",0.1764912388367556,0.03519211925547657,300023,300031,direct,streaming_tsqr,1e-14,trig,0.3,LS(tsvd),9.1817364146901e-05,0.0006517115367192318,8.321896451265655e-08,1.0004370908339527e-06,3.416622099990491,1347,1604,96809257597374.89,9.310370418090725e-05,0.0006517123046002088,False,99667.00326584143,tsvd,1e-14,q,Qratio-32
plate,3,400,12832,841,7,7,2.0,3364,2.5371889883540105e-15,0.0,0.0006594762507768368,"{""100.0"": 66.2428928034086, ""1000.0"": 28.251104727053995, ""10000.0"": 8.330334649471444, ""100000.0"": 0.0006838122295325159, ""1000000.0"": 0.0006610106496241013, ""inf"": 0.0006594762507768368}",0.1764912388367556,0.03519211925547657,400023,400031,direct,streaming_tsqr,1e-14,trig,0.3,LS(ball),9.094099556643016e-05,0.0006533904295271494,1.3629446645049848e-07,1.059445155078163e-06,3.8816134159860667,1345,1604,98119682763522.25,9.22681162906866e-05,0.000653391288449509,False,68267.85660692496,ball,inf,q,Qratio-32
plate,3,400,12832,841,7,7,2.0,3364,2.5371889883540105e-15,0.0,0.0006592322753627011,"{""1e-05"": 22.636730355889433, ""1e-06"": 4.352982359169471, ""1e-08"": 0.040706210529208996, ""1e-10"": 0.0008860024031116082, ""1e-12"": 0.0006675251118314744, ""1e-14"": 0.0006592322753627011}",0.1764912388367556,0.03519211925547657,400023,400031,direct,streaming_tsqr,1e-14,trig,0.3,LS(ridge),9.064061214673665e-05,0.0006531909643633567,1.371005145763683e-07,1.0211166935438192e-06,3.517956708004931,1345,1604,98119682763522.25,9.204006673292403e-05,0.0006531917625056472,True,114073.51436503931,ridge,1e-14,q,Qratio-32
plate,3,400,12832,841,7,7,2.0,3364,2.5371889883540105e-15,0.0,0.0006594762507768368,"{""1e-06"": 4.598778927720232, ""1e-08"": 0.02787189892486417, ""1e-10"": 0.000914124870235171, ""1e-12"": 0.0006722461572574476, ""1e-14"": 0.0006594762507768368}",0.1764912388367556,0.03519211925547657,400023,400031,direct,streaming_tsqr,1e-14,trig,0.3,LS(tsvd),9.094099556643016e-05,0.0006533904295271494,1.3629446645049848e-07,1.059445155078163e-06,3.522445717972005,1345,1604,98119682763522.25,9.22681162906866e-05,0.000653391288449509,False,68267.85660692496,tsvd,1e-14,q,Qratio-32
plate,4,400,12832,841,7,7,2.0,3364,3.009184335541785e-15,0.0,0.0006566147981804039,"{""100.0"": 66.37029238565734, ""1000.0"": 28.267117251851918, ""10000.0"": 8.32870922006207, ""100000.0"": 0.0006819318287321714, ""1000000.0"": 0.0006579323107012439, ""inf"": 0.0006566147981804039}",0.1764912388367556,0.03519211925547657,500023,500031,direct,streaming_tsqr,1e-14,trig,0.3,LS(ball),9.144433110746232e-05,0.0006510972374170083,3.5268195845096777e-08,9.882377295261725e-07,3.7371495560219046,1349,1604,95854619371257.19,9.266522370926656e-05,0.000651097987391967,False,111851.92216497965,ball,inf,q,Qratio-32
plate,4,400,12832,841,7,7,2.0,3364,3.009184335541785e-15,0.0,0.0006556316622884274,"{""1e-05"": 22.597212691614455, ""1e-06"": 4.344741028233933, ""1e-08"": 0.04025878313194626, ""1e-10"": 0.0008844128800635748, ""1e-12"": 0.0006647690254489657, ""1e-14"": 0.0006556316622884274}",0.1764912388367556,0.03519211925547657,500023,500031,direct,streaming_tsqr,1e-14,trig,0.3,LS(ridge),9.123804523680574e-05,0.0006501122810276935,3.530738769792077e-08,9.457044755251047e-07,3.3929123130219523,1349,1604,95854619371257.19,9.251856669952152e-05,0.0006501129688753992,True,118058.45478640217,ridge,1e-14,q,Qratio-32
plate,4,400,12832,841,7,7,2.0,3364,3.009184335541785e-15,0.0,0.0006566147981804039,"{""1e-06"": 4.582721822323508, ""1e-08"": 0.0287472181155043, ""1e-10"": 0.0009053254217527971, ""1e-12"": 0.0006685786938549813, ""1e-14"": 0.0006566147981804039}",0.1764912388367556,0.03519211925547657,500023,500031,direct,streaming_tsqr,1e-14,trig,0.3,LS(tsvd),9.144433110746232e-05,0.0006510972374170083,3.5268195845096777e-08,9.882377295261725e-07,3.397468512004707,1349,1604,95854619371257.19,9.266522370926656e-05,0.000651097987391967,False,111851.92216497965,tsvd,1e-14,q,Qratio-32
plate,5,400,12832,841,7,7,2.0,3364,3.9057355655364296e-15,0.0,0.0006600778369556781,"{""100.0"": 66.28319952804456, ""1000.0"": 28.276201917982753, ""10000.0"": 8.323412864580582, ""100000.0"": 0.000685319195441418, ""1000000.0"": 0.0006605489946491554, ""inf"": 0.0006600778369556781}",0.1764912388367556,0.03519211925547657,600023,600031,direct,streaming_tsqr,1e-14,trig,0.3,LS(ball),9.054793120486299e-05,0.0006544452127409475,3.80852711302672e-08,1.067379542375393e-06,3.8321612830040976,1345,1604,98542442845108.98,9.158866043948913e-05,0.0006544460831715868,False,160811.28519971567,ball,inf,q,Qratio-32
plate,5,400,12832,841,7,7,2.0,3364,3.9057355655364296e-15,0.0,0.000659069323568645,"{""1e-05"": 22.658514719268627, ""1e-06"": 4.336238809820434, ""1e-08"": 0.03901700740902767, ""1e-10"": 0.0008815988665884138, ""1e-12"": 0.0006677919915100559, ""1e-14"": 0.000659069323568645}",0.1764912388367556,0.03519211925547657,600023,600031,direct,streaming_tsqr,1e-14,trig,0.3,LS(ridge),9.014966596715861e-05,0.0006534646320478905,3.820743651607032e-08,9.279250172383045e-07,3.480568241007859,1345,1604,98542442845108.98,9.144366314814328e-05,0.0006534652908780408,True,131991.1329693597,ridge,1e-14,q,Qratio-32
plate,5,400,12832,841,7,7,2.0,3364,3.9057355655364296e-15,0.0,0.0006600778369556781,"{""1e-06"": 4.623047276345073, ""1e-08"": 0.02768353512714757, ""1e-10"": 0.0009092269217619629, ""1e-12"": 0.0006711891018868129, ""1e-14"": 0.0006600778369556781}",0.1764912388367556,0.03519211925547657,600023,600031,direct,streaming_tsqr,1e-14,trig,0.3,LS(tsvd),9.054793120486299e-05,0.0006544452127409475,3.80852711302672e-08,1.067379542375393e-06,3.485526137985289,1345,1604,98542442845108.98,9.158866043948913e-05,0.0006544460831715868,False,160811.28519971567,tsvd,1e-14,q,Qratio-32
plate,6,400,12832,841,7,7,2.0,3364,1.950018053910315e-15,0.0,0.0006574811035682967,"{""100.0"": 66.3009640859934, ""1000.0"": 28.282049793919835, ""10000.0"": 8.32966154055998, ""100000.0"": 0.0006838882534571347, ""1000000.0"": 0.0006584687334202356, ""inf"": 0.0006574811035682967}",0.1764912388367556,0.03519211925547657,700023,700031,direct,streaming_tsqr,1e-14,trig,0.3,LS(ball),9.069463436394684e-05,0.0006517572528898908,8.386484612366194e-08,1.065007315189075e-06,3.5156440430437215,1345,1604,97697262964466.27,9.187180735447639e-05,0.00065175812302967,False,97927.90939279595,ball,inf,q,Qratio-32
plate,6,400,12832,841,7,7,2.0,3364,1.950018053910315e-15,0.0,0.0006567538035532811,"{""1e-05"": 22.631455862240315, ""1e-06"": 4.372269090094316, ""1e-08"": 0.03959557344323849, ""1e-10"": 0.000888032629003766, ""1e-12"": 0.0006656065693582786, ""1e-14"": 0.0006567538035532811}",0.1764912388367556,0.03519211925547657,700023,700031,direct,streaming_tsqr,1e-14,trig,0.3,LS(ridge),9.049445337889618e-05,0.0006510520270498121,8.405110620091521e-08,1.0354767442112667e-06,3.184740603028331,1345,1604,97697262964466.27,9.175912843969315e-05,0.0006510528504950708,True,121258.77179565451,ridge,1e-14,q,Qratio-32
plate,6,400,12832,841,7,7,2.0,3364,1.950018053910315e-15,0.0,0.0006574811035682967,"{""1e-06"": 4.583141958988048, ""1e-08"": 0.02840579499202839, ""1e-10"": 0.0009078282858288316, ""1e-12"": 0.0006695560735260003, ""1e-14"": 0.0006574811035682967}",0.1764912388367556,0.03519211925547657,700023,700031,direct,streaming_tsqr,1e-14,trig,0.3,LS(tsvd),9.069463436394684e-05,0.0006517572528898908,8.386484612366194e-08,1.065007315189075e-06,3.1899316660128534,1345,1604,97697262964466.27,9.187180735447639e-05,0.00065175812302967,False,97927.90939279595,tsvd,1e-14,q,Qratio-32
plate,7,400,12832,841,7,7,2.0,3364,4.783149150353831e-15,0.0,0.0006582681963231264,"{""100.0"": 66.27269923997136, ""1000.0"": 28.24425819214019, ""10000.0"": 8.338661311601898, ""100000.0"": 0.0006827596611574143, ""1000000.0"": 0.0006590016338537157, ""inf"": 0.0006582681963231264}",0.1764912388367556,0.03519211925547657,800023,800031,direct,streaming_tsqr,1e-14,trig,0.3,LS(ball),9.087752475240214e-05,0.0006531579199669456,1.4831911714066014e-07,1.0457963017090494e-06,3.773596061015269,1345,1604,98024520544545.23,9.221787265091957e-05,0.0006531587571987776,False,99273.4476917113,ball,inf,q,Qratio-32
plate,7,400,12832,841,7,7,2.0,3364,4.783149150353831e-15,0.0,0.0006573669708961389,"{""1e-05"": 22.61198411310435, ""1e-06"": 4.352832112273773, ""1e-08"": 0.040760389784645655, ""1e-10"": 0.0008869506231224667, ""1e-12"": 0.0006656624210869157, ""1e-14"": 0.0006573669708961389}",0.1764912388367556,0.03519211925547657,800023,800031,direct,streaming_tsqr,1e-14,trig,0.3,LS(ridge),9.063745604278175e-05,0.0006522904391406716,1.4854411587921734e-07,1.0063524973313612e-06,3.4092435270140413,1345,1604,98024520544545.23,9.206643194235522e-05,0.0006522912154396064,True,125728.87247478604,ridge,1e-14,q,Qratio-32
plate,7,400,12832,841,7,7,2.0,3364,4.783149150353831e-15,0.0,0.0006582681963231264,"{""1e-06"": 4.605118397311711, ""1e-08"": 0.028525973560348118, ""1e-10"": 0.0009031932512374138, ""1e-12"": 0.0006693667991999781, ""1e-14"": 0.0006582681963231264}",0.1764912388367556,0.03519211925547657,800023,800031,direct,streaming_tsqr,1e-14,trig,0.3,LS(tsvd),9.087752475240214e-05,0.0006531579199669456,1.4831911714066014e-07,1.0457963017090494e-06,3.4129574230173603,1345,1604,98024520544545.23,9.221787265091957e-05,0.0006531587571987776,False,99273.4476917113,tsvd,1e-14,q,Qratio-32
plate,8,400,12832,841,7,7,2.0,3364,2.8310027323899038e-15,0.0,0.000657885722623444,"{""100.0"": 66.33079408328663, ""1000.0"": 28.269518693310587, ""10000.0"": 8.344105409284651, ""100000.0"": 0.0006816805344589321, ""1000000.0"": 0.000658482846856244, ""inf"": 0.000657885722623444}",0.1764912388367556,0.03519211925547657,900023,900031,direct,streaming_tsqr,1e-14,trig,0.3,LS(ball),9.205167688989673e-05,0.0006519724060247957,1.2302199995532293e-07,1.0489029459383118e-06,4.06480485299835,1346,1604,99578635794359.05,9.333432713187629e-05,0.0006519732497696137,False,150547.72406759165,ball,inf,q,Qratio-32
plate,8,400,12832,841,7,7,2.0,3364,2.8310027323899038e-15,0.0,0.0006574079631346228,"{""1e-05"": 22.72298403653428, ""1e-06"": 4.368642769580903, ""1e-08"": 0.0401943898825039, ""1e-10"": 0.0008843365023142916, ""1e-12"": 0.0006649748763293193, ""1e-14"": 0.0006574079631346228}",0.1764912388367556,0.03519211925547657,900023,900031,direct,streaming_tsqr,1e-14,trig,0.3,LS(ridge),9.170200804019085e-05,0.0006515034439918535,1.2307137267502285e-07,9.967924603349277e-07,3.725816533988109,1346,1604,99578635794359.05,9.308623194385965e-05,0.0006515042065316656,True,124106.0525705673,ridge,1e-14,q,Qratio-32
plate,8,400,12832,841,7,7,2.0,3364,2.8310027323899038e-15,0.0,0.000657885722623444,"{""1e-06"": 4.585105062357421, ""1e-08"": 0.026843030067482083, ""1e-10"": 0.000905801941628295, ""1e-12"": 0.0006691323987505137, ""1e-14"": 0.000657885722623444}",0.1764912388367556,0.03519211925547657,900023,900031,direct,streaming_tsqr,1e-14,trig,0.3,LS(tsvd),9.205167688989673e-05,0.0006519724060247957,1.2302199995532293e-07,1.0489029459383118e-06,3.729575247009052,1346,1604,99578635794359.05,9.333432713187629e-05,0.0006519732497696137,False,150547.72406759165,tsvd,1e-14,q,Qratio-32
plate,9,400,12832,841,7,7,2.0,3364,3.384600772086999e-15,0.0,0.0006587964906028116,"{""100.0"": 66.34337854739685, ""1000.0"": 28.272704928367965, ""10000.0"": 8.334018448318032, ""100000.0"": 0.0006830382004394421, ""1000000.0"": 0.0006600414820946255, ""inf"": 0.0006587964906028116}",0.1764912388367556,0.03519211925547657,1000023,1000031,direct,streaming_tsqr,1e-14,trig,0.3,LS(ball),9.073851041939062e-05,0.0006532577174621411,5.328546423969474e-08,9.77980938790828e-07,3.733416329981992,1345,1604,99248408556754.77,9.198832962832985e-05,0.0006532584495209865,False,90415.84108629488,ball,inf,q,Qratio-32
plate,9,400,12832,841,7,7,2.0,3364,3.384600772086999e-15,0.0,0.0006582027634036889,"{""1e-05"": 22.673923105215902, ""1e-06"": 4.326880194276641, ""1e-08"": 0.03912307130647361, ""1e-10"": 0.000879596557898728, ""1e-12"": 0.0006661063774998796, ""1e-14"": 0.0006582027634036889}",0.1764912388367556,0.03519211925547657,1000023,1000031,direct,streaming_tsqr,1e-14,trig,0.3,LS(ridge),9.042368418592047e-05,0.00065270105081538,5.3512756979211855e-08,9.455190706575689e-07,3.3780667369719595,1345,1604,99248408556754.77,9.173235473941031e-05,0.0006527017356663105,True,110953.81829342186,ridge,1e-14,q,Qratio-32
plate,9,400,12832,841,7,7,2.0,3364,3.384600772086999e-15,0.0,0.0006587964906028116,"{""1e-06"": 4.584242887084148, ""1e-08"": 0.02766307918825168, ""1e-10"": 0.0009044854904359736, ""1e-12"": 0.0006705650080754863, ""1e-14"": 0.0006587964906028116}",0.1764912388367556,0.03519211925547657,1000023,1000031,direct,streaming_tsqr,1e-14,trig,0.3,LS(tsvd),9.073851041939062e-05,0.0006532577174621411,5.328546423969474e-08,9.77980938790828e-07,3.38223037897842,1345,1604,99248408556754.77,9.198832962832985e-05,0.0006532584495209865,False,90415.84108629488,tsvd,1e-14,q,Qratio-32
