model,run,N,Q,K,activation_power,ritz_degree,ritz_ratio,projection_samples,projection_gram_residual,boundary_residual,validation_score,hyperparameter_scores,parameter_covering_radius,parameter_separation,projection_seed,training_seed,system_backend,direct_solver,direct_rcond,manufactured_solution,nu,name,u_l2_error,sigma_l2_error,wall_time,rank,columns,condition_estimate,u_h1_error,sigma_hdiv_error,constitutive_residual,equilibrium_residual,coefficient_ball_active,trace_residual,continuous_trace_mean,sigma_deviatoric_l2_error,sigma_hydrostatic_l2_error,u_h1_exact_norm,sigma_hdiv_exact_norm,relative_u_h1_error,relative_sigma_hdiv_error,coefficient_norm,algorithm,hyperparameter,study,configuration
elasticity-2d,0,200,804,441,3,7,2.0,12808,3.629485844170506e-15,0.0,0.017393860677370015,"{""100.0"": 7.7994231424986635, ""1000.0"": 0.9223977500043744, ""10000.0"": 0.017393860677370015, ""100000.0"": 0.1176945410886241, ""1000000.0"": 0.2743692287097577, ""inf"": 208.61319292542933}",0.23481480787577474,0.046247351138635595,100023,100031,direct,streaming_tsqr,1e-14,hu_zhang,0.3333333333333333,LS(ball),4.1542662388649285e-05,0.0006855559595840427,0.2460752089973539,997,1004,1018463147453.272,0.001729106304237665,0.01733377716933996,0.0015316362664147035,0.017320214894238756,True,2.842170943040401e-14,3.9527703159236705e-11,0.00047827718845762314,0.0004911597547868401,2.2836308025822403,15.004035497307717,0.0007571741904525282,0.0011552743375240805,315.5972015489889,ball,10000.0,main,N-200
elasticity-2d,0,200,804,441,3,7,2.0,12808,3.629485844170506e-15,0.0,0.012672208962708115,"{""1e-05"": 0.013899369583037452, ""1e-06"": 0.012672208962708115, ""1e-08"": 0.07865689548279495, ""1e-10"": 0.14440990481310098, ""1e-12"": 185.0608286119318, ""1e-14"": 341.7468553474425}",0.23481480787577474,0.046247351138635595,100023,100031,direct,streaming_tsqr,1e-14,hu_zhang,0.3333333333333333,LS(ridge),4.768401444248054e-05,0.000850701178717049,0.1312018829921726,744,1004,996129.8574515869,0.0015940677175533585,0.012598616379004411,0.0014729444467883228,0.012569862456281996,True,5.329070518200751e-15,5.1036538710469426e-11,0.0006134029428153991,0.0005894313575099181,2.2836308025822403,15.004035497307717,0.0006980409073790953,0.0008396818563422535,102.74097742137032,ridge,1e-06,main,N-200
elasticity-2d,0,200,804,441,3,7,2.0,12808,3.629485844170506e-15,0.0,0.014235658225086196,"{""1e-06"": 0.014235658225086196, ""1e-08"": 0.023331885048844574, ""1e-10"": 0.19596635010558303, ""1e-12"": 208.41965449746482, ""1e-14"": 208.61319292542933}",0.23481480787577474,0.046247351138635595,100023,100031,direct,streaming_tsqr,1e-14,hu_zhang,0.3333333333333333,LS(tsvd),5.3211897354707444e-05,0.0010389894153973464,0.13265755400061607,744,1004,996129.8574515869,0.0017125256276125044,0.014156495106031638,0.001594029950134228,0.014118316283530058,False,1.1546319456101628e-14,7.81394367613264e-11,0.0007409021821086048,0.0007283975300990713,2.2836308025822403,15.004035497307717,0.000749913526160204,0.0009435125042573941,115.78046125776322,tsvd,1e-06,main,N-200
elasticity-2d,1,200,804,441,3,7,2.0,12808,3.2026148198690622e-15,0.0,0.016125558821161703,"{""100.0"": 7.795588052557574, ""1000.0"": 0.9205498056022869, ""10000.0"": 0.016125558821161703, ""100000.0"": 0.06373373913724685, ""1000000.0"": 0.2470460609680773, ""inf"": 44.34676304324833}",0.23481480787577474,0.046247351138635595,200023,200031,direct,streaming_tsqr,1e-14,hu_zhang,0.3333333333333333,LS(ball),4.855690709495419e-05,0.0007468323612306692,0.23947759499424137,997,1004,537117201709.56433,0.0015637575413930207,0.01606121231140365,0.0014776154190711311,0.016043839388880793,True,3.552713678800501e-14,-1.1257354857324708e-10,0.0005500549170169347,0.0005051714204573234,2.2836308025822403,15.004035497307717,0.0006847681068344256,0.0010704594983320076,315.5972015488139,ball,10000.0,main,N-200
elasticity-2d,1,200,804,441,3,7,2.0,12808,3.2026148198690622e-15,0.0,0.011875066799234018,"{""1e-05"": 0.01447047017263154, ""1e-06"": 0.011875066799234018, ""1e-08"": 0.04671338235415139, ""1e-10"": 0.5817577359691317, ""1e-12"": 39.89448556943923, ""1e-14"": 425.71954741040037}",0.23481480787577474,0.046247351138635595,200023,200031,direct,streaming_tsqr,1e-14,hu_zhang,0.3333333333333333,LS(ridge),4.7234177094303844e-05,0.0008958714115366389,0.12411418298142962,748,1004,993535.795079152,0.0016098650394759087,0.011782599316095125,0.001527359414372616,0.011748491863113183,True,1.0658141036401503e-14,-5.825030041650692e-11,0.0006274052812967701,0.0006394905777332224,2.2836308025822403,15.004035497307717,0.0007049585413086636,0.0007852953505881376,96.64119445509883,ridge,1e-06,main,N-200
elasticity-2d,1,200,804,441,3,7,2.0,12808,3.2026148198690622e-15,0.0,0.01362808153862555,"{""1e-06"": 0.01362808153862555, ""1e-08"": 0.04545917132755401, ""1e-10"": 0.8077713471980283, ""1e-12"": 44.34676304324833, ""1e-14"": 44.34676304324833}",0.23481480787577474,0.046247351138635595,200023,200031,direct,streaming_tsqr,1e-14,hu_zhang,0.3333333333333333,LS(tsvd),5.0820480661542386e-05,0.0009665107375506084,0.12601561800693162,748,1004,993535.795079152,0.0017478746548668382,0.013532895069935014,0.001667303874356297,0.01349833715566739,False,1.0658141036401503e-14,-7.036607234389702e-11,0.0006962976134854594,0.0006703078690087675,2.2836308025822403,15.004035497307717,0.0007653928353437911,0.0009019503501150287,108.28855645994243,tsvd,1e-06,main,N-200
elasticity-2d,2,200,804,441,3,7,2.0,12808,3.1634311115917817e-15,0.0,0.024739463960009887,"{""100.0"": 7.786013659865634, ""1000.0"": 0.9280511853099738, ""10000.0"": 0.024739463960009887, ""100000.0"": 0.15246707000081686, ""1000000.0"": 2.293741427067484, ""inf"": 32.269823268741725}",0.23481480787577474,0.046247351138635595,300023,300031,direct,streaming_tsqr,1e-14,hu_zhang,0.3333333333333333,LS(ball),5.0728141732865203e-05,0.0014672551708258224,0.20542116501019336,974,1004,440960317443.20404,0.002078416187221025,0.024665862378731866,0.002273104472250566,0.024622183679564754,True,2.1316282072803006e-14,-2.647547892725699e-10,0.001281995781408387,0.0007136697785153949,2.2836308025822403,15.004035497307717,0.0009101366932302864,0.0016439485485860014,315.5972015487882,ball,10000.0,main,N-200
elasticity-2d,2,200,804,441,3,7,2.0,12808,3.1634311115917817e-15,0.0,0.013471972095245333,"{""1e-05"": 0.015597546221171881, ""1e-06"": 0.013471972095245333, ""1e-08"": 0.06889685030085355, ""1e-10"": 1.2462284684747214, ""1e-12"": 28.01256834868299, ""1e-14"": 2058.3175361891826}",0.23481480787577474,0.046247351138635595,300023,300031,direct,streaming_tsqr,1e-14,hu_zhang,0.3333333333333333,LS(ridge),4.605708323909341e-05,0.0011532786174615983,0.10558401598245837,733,1004,988319.6239281062,0.0017135866746146654,0.013381291137444249,0.0017159797195007566,0.013331500325752907,True,7.105427357601002e-15,-5.3374909526893166e-11,0.0007958251246499347,0.0008346939202306745,2.2836308025822403,15.004035497307717,0.0007503781577464312,0.0008918461396499196,89.76253816998006,ridge,1e-06,main,N-200
elasticity-2d,2,200,804,441,3,7,2.0,12808,3.1634311115917817e-15,0.0,0.013707383030666516,"{""1e-06"": 0.013707383030666516, ""1e-08"": 0.06947371662307993, ""1e-10"": 0.20869159436101195, ""1e-12"": 32.269823268741725, ""1e-14"": 32.269823268741725}",0.23481480787577474,0.046247351138635595,300023,300031,direct,streaming_tsqr,1e-14,hu_zhang,0.3333333333333333,LS(tsvd),5.0548904255365225e-05,0.0013714847922858596,0.1072182199859526,733,1004,988319.6239281062,0.0019482760306466372,0.013588549843357892,0.0019775006272526293,0.01351916108010961,False,0.0,-5.124840309067569e-11,0.0009769602710268136,0.0009625586549954252,2.2836308025822403,15.004035497307717,0.0008531484285654244,0.0009056596704130822,95.03690583618985,tsvd,1e-06,main,N-200
elasticity-2d,3,200,804,441,3,7,2.0,12808,3.5618045089646425e-15,0.0,0.016751706406194066,"{""100.0"": 7.793046832663387, ""1000.0"": 0.926260171227335, ""10000.0"": 0.016751706406194066, ""100000.0"": 0.02652816315722244, ""1000000.0"": 0.8430442503834609, ""inf"": 28.292362025464424}",0.23481480787577474,0.046247351138635595,400023,400031,direct,streaming_tsqr,1e-14,hu_zhang,0.3333333333333333,LS(ball),6.321709017657385e-05,0.0009455836365302269,0.2164769099908881,985,1004,4730391583229.539,0.002142606694513126,0.016613765359577135,0.001988637913843737,0.016586834267255806,True,7.815970093361102e-14,-8.081511675139819e-11,0.0007511617922910993,0.0005743556176061583,2.2836308025822403,15.004035497307717,0.0009382456621667347,0.0011072864605364513,315.59720154882996,ball,10000.0,main,N-200
elasticity-2d,3,200,804,441,3,7,2.0,12808,3.5618045089646425e-15,0.0,0.011815171560003836,"{""1e-05"": 0.01353039390307591, ""1e-06"": 0.011815171560003836, ""1e-08"": 0.023941824442098802, ""1e-10"": 0.618937064979251, ""1e-12"": 3.43014357709669, ""1e-14"": 70.8477970796803}",0.23481480787577474,0.046247351138635595,400023,400031,direct,streaming_tsqr,1e-14,hu_zhang,0.3333333333333333,LS(ridge),4.690836729813265e-05,0.0009227639657488782,0.11061280098510906,740,1004,996496.69116682,0.0017020257380890545,0.011698927648429721,0.0015858192179306594,0.0116624789297434,True,0.0,-4.6980560067244603e-11,0.0006525254911250403,0.0006524598224539361,2.2836308025822403,15.004035497307717,0.0007453156334046951,0.000779718739703658,95.38947743452891,ridge,1e-06,main,N-200
elasticity-2d,3,200,804,441,3,7,2.0,12808,3.5618045089646425e-15,0.0,0.012245049319527941,"{""1e-06"": 0.012245049319527941, ""1e-08"": 0.024500302825628265, ""1e-10"": 0.11041267688868138, ""1e-12"": 4.0766780179265965, ""1e-14"": 28.292362025464424}",0.23481480787577474,0.046247351138635595,400023,400031,direct,streaming_tsqr,1e-14,hu_zhang,0.3333333333333333,LS(tsvd),4.8260568006322284e-05,0.0009518956849988745,0.11249216998112388,740,1004,996496.69116682,0.0017257695271672181,0.012130902135206826,0.0015991804587866217,0.012093497476695733,False,1.7763568394002505e-14,-1.0843593384324279e-10,0.0006768018165487618,0.0006693614092818413,2.2836308025822403,15.004035497307717,0.0007557130185911775,0.0008085092932087212,102.82614274510533,tsvd,1e-06,main,N-200
elasticity-2d,4,200,804,441,3,7,2.0,12808,3.920917760679612e-15,0.0,0.013517055603829027,"{""100.0"": 7.804933877091356, ""1000.0"": 0.9115762416647764, ""10000.0"": 0.013517055603829027, ""100000.0"": 0.01575222872174369, ""1000000.0"": 0.04026543574439766, ""inf"": 2.0188143773628795}",0.23481480787577474,0.046247351138635595,500023,500031,direct,streaming_tsqr,1e-14,hu_zhang,0.3333333333333333,LS(ball),3.7059363430487147e-05,0.0006321763318499374,0.22703046599053778,1002,1004,41801316279103.16,0.0015251669564190166,0.013440443387945197,0.0013853776193907088,0.013425567829704952,True,4.263256414560601e-14,-2.391147800595572e-10,0.00045526337428119807,0.00043861392429942283,2.2836308025822403,15.004035497307717,0.0006678693222627833,0.0008957885623742301,315.59720154888095,ball,10000.0,main,N-200
elasticity-2d,4,200,804,441,3,7,2.0,12808,3.920917760679612e-15,0.0,0.011676781633436493,"{""1e-05"": 0.013489152746739605, ""1e-06"": 0.011676781633436493, ""1e-08"": 0.014713413269924328, ""1e-10"": 0.023695784913034083, ""1e-12"": 0.30723673240352023, ""1e-14"": 27.38455211787469}",0.23481480787577474,0.046247351138635595,500023,500031,direct,streaming_tsqr,1e-14,hu_zhang,0.3333333333333333,LS(ridge),3.816938700382461e-05,0.0007876734671705363,0.11181815300369635,749,1004,982567.24372821,0.0015244785657954093,0.01158668723932224,0.0014357820938875293,0.01155988285801324,True,3.552713678800501e-15,-8.94458500322326e-11,0.0005693362897832227,0.0005443213021923063,2.2836308025822403,15.004035497307717,0.0006675678765900287,0.0007722380583144663,98.84469307839915,ridge,1e-06,main,N-200
elasticity-2d,4,200,804,441,3,7,2.0,12808,3.920917760679612e-15,0.0,0.012905083838826365,"{""1e-06"": 0.012905083838826365, ""1e-08"": 0.015085299367570366, ""1e-10"": 0.025005880368616586, ""1e-12"": 0.4126884199892544, ""1e-14"": 2.0188143773628795}",0.23481480787577474,0.046247351138635595,500023,500031,direct,streaming_tsqr,1e-14,hu_zhang,0.3333333333333333,LS(tsvd),4.007763939707433e-05,0.0008432044314927019,0.1130403550050687,749,1004,982567.24372821,0.0015683092285835778,0.012814813912544451,0.0014721365357609456,0.012787042734731666,False,3.552713678800501e-15,-9.468145364954772e-11,0.0006073143024591558,0.0005849470500117765,2.2836308025822403,15.004035497307717,0.0006867612868114211,0.0008540911486675639,111.55844191984296,tsvd,1e-06,main,N-200
elasticity-2d,5,200,804,441,3,7,2.0,12808,2.7156578155042518e-15,0.0,0.012274630107451542,"{""100.0"": 7.8024606598281165, ""1000.0"": 0.9180286028639849, ""10000.0"": 0.012274630107451542, ""100000.0"": 0.07352998860958156, ""1000000.0"": 0.10206745271109541, ""inf"": 3.963228299873756}",0.23481480787577474,0.046247351138635595,600023,600031,direct,streaming_tsqr,1e-14,hu_zhang,0.3333333333333333,LS(ball),6.576141450428799e-05,0.0010736397090276232,0.23940719399251975,998,1004,2489038123588.813,0.0016937214184638766,0.0121898528003633,0.00152888569225537,0.012142479527251593,True,4.263256414560601e-14,-1.348815304239026e-10,0.000656091133159337,0.0008498509573981876,2.2836308025822403,15.004035497307717,0.0007416791788535532,0.0008124382805246371,315.5972015487731,ball,10000.0,main,N-200
elasticity-2d,5,200,804,441,3,7,2.0,12808,2.7156578155042518e-15,0.0,0.011468160013366967,"{""1e-05"": 0.01335025530382117, ""1e-06"": 0.011468160013366967, ""1e-08"": 0.061377956581467434, ""1e-10"": 0.19236343904959508, ""1e-12"": 3.039081558034441, ""1e-14"": 15.099224912748895}",0.23481480787577474,0.046247351138635595,600023,600031,direct,streaming_tsqr,1e-14,hu_zhang,0.3333333333333333,LS(ridge),5.3555464603891646e-05,0.0008800412125477258,0.13433661498129368,750,1004,994792.2901591578,0.0015296961919728021,0.011404149806106779,0.0014024920934902283,0.011370143370439215,True,7.105427357601002e-15,-6.992803558425464e-11,0.0005856285400435114,0.0006568955387799318,2.2836308025822403,15.004035497307717,0.0006698526706869961,0.0007600721691276396,94.2183709464224,ridge,1e-06,main,N-200
elasticity-2d,5,200,804,441,3,7,2.0,12808,2.7156578155042518e-15,0.0,0.012228835881029998,"{""1e-06"": 0.012228835881029998, ""1e-08"": 0.07613037227840602, ""1e-10"": 0.182894684069353, ""1e-12"": 3.8510202372570492, ""1e-14"": 3.963228299873756}",0.23481480787577474,0.046247351138635595,600023,600031,direct,streaming_tsqr,1e-14,hu_zhang,0.3333333333333333,LS(tsvd),5.354234181318676e-05,0.0009585549137332615,0.1361242170096375,750,1004,994792.2901591578,0.0015717808810020576,0.012165865605314213,0.0014510976844530471,0.012128044294276188,False,3.552713678800501e-15,-8.01729524782524e-11,0.0006359143320091483,0.0007172450661995098,2.2836308025822403,15.004035497307717,0.0006882815204737777,0.0008108395642957005,101.99757316879065,tsvd,1e-06,main,N-200
elasticity-2d,6,200,804,441,3,7,2.0,12808,3.329878940932067e-15,0.0,0.01885825485139839,"{""100.0"": 7.786614186373827, ""1000.0"": 0.9171432143210628, ""10000.0"": 0.01885825485139839, ""100000.0"": 0.07083028828889835, ""1000000.0"": 1.538930796019844, ""inf"": 192.82188999395711}",0.23481480787577474,0.046247351138635595,700023,700031,direct,streaming_tsqr,1e-14,hu_zhang,0.3333333333333333,LS(ball),3.8581716944449204e-05,0.0007350596079819043,0.20998118299758062,1000,1004,40006173918978.14,0.0015275958047437678,0.01880472385756415,0.001446845196118053,0.01879035195870359,True,4.263256414560601e-14,3.018197410747936e-11,0.000570995891219041,0.0004628999022439777,2.2836308025822403,15.004035497307717,0.0006689329128931096,0.0012533110749397,315.5972015487952,ball,10000.0,main,N-200
elasticity-2d,6,200,804,441,3,7,2.0,12808,3.329878940932067e-15,0.0,0.011284289895262214,"{""1e-05"": 0.0144108162536322, ""1e-06"": 0.011284289895262214, ""1e-08"": 0.06485049701493527, ""1e-10"": 3.3745750801644467, ""1e-12"": 83.7402501426519, ""1e-14"": 199.2776056710847}",0.23481480787577474,0.046247351138635595,700023,700031,direct,streaming_tsqr,1e-14,hu_zhang,0.3333333333333333,LS(ridge),3.643331822775773e-05,0.0009109941460624399,0.10734148899791762,744,1004,995569.3577102177,0.0015352291662005348,0.01119472367825466,0.001464767646575264,0.011157595076821684,True,3.552713678800501e-15,-1.0340233877470517e-11,0.0006324938213711464,0.0006556385437780167,2.2836308025822403,15.004035497307717,0.0006722755554289064,0.0007461141824320137,98.13148518909044,ridge,1e-06,main,N-200
elasticity-2d,6,200,804,441,3,7,2.0,12808,3.329878940932067e-15,0.0,0.012285977189819828,"{""1e-06"": 0.012285977189819828, ""1e-08"": 0.0585642850002828, ""1e-10"": 0.4878809495917075, ""1e-12"": 84.12078120732588, ""1e-14"": 192.82188999395711}",0.23481480787577474,0.046247351138635595,700023,700031,direct,streaming_tsqr,1e-14,hu_zhang,0.3333333333333333,LS(tsvd),3.907549313844938e-05,0.0009488523684164958,0.10871827899245545,744,1004,995569.3577102177,0.0016369988776617245,0.012194236017506032,0.0015548380246291865,0.012157264134400955,False,1.0658141036401503e-14,-2.514042619916612e-11,0.0006815320604690872,0.0006601779060240914,2.2836308025822403,15.004035497307717,0.0007168404261366024,0.0008127304164065815,110.94527769689226,tsvd,1e-06,main,N-200
elasticity-2d,7,200,804,441,3,7,2.0,12808,4.4175222570998275e-15,0.0,0.012038947726420514,"{""100.0"": 7.8020844915657825, ""1000.0"": 0.9191464981620967, ""10000.0"": 0.012038947726420514, ""100000.0"": 0.017898220019475726, ""1000000.0"": 0.044377301939009316, ""inf"": 1.8970835148942478}",0.23481480787577474,0.046247351138635595,800023,800031,direct,streaming_tsqr,1e-14,hu_zhang,0.3333333333333333,LS(ball),3.947263855253545e-05,0.0007071981963773701,0.18634998303605244,1002,1004,819686024127.4305,0.0015995513198590547,0.01195646474924279,0.0014405436521597677,0.01193553182773713,True,0.0,-5.500320251344837e-11,0.0005050381618665616,0.000495041153862838,2.2836308025822403,15.004035497307717,0.0007004421721980386,0.0007968832619323132,315.5972015488735,ball,10000.0,main,N-200
elasticity-2d,7,200,804,441,3,7,2.0,12808,4.4175222570998275e-15,0.0,0.011718564648742906,"{""1e-05"": 0.01366763288085522, ""1e-06"": 0.011718564648742906, ""1e-08"": 0.01590021304094505, ""1e-10"": 0.07170673820048268, ""1e-12"": 1.7346551747207544, ""1e-14"": 28.81796631068852}",0.23481480787577474,0.046247351138635595,800023,800031,direct,streaming_tsqr,1e-14,hu_zhang,0.3333333333333333,LS(ridge),3.87711548696788e-05,0.0007688088111866776,0.09703228803118691,756,1004,999677.5791747981,0.001537509499145045,0.011635610297023362,0.001430591322947626,0.011610183460912141,True,1.7763568394002505e-15,-3.292054562981095e-11,0.0005450339302871344,0.0005422222819047845,2.2836308025822403,15.004035497307717,0.0006732741112996416,0.00077549871826891,94.57943544177002,ridge,1e-06,main,N-200
elasticity-2d,7,200,804,441,3,7,2.0,12808,4.4175222570998275e-15,0.0,0.011866190361800406,"{""1e-06"": 0.011866190361800406, ""1e-08"": 0.01772277477268078, ""1e-10"": 0.07494928056686395, ""1e-12"": 1.8970835148942478, ""1e-14"": 1.8970835148942478}",0.23481480787577474,0.046247351138635595,800023,800031,direct,streaming_tsqr,1e-14,hu_zhang,0.3333333333333333,LS(tsvd),3.732296630062333e-05,0.0008630295111184511,0.09854746802011505,756,1004,999677.5791747981,0.0015811883382168231,0.011780141061899469,0.0014815997071034703,0.011748485157720914,False,1.5987211554602254e-14,-2.469804395721642e-11,0.0006013600930804212,0.0006190201737517607,2.2836308025822403,15.004035497307717,0.0006924010380438367,0.0007851315110533607,102.96961269616861,tsvd,1e-06,main,N-200
elasticity-2d,8,200,804,441,3,7,2.0,12808,3.6674014313685365e-15,0.0,0.018164461379562482,"{""100.0"": 7.802708036501084, ""1000.0"": 0.9232361062477321, ""10000.0"": 0.018164461379562482, ""100000.0"": 0.08837650224902345, ""1000000.0"": 0.5035814169350853, ""inf"": 25.757916747131844}",0.23481480787577474,0.046247351138635595,900023,900031,direct,streaming_tsqr,1e-14,hu_zhang,0.3333333333333333,LS(ball),4.96507833505354e-05,0.0008959822177188762,0.22043863698490895,987,1004,7888503751128.95,0.00228033476986575,0.018054403482961206,0.002094477218144708,0.01803215741366222,True,2.842170943040401e-14,-1.0031634550822233e-10,0.0007373536568891951,0.0005090124940908294,2.2836308025822403,15.004035497307717,0.0009985566700568395,0.0012033031704171081,315.59720154878715,ball,10000.0,main,N-200
elasticity-2d,8,200,804,441,3,7,2.0,12808,3.6674014313685365e-15,0.0,0.011812412240932841,"{""1e-05"": 0.014835348636800413, ""1e-06"": 0.011812412240932841, ""1e-08"": 0.07481244213114283, ""1e-10"": 1.332470774550853, ""1e-12"": 15.746611938890032, ""1e-14"": 484.29124426585105}",0.23481480787577474,0.046247351138635595,900023,900031,direct,streaming_tsqr,1e-14,hu_zhang,0.3333333333333333,LS(ridge),4.2959651555876485e-05,0.0009108385414338821,0.11459830999956466,743,1004,994622.443079214,0.0016580756568379562,0.011742627601327759,0.0015587367039446532,0.011707248871314862,True,1.0658141036401503e-14,-8.088992409921447e-11,0.0006448906987212216,0.0006432284471820694,2.2836308025822403,15.004035497307717,0.0007260699299392306,0.0007826312863252572,97.05584652388103,ridge,1e-06,main,N-200
elasticity-2d,8,200,804,441,3,7,2.0,12808,3.6674014313685365e-15,0.0,0.01296955185332529,"{""1e-06"": 0.01296955185332529, ""1e-08"": 0.07674537587412304, ""1e-10"": 1.6998157833999323, ""1e-12"": 16.252704926455888, ""1e-14"": 25.757916747131844}",0.23481480787577474,0.046247351138635595,900023,900031,direct,streaming_tsqr,1e-14,hu_zhang,0.3333333333333333,LS(tsvd),4.855036440390548e-05,0.001119040736345247,0.11559216902242042,743,1004,994622.443079214,0.001979893404316798,0.012865589246396188,0.001875403757067202,0.012816830126337211,False,2.842170943040401e-14,-2.476488545483102e-11,0.0008305828873594863,0.0007499228205793518,2.2836308025822403,15.004035497307717,0.0008669936497957603,0.0008574752604860709,105.43507880624686,tsvd,1e-06,main,N-200
elasticity-2d,9,200,804,441,3,7,2.0,12808,3.3387529025702882e-15,0.0,0.021573228506472867,"{""100.0"": 7.77640963515822, ""1000.0"": 0.934140220968138, ""10000.0"": 0.021573228506472867, ""100000.0"": 0.24126633007699017, ""1000000.0"": 0.45047802098114414, ""inf"": 228.54139212500817}",0.23481480787577474,0.046247351138635595,1000023,1000031,direct,streaming_tsqr,1e-14,hu_zhang,0.3333333333333333,LS(ball),5.002608246822833e-05,0.000728461357567824,0.1985599660256412,998,1004,13519990648782.863,0.0016234558069692065,0.021530299787946114,0.0015002495179754687,0.021517972790422498,True,2.842170943040401e-14,8.607811512184593e-11,0.000593519255014771,0.00042236340205594077,2.2836308025822403,15.004035497307717,0.0007109099269170245,0.0014349672654273213,315.5972015487912,ball,10000.0,main,N-200
elasticity-2d,9,200,804,441,3,7,2.0,12808,3.3387529025702882e-15,0.0,0.01447456669650876,"{""1e-05"": 0.015835092329353713, ""1e-06"": 0.01447456669650876, ""1e-08"": 0.181432868703951, ""1e-10"": 0.7089412750772931, ""1e-12"": 12.743950719205984, ""1e-14"": 1336.1493907171414}",0.23481480787577474,0.046247351138635595,1000023,1000031,direct,streaming_tsqr,1e-14,hu_zhang,0.3333333333333333,LS(ridge),4.830415006094368e-05,0.0009600790160379577,0.1049127470178064,746,1004,997334.7040132164,0.0014411732553707942,0.014425473974354558,0.0014412442606481326,0.014393489766826677,True,7.105427357601002e-15,7.222213365548624e-11,0.000700928392055323,0.0006560877275541377,2.2836308025822403,15.004035497307717,0.0006310885515036721,0.0009614396058275806,93.0247032644911,ridge,1e-06,main,N-200
elasticity-2d,9,200,804,441,3,7,2.0,12808,3.3387529025702882e-15,0.0,0.016135337816560617,"{""1e-06"": 0.016135337816560617, ""1e-08"": 0.1841560959534999, ""1e-10"": 1.2581853294155192, ""1e-12"": 20.185496719814207, ""1e-14"": 228.54139212500817}",0.23481480787577474,0.046247351138635595,1000023,1000031,direct,streaming_tsqr,1e-14,hu_zhang,0.3333333333333333,LS(tsvd),5.1499410653642685e-05,0.001128526853287864,0.10640255999169312,746,1004,997334.7040132164,0.001586688818109288,0.016077738098947147,0.0015797235270325956,0.016038082476398006,False,3.552713678800501e-15,9.748704534601194e-11,0.0008095834167753661,0.0007862236004306483,2.2836308025822403,15.004035497307717,0.0006948096935437735,0.0010715609211823108,101.80118533552731,tsvd,1e-06,main,N-200
elasticity-2d,0,400,1604,841,3,7,2.0,12808,4.819585154449042e-15,0.0,0.00392796449124053,"{""100.0"": 8.081256684971914, ""1000.0"": 0.9017734336801468, ""10000.0"": 0.00392796449124053, ""100000.0"": 0.015213265364934912, ""1000000.0"": 0.11521177683658199, ""inf"": 173.50604095125064}",0.1665064754080995,0.03431017532197373,100023,100031,direct,streaming_tsqr,1e-14,hu_zhang,0.3333333333333333,LS(ball),1.3264759085371231e-05,0.00019343231911224298,1.4254894770274404,1987,2004,22383999941237.848,0.0006165019589498418,0.0038610847813379473,0.0005412102543544197,0.003856236458854976,True,5.329070518200751e-15,-6.707302074859811e-11,0.00013877702352679868,0.00013474791211066302,2.2836308025822403,15.004035497307717,0.00026996568720860024,0.0002573364200605077,223.3835258043408,ball,10000.0,main,N-400
elasticity-2d,0,400,1604,841,3,7,2.0,12808,4.819585154449042e-15,0.0,0.0038801399413336507,"{""1e-05"": 0.005258212644849675, ""1e-06"": 0.0038801399413336507, ""1e-08"": 0.00467419819914476, ""1e-10"": 0.1427798009453963, ""1e-12"": 2.5527855195189995, ""1e-14"": 209.85933293948094}",0.1665064754080995,0.03431017532197373,100023,100031,direct,streaming_tsqr,1e-14,hu_zhang,0.3333333333333333,LS(ridge),1.1283313275313817e-05,0.0003168119264493043,0.674124634009786,1261,2004,998434.1117030935,0.0005823697997089243,0.0038025161085183472,0.0005553378508508635,0.0037892953116379032,True,2.1316282072803006e-14,2.1374935241930126e-10,0.00023510386905085153,0.0002123581114481842,2.2836308025822403,15.004035497307717,0.0002550192435004832,0.0002534328920509859,55.26592211144711,ridge,1e-06,main,N-400
elasticity-2d,0,400,1604,841,3,7,2.0,12808,4.819585154449042e-15,0.0,0.004143286939646219,"{""1e-06"": 0.004143286939646219, ""1e-08"": 0.00432868002971818, ""1e-10"": 0.12330820061075373, ""1e-12"": 1.9397049694146908, ""1e-14"": 173.50604095125064}",0.1665064754080995,0.03431017532197373,100023,100031,direct,streaming_tsqr,1e-14,hu_zhang,0.3333333333333333,LS(tsvd),1.2923625140939888e-05,0.0003646208914087575,0.6803989100153558,1261,2004,998434.1117030935,0.000698697771532625,0.0040549021749239685,0.0006599778459767923,0.0040384753625287125,False,7.105427357601002e-15,1.7565269464642208e-10,0.00027779349841629725,0.00023617613488528344,2.2836308025822403,15.004035497307717,0.000305959164126953,0.000270254104347565,58.56974999755943,tsvd,1e-06,main,N-400
elasticity-2d,1,400,1604,841,3,7,2.0,12808,5.229365578084742e-15,0.0,0.006534354911652482,"{""100.0"": 8.088614853264803, ""1000.0"": 0.9008008855532662, ""10000.0"": 0.006534354911652482, ""100000.0"": 0.01796216777598065, ""1000000.0"": 0.14922269020221585, ""inf"": 114.00140706984772}",0.1665064754080995,0.03431017532197373,200023,200031,direct,streaming_tsqr,1e-14,hu_zhang,0.3333333333333333,LS(ball),1.3829874438383908e-05,0.00020161445710929911,1.3021374660020228,1986,2004,72893385229160.89,0.0005635012422310693,0.006481649787609897,0.0005025747292637102,0.006478513377304083,True,8.881784197001252e-15,2.1748522340686582e-10,0.0001498989653136036,0.00013482837058048454,2.2836308025822403,15.004035497307717,0.0002467567181148039,0.00043199376519556667,223.38352580444743,ball,10000.0,main,N-400
elasticity-2d,1,400,1604,841,3,7,2.0,12808,5.229365578084742e-15,0.0,0.003989193962475348,"{""1e-05"": 0.005691270695618021, ""1e-06"": 0.003989193962475348, ""1e-08"": 0.014552944924854214, ""1e-10"": 0.09926074823874606, ""1e-12"": 3.3900436886942047, ""1e-14"": 105.7309366842181}",0.1665064754080995,0.03431017532197373,200023,200031,direct,streaming_tsqr,1e-14,hu_zhang,0.3333333333333333,LS(ridge),1.4286989726158476e-05,0.00040635752482180406,0.6270340150222182,1259,2004,996923.1531433855,0.0005763179544182096,0.003908340317104701,0.0005809319568174765,0.003887158035934064,True,2.1316282072803006e-14,1.976433764913632e-10,0.0002973713611503985,0.0002769417114608458,2.2836308025822403,15.004035497307717,0.00025236914555826266,0.0002604859417858617,55.80886431572052,ridge,1e-06,main,N-400
elasticity-2d,1,400,1604,841,3,7,2.0,12808,5.229365578084742e-15,0.0,0.004118758017814472,"{""1e-06"": 0.004118758017814472, ""1e-08"": 0.021519362276882562, ""1e-10"": 0.09795223963518321, ""1e-12"": 1.282969567340506, ""1e-14"": 114.00140706984772}",0.1665064754080995,0.03431017532197373,200023,200031,direct,streaming_tsqr,1e-14,hu_zhang,0.3333333333333333,LS(tsvd),1.4463593524189894e-05,0.0003811876916086897,0.6413004350033589,1259,2004,996923.1531433855,0.0006393564042430691,0.004035534790256744,0.0006157622176944808,0.004017491379846207,False,7.105427357601002e-15,1.986557203459416e-10,0.00028288096004965853,0.00025550424394781587,2.2836308025822403,15.004035497307717,0.00027997362950268054,0.0002689632926408945,60.12849421024304,tsvd,1e-06,main,N-400
elasticity-2d,2,400,1604,841,3,7,2.0,12808,4.358750263697434e-15,0.0,0.003681373447622694,"{""100.0"": 8.07398059587344, ""1000.0"": 0.9025632205261986, ""10000.0"": 0.003681373447622694, ""100000.0"": 0.011109347845799106, ""1000000.0"": 0.14257704176710786, ""inf"": 35.00139123454212}",0.1665064754080995,0.03431017532197373,300023,300031,direct,streaming_tsqr,1e-14,hu_zhang,0.3333333333333333,LS(ball),1.213320261965229e-05,0.00021677903065667312,1.3335657870047726,1970,2004,17419110469389.174,0.0006280931953745,0.003597942531452983,0.0005486385702383949,0.003591406035455453,True,3.552713678800501e-15,-3.967537496457618e-11,0.00015526208804022252,0.0001512839454464254,2.2836308025822403,15.004035497307717,0.0002750414798505419,0.00023979832173141606,223.38352580439496,ball,10000.0,main,N-400
elasticity-2d,2,400,1604,841,3,7,2.0,12808,4.358750263697434e-15,0.0,0.0033740123966663617,"{""1e-05"": 0.005500525399670608, ""1e-06"": 0.0033740123966663617, ""1e-08"": 0.004451073027985364, ""1e-10"": 0.04494181021113767, ""1e-12"": 1.1377167434357653, ""1e-14"": 37.13169785385878}",0.1665064754080995,0.03431017532197373,300023,300031,direct,streaming_tsqr,1e-14,hu_zhang,0.3333333333333333,LS(ridge),1.145135880085763e-05,0.0003349010013981751,0.6190300940070301,1251,2004,995773.5375630328,0.00060751726114832,0.003285884728244878,0.0005708552634395736,0.0032687734345738027,True,2.1316282072803006e-14,2.0974275614926707e-10,0.0002469246785465235,0.00022624518527959123,2.2836308025822403,15.004035497307717,0.00026603129562859426,0.0002190000636051873,56.79416598898095,ridge,1e-06,main,N-400
elasticity-2d,2,400,1604,841,3,7,2.0,12808,4.358750263697434e-15,0.0,0.0034724238816458324,"{""1e-06"": 0.0034724238816458324, ""1e-08"": 0.004422756761400563, ""1e-10"": 0.03156673849431064, ""1e-12"": 3.355798228569502, ""1e-14"": 35.00139123454212}",0.1665064754080995,0.03431017532197373,300023,300031,direct,streaming_tsqr,1e-14,hu_zhang,0.3333333333333333,LS(tsvd),1.2547365019884402e-05,0.00036360902219534526,0.6254532980092335,1251,2004,995773.5375630328,0.0006587593412231542,0.00338092370884985,0.0006238963039523483,0.0033613142673723875,False,1.4210854715202004e-14,2.274566828289193e-10,0.00027743598693397186,0.00023503360222706048,2.2836308025822403,15.004035497307717,0.0002884701592211206,0.00022533429152820345,61.961631070713324,tsvd,1e-06,main,N-400
elasticity-2d,3,400,1604,841,3,7,2.0,12808,5.376469378123654e-15,0.0,0.00380199282136957,"{""100.0"": 8.070958193171421, ""1000.0"": 0.9102121866917658, ""10000.0"": 0.00380199282136957, ""100000.0"": 0.020726981752309637, ""1000000.0"": 0.07582238660584761, ""inf"": 10.24731664075856}",0.1665064754080995,0.03431017532197373,400023,400031,direct,streaming_tsqr,1e-14,hu_zhang,0.3333333333333333,LS(ball),1.1999590803300284e-05,0.00024012382296591364,1.3800836720038205,1966,2004,41951368568913.38,0.0006679965578828799,0.0037046151591325106,0.0005795677070618642,0.0036968248574849516,True,7.105427357601002e-15,1.111795837685503e-10,0.00018095141680458978,0.00015784813940042836,2.2836308025822403,15.004035497307717,0.00029251512859589015,0.00024690791752640526,223.3835258044134,ball,10000.0,main,N-400
elasticity-2d,3,400,1604,841,3,7,2.0,12808,5.376469378123654e-15,0.0,0.0034407490905082327,"{""1e-05"": 0.005424642845687319, ""1e-06"": 0.0034407490905082327, ""1e-08"": 0.004602375907921695, ""1e-10"": 0.03343734984608812, ""1e-12"": 2.0815445312863607, ""1e-14"": 36.998409420986796}",0.1665064754080995,0.03431017532197373,400023,400031,direct,streaming_tsqr,1e-14,hu_zhang,0.3333333333333333,LS(ridge),1.164511318487112e-05,0.0003008219891836503,0.6585654469963629,1259,2004,996550.3621585182,0.0006611655662177396,0.0033353717904816525,0.0006090786547999455,0.0033217783056014405,True,2.842170943040401e-14,1.3881697354112266e-10,0.0002203551946570439,0.00020478637006418298,2.2836308025822403,15.004035497307717,0.000289523843114272,0.00022229831374900055,56.687980320318424,ridge,1e-06,main,N-400
elasticity-2d,3,400,1604,841,3,7,2.0,12808,5.376469378123654e-15,0.0,0.0035228059887422616,"{""1e-06"": 0.0035228059887422616, ""1e-08"": 0.004531979419458785, ""1e-10"": 0.04009793775460152, ""1e-12"": 0.62256968037167, ""1e-14"": 10.24731664075856}",0.1665064754080995,0.03431017532197373,400023,400031,direct,streaming_tsqr,1e-14,hu_zhang,0.3333333333333333,LS(tsvd),1.3291466351004126e-05,0.00033456232547257603,0.6698255219962448,1259,2004,996550.3621585182,0.0006893836788370054,0.003419464659504407,0.0006359701435462209,0.0034030584197121817,False,2.1316282072803006e-14,5.288415018400716e-11,0.00024893627585661213,0.0002235233325365802,2.2836308025822403,15.004035497307717,0.0003018805308009847,0.0002279029971715267,61.11305340973232,tsvd,1e-06,main,N-400
elasticity-2d,4,400,1604,841,3,7,2.0,12808,5.937162359822297e-15,0.0,0.0035068882730287195,"{""100.0"": 8.074388919169845, ""1000.0"": 0.9009440657847734, ""10000.0"": 0.0035068882730287195, ""100000.0"": 0.009082805525992232, ""1000000.0"": 0.03407982804605617, ""inf"": 27.051819650820534}",0.1665064754080995,0.03431017532197373,500023,500031,direct,streaming_tsqr,1e-14,hu_zhang,0.3333333333333333,LS(ball),1.0625222625213568e-05,0.00020326613444867492,1.5176398289913777,1986,2004,73725475704268.86,0.0005576424986414734,0.003440210049459608,0.0004971013462362019,0.0034341997703961793,True,0.0,1.7489272790410793e-10,0.00014614238598670927,0.00014127818101822542,2.2836308025822403,15.004035497307717,0.00024419117924443526,0.00022928565118876916,223.38352580446525,ball,10000.0,main,N-400
elasticity-2d,4,400,1604,841,3,7,2.0,12808,5.937162359822297e-15,0.0,0.0033568839087853505,"{""1e-05"": 0.005127391286046421, ""1e-06"": 0.0033568839087853505, ""1e-08"": 0.004049885581451852, ""1e-10"": 0.03736868241243696, ""1e-12"": 1.279110658142225, ""1e-14"": 48.290515328197564}",0.1665064754080995,0.03431017532197373,500023,500031,direct,streaming_tsqr,1e-14,hu_zhang,0.3333333333333333,LS(ridge),1.2256641456612024e-05,0.00032172406837400124,0.7496051229827572,1268,2004,998705.3183592735,0.0005946542510441697,0.003268946738633414,0.0005677276422449665,0.0032530764521988896,True,1.0658141036401503e-14,2.6565415405660486e-10,0.00023341939355455907,0.00022140858809843153,2.2836308025822403,15.004035497307717,0.00026039859436637394,0.0002178711680080992,55.982800214416166,ridge,1e-06,main,N-400
elasticity-2d,4,400,1604,841,3,7,2.0,12808,5.937162359822297e-15,0.0,0.003510641085537795,"{""1e-06"": 0.003510641085537795, ""1e-08"": 0.00415630956633428, ""1e-10"": 0.041115416090652605, ""1e-12"": 2.130114311233032, ""1e-14"": 27.051819650820534}",0.1665064754080995,0.03431017532197373,500023,500031,direct,streaming_tsqr,1e-14,hu_zhang,0.3333333333333333,LS(tsvd),1.3309132141833843e-05,0.00035262460737822297,0.7550796120194718,1268,2004,998705.3183592735,0.0006467651783378226,0.0034294331550140064,0.000615702184196372,0.0034112560224909354,False,1.0658141036401503e-14,2.7488647816320544e-10,0.000260585256104577,0.00023756985926156105,2.2836308025822403,15.004035497307717,0.0002832179254223081,0.0002285673847965352,59.38356288025675,tsvd,1e-06,main,N-400
elasticity-2d,5,400,1604,841,3,7,2.0,12808,4.799891610899329e-15,0.0,0.003953115493282424,"{""100.0"": 8.079649986604268, ""1000.0"": 0.9060580703962836, ""10000.0"": 0.003953115493282424, ""100000.0"": 0.009092552333784237, ""1000000.0"": 0.1174366454119007, ""inf"": 49.911416835929195}",0.1665064754080995,0.03431017532197373,600023,600031,direct,streaming_tsqr,1e-14,hu_zhang,0.3333333333333333,LS(ball),1.0701013331334927e-05,0.00026069424961192283,1.3465552939742338,1973,2004,63594976542776.45,0.0006150806286537729,0.0038606791791408928,0.000558127753998775,0.0038518673695327665,True,8.881784197001252e-15,3.8697871556497843e-10,0.0001963933862262361,0.00017143841351142974,2.2836308025822403,15.004035497307717,0.0002693432878722181,0.00025730938718677667,223.38352580428534,ball,10000.0,main,N-400
elasticity-2d,5,400,1604,841,3,7,2.0,12808,4.799891610899329e-15,0.0,0.003444149468813959,"{""1e-05"": 0.0053666369068982684, ""1e-06"": 0.003444149468813959, ""1e-08"": 0.005520639438910373, ""1e-10"": 0.026843794266294674, ""1e-12"": 4.609844499253207, ""1e-14"": 39.3270153060463}",0.1665064754080995,0.03431017532197373,600023,600031,direct,streaming_tsqr,1e-14,hu_zhang,0.3333333333333333,LS(ridge),1.124910756544719e-05,0.00035707770823731447,0.6255797149788123,1256,2004,998072.3847845109,0.000592720357710723,0.0033527525085221533,0.0005640292869473672,0.0033336833823387575,True,2.1316282072803006e-14,2.5947531970271775e-10,0.00026087830354824804,0.00024381755568006345,2.2836308025822403,15.004035497307717,0.00025955174410876664,0.00022345671663625177,56.62371460227801,ridge,1e-06,main,N-400
elasticity-2d,5,400,1604,841,3,7,2.0,12808,4.799891610899329e-15,0.0,0.0035660069555400417,"{""1e-06"": 0.0035660069555400417, ""1e-08"": 0.006168796211083015, ""1e-10"": 0.027159513362330898, ""1e-12"": 3.887912642725921, ""1e-14"": 49.911416835929195}",0.1665064754080995,0.03431017532197373,600023,600031,direct,streaming_tsqr,1e-14,hu_zhang,0.3333333333333333,LS(tsvd),1.2276693545297048e-05,0.0003960384122398801,0.6307558359694667,1256,2004,998072.3847845109,0.0006774838567005066,0.003471751408378289,0.0006444525011703105,0.00344908849083452,False,1.4210854715202004e-14,1.8547152962761215e-10,0.0003071959704609528,0.0002499541151932462,2.2836308025822403,15.004035497307717,0.00029666960873641853,0.000231387842890751,61.610183482933564,tsvd,1e-06,main,N-400
elasticity-2d,6,400,1604,841,3,7,2.0,12808,6.316119633981541e-15,0.0,0.005048036916051375,"{""100.0"": 8.070109792609177, ""1000.0"": 0.9028498553525132, ""10000.0"": 0.005048036916051375, ""100000.0"": 0.025880123931845873, ""1000000.0"": 0.029809388227272287, ""inf"": 21.08278002437633}",0.1665064754080995,0.03431017532197373,700023,700031,direct,streaming_tsqr,1e-14,hu_zhang,0.3333333333333333,LS(ball),1.2714063424923004e-05,0.00024164081387070534,1.3563957670121454,1998,2004,47174242422569.95,0.0005958640697138418,0.004993792584794643,0.0005191228255590736,0.004987942872269275,True,0.0,2.540153833802128e-10,0.0001606755115939549,0.00018048175226908044,2.2836308025822403,15.004035497307717,0.0002609283729401714,0.00033282996335823887,223.38352580438243,ball,10000.0,main,N-400
elasticity-2d,6,400,1604,841,3,7,2.0,12808,6.316119633981541e-15,0.0,0.0034979207563707072,"{""1e-05"": 0.005109131330959896, ""1e-06"": 0.0034979207563707072, ""1e-08"": 0.011381179040187534, ""1e-10"": 0.028150608872622888, ""1e-12"": 0.6094291551655345, ""1e-14"": 18.119358130682425}",0.1665064754080995,0.03431017532197373,700023,700031,direct,streaming_tsqr,1e-14,hu_zhang,0.3333333333333333,LS(ridge),1.1742954948492407e-05,0.0003016344450888539,0.6349876020103693,1257,2004,997314.538187317,0.0005648746012455766,0.003416218047256412,0.000526759573093169,0.003402875608648713,True,2.1316282072803006e-14,2.2102631183629207e-10,0.00021293415215129093,0.00021364078569334957,2.2836308025822403,15.004035497307717,0.00024735811086750033,0.00022768661456908768,56.181726108524266,ridge,1e-06,main,N-400
elasticity-2d,6,400,1604,841,3,7,2.0,12808,6.316119633981541e-15,0.0,0.0036373563734149674,"{""1e-06"": 0.0036373563734149674, ""1e-08"": 0.009936726197694866, ""1e-10"": 0.02876826316625843, ""1e-12"": 0.9883466601706097, ""1e-14"": 21.08278002437633}",0.1665064754080995,0.03431017532197373,700023,700031,direct,streaming_tsqr,1e-14,hu_zhang,0.3333333333333333,LS(tsvd),1.272601369835093e-05,0.000322486770754003,0.6388211369921919,1257,2004,997314.538187317,0.0006273341083875811,0.00355914179706503,0.0005827668447966652,0.0035445017441530402,False,1.4210854715202004e-14,2.402381548902155e-10,0.00023493582396448198,0.0002209137296083583,2.2836308025822403,15.004035497307717,0.000274709076299994,0.00023721230183064234,60.17723671913256,tsvd,1e-06,main,N-400
elasticity-2d,7,400,1604,841,3,7,2.0,12808,4.984283230171931e-15,0.0,0.0036599339767301787,"{""100.0"": 8.090316684142309, ""1000.0"": 0.9094510412873035, ""10000.0"": 0.0036599339767301787, ""100000.0"": 0.00490419919608742, ""1000000.0"": 0.0514251062356894, ""inf"": 3.024869012413492}",0.1665064754080995,0.03431017532197373,800023,800031,direct,streaming_tsqr,1e-14,hu_zhang,0.3333333333333333,LS(ball),1.1073392639657001e-05,0.0001984095737374978,1.352504083974054,1996,2004,78495956515466.62,0.0005364694308528711,0.0035994025002017436,0.0004746437421157995,0.003593929882386114,True,5.329070518200751e-15,6.288046654548407e-10,0.00014036183418764014,0.00014023164569446154,2.2836308025822403,15.004035497307717,0.0002349195107397625,0.00023989562680304312,223.38352580429705,ball,10000.0,main,N-400
elasticity-2d,7,400,1604,841,3,7,2.0,12808,4.984283230171931e-15,0.0,0.0034170205115557576,"{""1e-05"": 0.004812216450097573, ""1e-06"": 0.0034170205115557576, ""1e-08"": 0.0037385313181700673, ""1e-10"": 0.025752393170354826, ""1e-12"": 0.6051579815718113, ""1e-14"": 2.449274465542239}",0.1665064754080995,0.03431017532197373,800023,800031,direct,streaming_tsqr,1e-14,hu_zhang,0.3333333333333333,LS(ridge),1.1949156061107127e-05,0.0002495288794505151,0.6178747570083942,1267,2004,999464.3834147638,0.0005434576620818031,0.003346976488057187,0.0004963380292870212,0.003337661898684136,True,7.105427357601002e-15,2.8708807900401645e-10,0.0001791630936597841,0.00017368145424910835,2.2836308025822403,15.004035497307717,0.00023797965129358146,0.00022307175217345756,57.37071981765236,ridge,1e-06,main,N-400
elasticity-2d,7,400,1604,841,3,7,2.0,12808,4.984283230171931e-15,0.0,0.003478586443794466,"{""1e-06"": 0.003478586443794466, ""1e-08"": 0.0037650537739384394, ""1e-10"": 0.0059039132809976845, ""1e-12"": 0.8554654708788872, ""1e-14"": 3.024869012413492}",0.1665064754080995,0.03431017532197373,800023,800031,direct,streaming_tsqr,1e-14,hu_zhang,0.3333333333333333,LS(tsvd),1.2761235640779428e-05,0.0003380483799233537,0.622449719987344,1267,2004,999464.3834147638,0.0006043016108330386,0.0034083591329980667,0.0005642735054657619,0.0033915535190119778,False,1.4210854715202004e-14,3.205784431317693e-10,0.00024179208975684598,0.00023624837036437187,2.2836308025822403,15.004035497307717,0.000264623165071043,0.00022716282786785285,61.917605046560226,tsvd,1e-06,main,N-400
elasticity-2d,8,400,1604,841,3,7,2.0,12808,4.563251656690607e-15,0.0,0.004228170533069679,"{""100.0"": 8.075211686254729, ""1000.0"": 0.9043725217062255, ""10000.0"": 0.004228170533069679, ""100000.0"": 0.022668859673887255, ""1000000.0"": 0.20723502212419634, ""inf"": 195.1482603251214}",0.1665064754080995,0.03431017532197373,900023,900031,direct,streaming_tsqr,1e-14,hu_zhang,0.3333333333333333,LS(ball),1.3076239223248883e-05,0.00027612686953170767,1.3763252170174383,1976,2004,62526228996359.92,0.0007616763367760979,0.004157630380980683,0.0006957642357679153,0.004148450835767033,True,1.2434497875801753e-14,8.883657785091481e-11,0.00022763792988863518,0.00015629146154987972,2.2836308025822403,15.004035497307717,0.00033353742466375215,0.0002771008094273515,223.3835258043465,ball,10000.0,main,N-400
elasticity-2d,8,400,1604,841,3,7,2.0,12808,4.563251656690607e-15,0.0,0.003573485118629172,"{""1e-05"": 0.0053849046421219, ""1e-06"": 0.003573485118629172, ""1e-08"": 0.006915051492719546, ""1e-10"": 0.0458396478088176, ""1e-12"": 5.21881154886423, ""1e-14"": 206.671611291382}",0.1665064754080995,0.03431017532197373,900023,900031,direct,streaming_tsqr,1e-14,hu_zhang,0.3333333333333333,LS(ridge),1.195813698383366e-05,0.0003284303709148925,0.6237524259777274,1247,2004,996377.4553530423,0.0006316313886453019,0.00349743711229845,0.0005928710856928692,0.003481982171973778,True,4.263256414560601e-14,9.75324395899313e-11,0.00024568645529917966,0.00021795567031352515,2.2836308025822403,15.004035497307717,0.0002765908516959387,0.00023309976258893952,56.53586370888055,ridge,1e-06,main,N-400
elasticity-2d,8,400,1604,841,3,7,2.0,12808,4.563251656690607e-15,0.0,0.003634855107597354,"{""1e-06"": 0.003634855107597354, ""1e-08"": 0.0060123432982305105, ""1e-10"": 0.035059103704219594, ""1e-12"": 5.812669074092868, ""1e-14"": 195.1482603251214}",0.1665064754080995,0.03431017532197373,900023,900031,direct,streaming_tsqr,1e-14,hu_zhang,0.3333333333333333,LS(tsvd),1.2491781548279257e-05,0.0003515651760006584,0.6304502300044987,1247,2004,996377.4553530423,0.0006830614459637744,0.0035596434482137737,0.0006315385983594794,0.00354223988535995,False,7.105427357601002e-15,1.4055305010141073e-10,0.00026122419129645687,0.0002352870477903236,2.2836308025822403,15.004035497307717,0.0002991120303647136,0.00023724573624559248,59.941084966048315,tsvd,1e-06,main,N-400
elasticity-2d,9,400,1604,841,3,7,2.0,12808,4.8993821288830195e-15,0.0,0.004817237260804946,"{""100.0"": 8.080435272969108, ""1000.0"": 0.908981179087302, ""10000.0"": 0.004817237260804946, ""100000.0"": 0.008519727153050227, ""1000000.0"": 0.01626576228488133, ""inf"": 5.467233520122397}",0.1665064754080995,0.03431017532197373,1000023,1000031,direct,streaming_tsqr,1e-14,hu_zhang,0.3333333333333333,LS(ball),1.1411800928146587e-05,0.00020191818936193248,1.39075917302398,1992,2004,29717524993723.74,0.0005947422113067051,0.004755483976326754,0.0005215550058116034,0.004751195312119395,True,1.7763568394002505e-15,1.0584131140967123e-10,0.00014723700382554458,0.00013817459932881221,2.2836308025822403,15.004035497307717,0.00026043711209105863,0.00031694699583855726,223.3835258043871,ball,10000.0,main,N-400
elasticity-2d,9,400,1604,841,3,7,2.0,12808,4.8993821288830195e-15,0.0,0.0036482669542836593,"{""1e-05"": 0.005071424374685527, ""1e-06"": 0.0036482669542836593, ""1e-08"": 0.007180644898040705, ""1e-10"": 0.015261780124494032, ""1e-12"": 0.19596740354991612, ""1e-14"": 4.003600661756022}",0.1665064754080995,0.03431017532197373,1000023,1000031,direct,streaming_tsqr,1e-14,hu_zhang,0.3333333333333333,LS(ridge),1.2405148803488581e-05,0.00031792284885758405,0.6573915740009397,1263,2004,996107.4555107992,0.0005687108081837847,0.0035631773169987595,0.0005311272001573714,0.003548965716169819,True,0.0,1.0967356363356107e-10,0.00022577404831149249,0.00022383256450919306,2.2836308025822403,15.004035497307717,0.00024903798264619165,0.00023748126413311447,55.74757257146346,ridge,1e-06,main,N-400
elasticity-2d,9,400,1604,841,3,7,2.0,12808,4.8993821288830195e-15,0.0,0.003792681299258865,"{""1e-06"": 0.003792681299258865, ""1e-08"": 0.007799826529892229, ""1e-10"": 0.013901690830687218, ""1e-12"": 0.24993889326433805, ""1e-14"": 5.467233520122397}",0.1665064754080995,0.03431017532197373,1000023,1000031,direct,streaming_tsqr,1e-14,hu_zhang,0.3333333333333333,LS(tsvd),1.2874211691501945e-05,0.00032815350457798093,0.6640646349987946,1263,2004,996107.4555107992,0.0006169393389366876,0.003705788924124437,0.0005677684410222371,0.003691231072094585,False,2.1316282072803006e-14,8.389369234029775e-11,0.00023367808670013646,0.00023038939724513035,2.2836308025822403,15.004035497307717,0.00027015721553548706,0.00024698614747941603,59.71757913977387,tsvd,1e-06,main,N-400
elasticity-2d,0,600,2404,1225,3,7,2.0,12808,7.143041863119784e-15,0.0,0.002982758959764278,"{""100.0"": 8.2587985699551, ""1000.0"": 0.9122462734137647, ""10000.0"": 0.002982758959764278, ""100000.0"": 0.009874472983866274, ""1000000.0"": 0.01630327006111865, ""inf"": 0.9654995809412604}",0.12999148500885285,0.02738468763708961,100023,100031,direct,streaming_tsqr,1e-14,hu_zhang,0.3333333333333333,LS(ball),5.131021867637302e-06,0.00010227899409169827,4.634229149989551,2977,3004,79153313537887.97,0.00030159229062959797,0.0029612437887251587,0.0002684278695473457,0.0029594769442641247,True,1.7763568394002505e-14,5.439815091434763e-10,7.887936691760493e-05,6.510789588895884e-05,2.2836308025822403,15.004035497307717,0.00013206700938197594,0.0001973631553495402,182.45259129224942,ball,10000.0,main,N-600
elasticity-2d,0,600,2404,1225,3,7,2.0,12808,7.143041863119784e-15,0.0,0.0017803328518084572,"{""1e-05"": 0.002989480963435011, ""1e-06"": 0.0017803328518084572, ""1e-08"": 0.0033484888092033096, ""1e-10"": 0.00983339733548501, ""1e-12"": 0.05440893535931677, ""1e-14"": 1.1355232494909084}",0.12999148500885285,0.02738468763708961,100023,100031,direct,streaming_tsqr,1e-14,hu_zhang,0.3333333333333333,LS(ridge),5.46373354768662e-06,0.00019841683421242552,1.8772402050090022,1625,3004,997861.4227429894,0.0003505507309218269,0.00173895497984362,0.0003298118798816668,0.0017275980961508506,True,2.842170943040401e-14,2.1247828670134528e-10,0.0001436305614225447,0.00013689230045669392,2.2836308025822403,15.004035497307717,0.00015350586904215772,0.00011589915127537878,41.984661167107134,ridge,1e-06,main,N-600
elasticity-2d,0,600,2404,1225,3,7,2.0,12808,7.143041863119784e-15,0.0,0.001835207657368866,"{""1e-06"": 0.001835207657368866, ""1e-08"": 0.0033565856413620785, ""1e-10"": 0.009569143044153806, ""1e-12"": 0.06454906871690914, ""1e-14"": 0.9654995809412604}",0.12999148500885285,0.02738468763708961,100023,100031,direct,streaming_tsqr,1e-14,hu_zhang,0.3333333333333333,LS(tsvd),6.016520073120167e-06,0.00020613062116081008,1.903286418004427,1625,3004,997861.4227429894,0.00037270441965512013,0.0017937588159148404,0.000349287854053221,0.0017818756569110172,False,1.4210854715202004e-14,1.858877609131615e-10,0.000154092769459465,0.00013691329877135226,2.2836308025822403,15.004035497307717,0.00016320695063040864,0.00011955175767457412,43.858272253394254,tsvd,1e-06,main,N-600
elasticity-2d,1,600,2404,1225,3,7,2.0,12808,5.536100723463957e-15,0.0,0.002101120601653255,"{""100.0"": 8.26684393191983, ""1000.0"": 0.9107984155935125, ""10000.0"": 0.002101120601653255, ""100000.0"": 0.012374306985499059, ""1000000.0"": 0.24042755331901744, ""inf"": 33.034335189350834}",0.12999148500885285,0.02738468763708961,200023,200031,direct,streaming_tsqr,1e-14,hu_zhang,0.3333333333333333,LS(ball),5.191448097773232e-06,0.00010454711621939338,4.832271443970967,2961,3004,58776431424446.164,0.00032624352061935236,0.002048886659251773,0.00029042977795542293,0.0020462175942333456,True,0.0,7.213353005186551e-10,7.94526666953137e-05,6.795125653580468e-05,2.2836308025822403,15.004035497307717,0.0001428617621773401,0.00013655570593787384,182.45259129229763,ball,10000.0,main,N-600
elasticity-2d,1,600,2404,1225,3,7,2.0,12808,5.536100723463957e-15,0.0,0.0019060984287320865,"{""1e-05"": 0.003580880429891093, ""1e-06"": 0.0019060984287320865, ""1e-08"": 0.002431761878748073, ""1e-10"": 0.0614012276215134, ""1e-12"": 1.0461226899745169, ""1e-14"": 56.56966915680122}",0.12999148500885285,0.02738468763708961,200023,200031,direct,streaming_tsqr,1e-14,hu_zhang,0.3333333333333333,LS(ridge),4.935607102183831e-06,0.0002904903930771801,1.8889657639956567,1622,3004,998146.915207286,0.0003342548183090919,0.001861607531153327,0.0003545549924518339,0.0018388033966622562,True,2.842170943040401e-14,2.4912448753217076e-10,0.00020109846348295954,0.00020962842473034847,2.2836308025822403,15.004035497307717,0.00014636990267040086,0.00012407378878084957,40.90548327674196,ridge,1e-06,main,N-600
elasticity-2d,1,600,2404,1225,3,7,2.0,12808,5.536100723463957e-15,0.0,0.0020234776777489504,"{""1e-06"": 0.0020234776777489504, ""1e-08"": 0.0026968349439836672, ""1e-10"": 0.03231451827034964, ""1e-12"": 0.5968251824430233, ""1e-14"": 33.034335189350834}",0.12999148500885285,0.02738468763708961,200023,200031,direct,streaming_tsqr,1e-14,hu_zhang,0.3333333333333333,LS(tsvd),5.622814266254741e-06,0.0002824779495232036,1.9121144549862947,1622,3004,998146.915207286,0.00037299254228197914,0.0019820634017817893,0.0003760125331358648,0.0019618311692691515,False,7.105427357601002e-15,2.2603024660283744e-10,0.0001972822640907001,0.0002021719571109723,2.2836308025822403,15.004035497307717,0.00016333311928540015,0.00013210202029563615,42.29479888064791,tsvd,1e-06,main,N-600
elasticity-2d,2,600,2404,1225,3,7,2.0,12808,5.626924757272993e-15,0.0,0.0022676345007945037,"{""100.0"": 8.27318758450064, ""1000.0"": 0.915877394650493, ""10000.0"": 0.0022676345007945037, ""100000.0"": 0.014909047761300873, ""1000000.0"": 0.045773172457819054, ""inf"": 5.489572985113713}",0.12999148500885285,0.02738468763708961,300023,300031,direct,streaming_tsqr,1e-14,hu_zhang,0.3333333333333333,LS(ball),5.981347230775082e-06,0.00010542339070356978,4.659796635009116,2953,3004,50836460702349.98,0.0003447956039976232,0.002257205759603346,0.00030141495601320616,0.0022547425019010664,True,0.0,6.697232846422652e-10,7.514342498674456e-05,7.394293062016824e-05,2.2836308025822403,15.004035497307717,0.00015098570382206345,0.00015043991064992966,182.45259129222902,ball,10000.0,main,N-600
elasticity-2d,2,600,2404,1225,3,7,2.0,12808,5.626924757272993e-15,0.0,0.0017982604444179416,"{""1e-05"": 0.0034053557288777213, ""1e-06"": 0.0017982604444179416, ""1e-08"": 0.0026073559272034525, ""1e-10"": 0.020913854596449045, ""1e-12"": 0.35771807200703143, ""1e-14"": 17.201569985406586}",0.12999148500885285,0.02738468763708961,300023,300031,direct,streaming_tsqr,1e-14,hu_zhang,0.3333333333333333,LS(ridge),5.12496622611908e-06,0.0002335495512134388,1.808592507004505,1619,3004,999163.5938302445,0.0003670311198295041,0.0017642301567999228,0.0003595001049895313,0.0017487031346944744,True,7.105427357601002e-15,2.453427279044962e-10,0.0001684662738455229,0.00016175446654916194,2.2836308025822403,15.004035497307717,0.00016072261742768564,0.00011758370987035398,41.83684048749444,ridge,1e-06,main,N-600
elasticity-2d,2,600,2404,1225,3,7,2.0,12808,5.626924757272993e-15,0.0,0.0018921644818371726,"{""1e-06"": 0.0018921644818371726, ""1e-08"": 0.002207374987303648, ""1e-10"": 0.02044088534547334, ""1e-12"": 0.5161069805673453, ""1e-14"": 5.489572985113713}",0.12999148500885285,0.02738468763708961,300023,300031,direct,streaming_tsqr,1e-14,hu_zhang,0.3333333333333333,LS(tsvd),5.644720230461883e-06,0.0002391873831074956,1.8321301359974314,1619,3004,999163.5938302445,0.00039601783064554586,0.0018566497766278728,0.0003837835310931707,0.001841178369635739,False,2.1316282072803006e-14,3.052628757410636e-10,0.00017814833503203804,0.00015960505932809463,2.2836308025822403,15.004035497307717,0.00017341587361571073,0.00012374336070859236,43.80818418025424,tsvd,1e-06,main,N-600
elasticity-2d,3,600,2404,1225,3,7,2.0,12808,5.545132217111556e-15,0.0,0.0018043572852205812,"{""100.0"": 8.255775635385707, ""1000.0"": 0.9157126575986395, ""10000.0"": 0.0018043572852205812, ""100000.0"": 0.0033334851341010976, ""1000000.0"": 0.0908785510971199, ""inf"": 4.387845958576668}",0.12999148500885285,0.02738468763708961,400023,400031,direct,streaming_tsqr,1e-14,hu_zhang,0.3333333333333333,LS(ball),5.227473294757864e-06,0.0001152590689725693,5.085819243016886,2959,3004,22780088839215.16,0.0003053711123481394,0.0017708286151124186,0.0002695821507998708,0.0017670736631845722,True,2.1316282072803006e-14,5.937207565864799e-10,8.470580032276455e-05,7.816380474428962e-05,2.2836308025822403,15.004035497307717,0.00013372175222143513,0.00011802348877608103,182.4525912921864,ball,10000.0,main,N-600
elasticity-2d,3,600,2404,1225,3,7,2.0,12808,5.545132217111556e-15,0.0,0.0017147421647848659,"{""1e-05"": 0.003114660928005937, ""1e-06"": 0.0017147421647848659, ""1e-08"": 0.0018188754477615773, ""1e-10"": 0.029810289208154116, ""1e-12"": 0.4942019432426348, ""1e-14"": 14.527373888981638}",0.12999148500885285,0.02738468763708961,400023,400031,direct,streaming_tsqr,1e-14,hu_zhang,0.3333333333333333,LS(ridge),5.165268806127371e-06,0.0002238937319199818,1.9190252980042715,1614,3004,999045.869252812,0.0003315971967116688,0.0016754864256045485,0.00032419935094441427,0.0016604596830974395,True,0.0,2.609336817796515e-10,0.00016506443716136486,0.0001512684196309941,2.2836308025822403,15.004035497307717,0.00014520613241716292,0.00011166905236295884,41.65432557731518,ridge,1e-06,main,N-600
elasticity-2d,3,600,2404,1225,3,7,2.0,12808,5.545132217111556e-15,0.0,0.0017740761867140451,"{""1e-06"": 0.0017740761867140451, ""1e-08"": 0.0018300347167615506, ""1e-10"": 0.05313136884200683, ""1e-12"": 0.520432930192041, ""1e-14"": 4.387845958576668}",0.12999148500885285,0.02738468763708961,400023,400031,direct,streaming_tsqr,1e-14,hu_zhang,0.3333333333333333,LS(tsvd),6.090768967985944e-06,0.00024892231159750165,1.9408741170191206,1614,3004,999045.869252812,0.0003806275974664196,0.0017301492746881091,0.0003690008026216826,0.0017121489992091069,False,4.973799150320701e-14,2.912252999517917e-10,0.00018717010931575245,0.00016410261237948947,2.2836308025822403,15.004035497307717,0.00016667650350311479,0.00011531226215764169,44.13052903898542,tsvd,1e-06,main,N-600
elasticity-2d,4,600,2404,1225,3,7,2.0,12808,6.362113130696316e-15,0.0,0.0019213553650304284,"{""100.0"": 8.256329929274658, ""1000.0"": 0.9121519940800622, ""10000.0"": 0.0019213553650304284, ""100000.0"": 0.0029423059219550215, ""1000000.0"": 0.01617039242452379, ""inf"": 1.3379724758767528}",0.12999148500885285,0.02738468763708961,500023,500031,direct,streaming_tsqr,1e-14,hu_zhang,0.3333333333333333,LS(ball),5.710367301806302e-06,9.002393046376082e-05,4.689333515998442,2967,3004,25336316751997.23,0.00029533197148081996,0.0018903850579808765,0.00025807124355569126,0.0018882402811562986,True,1.0658141036401503e-14,3.1721921357058536e-10,6.744240832511608e-05,5.963077741780967e-05,2.2836308025822403,15.004035497307717,0.00012932562091335875,0.00012599177456758763,182.45259129221768,ball,10000.0,main,N-600
elasticity-2d,4,600,2404,1225,3,7,2.0,12808,6.362113130696316e-15,0.0,0.0017437899062944533,"{""1e-05"": 0.002998922029356856, ""1e-06"": 0.0017437899062944533, ""1e-08"": 0.0019366165689653763, ""1e-10"": 0.0046796455600146706, ""1e-12"": 0.11500513820579074, ""1e-14"": 2.679469532977016}",0.12999148500885285,0.02738468763708961,500023,500031,direct,streaming_tsqr,1e-14,hu_zhang,0.3333333333333333,LS(ridge),6.219882967281166e-06,0.00020122180835737883,1.816100827010814,1629,3004,999760.5126274223,0.0003002961216978907,0.0017122923539755084,0.00029428313103043395,0.001700427854783723,True,1.4210854715202004e-14,1.9925290670880225e-10,0.00014295995142644762,0.00014160744488465792,2.2836308025822403,15.004035497307717,0.00013149941810135316,0.00011412212096424042,41.164024280198205,ridge,1e-06,main,N-600
elasticity-2d,4,600,2404,1225,3,7,2.0,12808,6.362113130696316e-15,0.0,0.0018141067714488692,"{""1e-06"": 0.0018141067714488692, ""1e-08"": 0.0019312816153871605, ""1e-10"": 0.00469331048287513, ""1e-12"": 0.12606519636256538, ""1e-14"": 1.3379724758767528}",0.12999148500885285,0.02738468763708961,500023,500031,direct,streaming_tsqr,1e-14,hu_zhang,0.3333333333333333,LS(tsvd),7.134748950002169e-06,0.00022686244720177302,1.841530851990683,1629,3004,999760.5126274223,0.00034264363845712116,0.0017783164146869751,0.0003300900404863233,0.0017637864668929627,False,5.684341886080802e-14,2.6850889654067567e-10,0.00016039658810782775,0.00016043535917541714,2.2836308025822403,15.004035497307717,0.0001500433599291414,0.00011852254115274996,42.62227491609555,tsvd,1e-06,main,N-600
elasticity-2d,5,600,2404,1225,3,7,2.0,12808,5.307299034022657e-15,0.0,0.0020062955426275995,"{""100.0"": 8.262020609705116, ""1000.0"": 0.912060099558741, ""10000.0"": 0.0020062955426275995, ""100000.0"": 0.005170996934269092, ""1000000.0"": 0.05941110335885743, ""inf"": 16.026985507397924}",0.12999148500885285,0.02738468763708961,600023,600031,direct,streaming_tsqr,1e-14,hu_zhang,0.3333333333333333,LS(ball),5.015175312831588e-06,0.00010161955123720073,4.919532964995597,2953,3004,61648747930558.39,0.0003197938761965407,0.0019822879201111974,0.0002814868844926611,0.00197968150595623,True,3.197442310920451e-14,1.160664099553177e-10,7.404100570697217e-05,6.960217430188643e-05,2.2836308025822403,15.004035497307717,0.00014003746833110252,0.00013211698415848815,182.4525912922099,ball,10000.0,main,N-600
elasticity-2d,5,600,2404,1225,3,7,2.0,12808,5.307299034022657e-15,0.0,0.0017814746515859533,"{""1e-05"": 0.0033088888752447142, ""1e-06"": 0.0017814746515859533, ""1e-08"": 0.0020840339487081918, ""1e-10"": 0.03800359602625897, ""1e-12"": 1.1625063558234394, ""1e-14"": 17.31433197080258}",0.12999148500885285,0.02738468763708961,600023,600031,direct,streaming_tsqr,1e-14,hu_zhang,0.3333333333333333,LS(ridge),4.897854467098127e-06,0.00024938072077929974,1.8083225159789436,1626,3004,998347.3938981099,0.00033878616969200615,0.001745653707851962,0.000343235819305253,0.0017277488601764146,True,1.4210854715202004e-14,2.2279365071570245e-10,0.00017554239615367843,0.00017713162069215107,2.2836308025822403,15.004035497307717,0.00014835417761440247,0.00011634561302958776,41.778293258135854,ridge,1e-06,main,N-600
elasticity-2d,5,600,2404,1225,3,7,2.0,12808,5.307299034022657e-15,0.0,0.0018828392220640792,"{""1e-06"": 0.0018828392220640792, ""1e-08"": 0.00274115639650987, ""1e-10"": 0.05695700615972243, ""1e-12"": 1.553179274957683, ""1e-14"": 16.026985507397924}",0.12999148500885285,0.02738468763708961,600023,600031,direct,streaming_tsqr,1e-14,hu_zhang,0.3333333333333333,LS(tsvd),5.781980283928679e-06,0.00027198250355410774,1.8382952979882248,1626,3004,998347.3938981099,0.00039742326795895623,0.0018410233029305131,0.0003952983631411947,0.0018208218802764908,False,2.842170943040401e-14,3.057217907651011e-10,0.00020122487686639412,0.00018298369099366412,2.2836308025822403,15.004035497307717,0.00017403131342840777,0.00012270187598935374,43.821263289736564,tsvd,1e-06,main,N-600
elasticity-2d,6,600,2404,1225,3,7,2.0,12808,7.03000746046365e-15,0.0,0.0025550806633003152,"{""100.0"": 8.258316557291097, ""1000.0"": 0.9128618877511375, ""10000.0"": 0.0025550806633003152, ""100000.0"": 0.0045663192330943035, ""1000000.0"": 0.031417308811334824, ""inf"": 8.634430705310887}",0.12999148500885285,0.02738468763708961,700023,700031,direct,streaming_tsqr,1e-14,hu_zhang,0.3333333333333333,LS(ball),5.280932696268261e-06,0.00010102398257739542,4.792241249000654,2972,3004,65118518624672.82,0.00030183924013936557,0.0025153440945543644,0.0002611266111161256,0.002513314558298208,True,1.4210854715202004e-14,2.9273826418485527e-10,7.354760727269286e-05,6.925745100896819e-05,2.2836308025822403,15.004035497307717,0.00013217514836376247,0.00016764450437388735,182.45259129219156,ball,10000.0,main,N-600
elasticity-2d,6,600,2404,1225,3,7,2.0,12808,7.03000746046365e-15,0.0,0.001786442000507758,"{""1e-05"": 0.0030055822313542354, ""1e-06"": 0.001786442000507758, ""1e-08"": 0.002848307046666726, ""1e-10"": 0.016197202265965185, ""1e-12"": 0.5058395503388028, ""1e-14"": 8.022674581136469}",0.12999148500885285,0.02738468763708961,700023,700031,direct,streaming_tsqr,1e-14,hu_zhang,0.3333333333333333,LS(ridge),5.164595107231986e-06,0.00019896740197846376,1.8215251179935876,1624,3004,998021.4054160048,0.00030576969089676233,0.0017407216416088047,0.00029651893826915644,0.0017293131025107027,True,7.105427357601002e-15,2.4596377191932195e-10,0.00014303901896302692,0.00013830352889262956,2.2836308025822403,15.004035497307717,0.0001338962894312907,0.00011601689704887429,41.53130882854184,ridge,1e-06,main,N-600
elasticity-2d,6,600,2404,1225,3,7,2.0,12808,7.03000746046365e-15,0.0,0.0018264661244409802,"{""1e-06"": 0.0018264661244409802, ""1e-08"": 0.0035013531659926376, ""1e-10"": 0.01802026035646698, ""1e-12"": 0.6686485819467662, ""1e-14"": 8.634430705310887}",0.12999148500885285,0.02738468763708961,700023,700031,direct,streaming_tsqr,1e-14,hu_zhang,0.3333333333333333,LS(tsvd),5.4515489101953936e-06,0.0002054397080905013,1.8474479120050091,1624,3004,998021.4054160048,0.0003285903350073137,0.0017829689979745153,0.0003144624040358832,0.0017710937225561883,False,2.1316282072803006e-14,2.0997777214898372e-10,0.00014893519701591576,0.0001415054089077189,2.2836308025822403,15.004035497307717,0.00014388943021602116,0.00011883262994775282,43.08396546853971,tsvd,1e-06,main,N-600
elasticity-2d,7,600,2404,1225,3,7,2.0,12808,6.4029397393990875e-15,0.0,0.0018517325106243976,"{""100.0"": 8.267014785254556, ""1000.0"": 0.9150654961421313, ""10000.0"": 0.0018517325106243976, ""100000.0"": 0.00203885654308306, ""1000000.0"": 0.005943180611334556, ""inf"": 0.3361312545402732}",0.12999148500885285,0.02738468763708961,800023,800031,direct,streaming_tsqr,1e-14,hu_zhang,0.3333333333333333,LS(ball),5.895753648430017e-06,0.00010935646142418009,5.199362047016621,2980,3004,42867020026582.91,0.0002999103066385127,0.0018090886310222984,0.00026587643965678934,0.001805780396183023,True,1.4210854715202004e-14,6.364631269933918e-10,7.87893648729656e-05,7.583582028390595e-05,2.2836308025822403,15.004035497307717,0.00013133047001265963,0.00012057347047378795,182.45259129217814,ball,10000.0,main,N-600
elasticity-2d,7,600,2404,1225,3,7,2.0,12808,6.4029397393990875e-15,0.0,0.001744280371043242,"{""1e-05"": 0.002860526303115059, ""1e-06"": 0.001744280371043242, ""1e-08"": 0.001854574476695741, ""1e-10"": 0.003894821765363401, ""1e-12"": 0.05812157474334697, ""1e-14"": 0.3510531654364038}",0.12999148500885285,0.02738468763708961,800023,800031,direct,streaming_tsqr,1e-14,hu_zhang,0.3333333333333333,LS(ridge),5.687532079452069e-06,0.00017475029714630278,1.8941221820132341,1629,3004,999091.6198540967,0.000297528917697844,0.0017096458210558918,0.0002822856935554562,0.0017006913791458912,True,7.105427357601002e-15,2.3123900884380877e-10,0.00012490646819333644,0.0001222130948637999,2.2836308025822403,15.004035497307717,0.00013028766180654507,0.00011394573289050575,41.8825862867732,ridge,1e-06,main,N-600
elasticity-2d,7,600,2404,1225,3,7,2.0,12808,6.4029397393990875e-15,0.0,0.0017944668578659163,"{""1e-06"": 0.0017944668578659163, ""1e-08"": 0.0018590534295729925, ""1e-10"": 0.004298321150200345, ""1e-12"": 0.034237369557248744, ""1e-14"": 0.3361312545402732}",0.12999148500885285,0.02738468763708961,800023,800031,direct,streaming_tsqr,1e-14,hu_zhang,0.3333333333333333,LS(tsvd),6.139133817307414e-06,0.00022932575158589956,1.9210101080243476,1629,3004,999091.6198540967,0.0003392118186563035,0.0017598720713883236,0.00032848180228790494,0.0017448665872530746,False,6.394884621840902e-14,3.082811454030443e-10,0.0001644054183637232,0.00015987857502832218,2.2836308025822403,15.004035497307717,0.0001485405689364218,0.00011729324898652168,43.847774489527865,tsvd,1e-06,main,N-600
elasticity-2d,8,600,2404,1225,3,7,2.0,12808,5.6675208439488406e-15,0.0,0.0020074182048977138,"{""100.0"": 8.270244211370414, ""1000.0"": 0.9116493025173933, ""10000.0"": 0.0020074182048977138, ""100000.0"": 0.004906994761875066, ""1000000.0"": 0.013960771112471113, ""inf"": 7.460170786934321}",0.12999148500885285,0.02738468763708961,900023,900031,direct,streaming_tsqr,1e-14,hu_zhang,0.3333333333333333,LS(ball),4.733162740034925e-06,9.691638904092352e-05,4.747003067983314,2973,3004,68769384493816.61,0.0002982429447006776,0.001980076591408728,0.0002626101662122139,0.001977703345140538,True,1.4210854715202004e-14,5.78293262235019e-10,6.554727079187794e-05,7.138866686294028e-05,2.2836308025822403,15.004035497307717,0.0001306003336281137,0.00013196960189570516,182.45259129225613,ball,10000.0,main,N-600
elasticity-2d,8,600,2404,1225,3,7,2.0,12808,5.6675208439488406e-15,0.0,0.0017403487400143502,"{""1e-05"": 0.0031013213243105825, ""1e-06"": 0.0017403487400143502, ""1e-08"": 0.0021706687373738358, ""1e-10"": 0.006299074827976727, ""1e-12"": 0.4071495136609361, ""1e-14"": 8.300226154386333}",0.12999148500885285,0.02738468763708961,900023,900031,direct,streaming_tsqr,1e-14,hu_zhang,0.3333333333333333,LS(ridge),4.5838745593253775e-06,0.0002196174541130879,1.8455117049743421,1620,3004,999521.433508189,0.00033485125248743243,0.0016982481189835145,0.0003259762279270252,0.0016839877812739412,True,7.105427357601002e-15,2.651394806832408e-10,0.00015420141814475937,0.00015637694457067302,2.2836308025822403,15.004035497307717,0.0001466310806934272,0.0001131860904546809,42.07517730457904,ridge,1e-06,main,N-600
elasticity-2d,8,600,2404,1225,3,7,2.0,12808,5.6675208439488406e-15,0.0,0.001801327944782211,"{""1e-06"": 0.001801327944782211, ""1e-08"": 0.0018908779260939908, ""1e-10"": 0.006289176277945778, ""1e-12"": 0.4962256947492739, ""1e-14"": 7.460170786934321}",0.12999148500885285,0.02738468763708961,900023,900031,direct,streaming_tsqr,1e-14,hu_zhang,0.3333333333333333,LS(tsvd),5.523690934830153e-06,0.00025311785928342764,1.8722822639974765,1620,3004,999521.433508189,0.0003765439735755833,0.0017525278397273985,0.00036643608363010174,0.0017341525821943573,False,7.105427357601002e-15,2.121946923727691e-10,0.00018020845453944393,0.00017774578363699732,2.2836308025822403,15.004035497307717,0.00016488828804980303,0.00011680376522981883,43.61504804849449,tsvd,1e-06,main,N-600
elasticity-2d,9,600,2404,1225,3,7,2.0,12808,5.6514314933935125e-15,0.0,0.001831736761708819,"{""100.0"": 8.272230981748164, ""1000.0"": 0.9161426115550528, ""10000.0"": 0.001831736761708819, ""100000.0"": 0.0023160617025429577, ""1000000.0"": 0.026661694313981427, ""inf"": 1.6819336297755683}",0.12999148500885285,0.02738468763708961,1000023,1000031,direct,streaming_tsqr,1e-14,hu_zhang,0.3333333333333333,LS(ball),5.274408079673475e-06,9.639897654684703e-05,4.893220003985334,2972,3004,72450106307250.45,0.0003000037845142675,0.0017915393527380356,0.00026408797831815466,0.0017889439593597504,True,2.1316282072803006e-14,4.1135982207368693e-10,6.74002486299297e-05,6.892002005152947e-05,2.2836308025822403,15.004035497307717,0.00013137140389551366,0.00011940383325935909,182.4525912922378,ball,10000.0,main,N-600
elasticity-2d,9,600,2404,1225,3,7,2.0,12808,5.6514314933935125e-15,0.0,0.0017879463723750036,"{""1e-05"": 0.0030222852511868005, ""1e-06"": 0.0017879463723750036, ""1e-08"": 0.0018383572910159217, ""1e-10"": 0.00573444748814925, ""1e-12"": 0.2171413917382037, ""1e-14"": 1.6811050929655003}",0.12999148500885285,0.02738468763708961,1000023,1000031,direct,streaming_tsqr,1e-14,hu_zhang,0.3333333333333333,LS(ridge),4.928517208671081e-06,0.00020041156338115632,1.8840197999961674,1623,3004,998950.1490494502,0.00029564943936063673,0.0017549362519181033,0.00029505791829942944,0.0017434553202073982,True,1.4210854715202004e-14,2.5004576013898383e-10,0.00014294114895660516,0.00014047285386096795,2.2836308025822403,15.004035497307717,0.00012946463982983937,0.00011696428285796872,41.708059158479436,ridge,1e-06,main,N-600
elasticity-2d,9,600,2404,1225,3,7,2.0,12808,5.6514314933935125e-15,0.0,0.0018782887598823217,"{""1e-06"": 0.0018782887598823217, ""1e-08"": 0.0019226617158877714, ""1e-10"": 0.004224696514971127, ""1e-12"": 0.17081047632047225, ""1e-14"": 1.6819336297755683}",0.12999148500885285,0.02738468763708961,1000023,1000031,direct,streaming_tsqr,1e-14,hu_zhang,0.3333333333333333,LS(tsvd),5.745298090908816e-06,0.0002244823362156651,1.908415387995774,1623,3004,998950.1490494502,0.0003345712345265378,0.0018467955545924874,0.0003305886703645857,0.0018331016068919175,False,1.4210854715202004e-14,2.9020647950711576e-10,0.0001628231467559976,0.00015453459856393895,2.2836308025822403,15.004035497307717,0.00014650846106481738,0.00012308658926619252,43.52511893788294,tsvd,1e-06,main,N-600
elasticity-2d,0,800,3204,1681,3,7,2.0,12808,8.35797429770382e-15,0.0,0.0010333685529635625,"{""100.0"": 8.402932226147254, ""1000.0"": 0.9141507605875291, ""10000.0"": 0.0010333685529635625, ""100000.0"": 0.003921736998677112, ""1000000.0"": 0.060729051299629105, ""inf"": 10.895979902478544}",0.10610334487115107,0.0233461772167435,100023,100031,direct,streaming_tsqr,1e-14,hu_zhang,0.3333333333333333,LS(ball),2.7571531946169965e-06,6.424318353176018e-05,14.083673715998884,3956,4004,67846877748040.74,0.00020389471652130432,0.001006716892252568,0.00017727774235188687,0.00100466497625645,True,0.0,-7.328482005269921e-11,4.610712599904695e-05,4.4736110273507604e-05,2.2836308025822403,15.004035497307717,8.928532418232761e-05,6.709640832516095e-05,158.0348853102825,ball,10000.0,main,N-800
elasticity-2d,0,800,3204,1681,3,7,2.0,12808,8.35797429770382e-15,0.0,0.001032028867199457,"{""1e-05"": 0.0022403587219410226, ""1e-06"": 0.0010492051383495396, ""1e-08"": 0.001032028867199457, ""1e-10"": 0.019151410842789707, ""1e-12"": 0.2568447849076262, ""1e-14"": 18.060259703221934}",0.10610334487115107,0.0233461772167435,100023,100031,direct,streaming_tsqr,1e-14,hu_zhang,0.3333333333333333,LS(ridge),2.7451929424091953e-06,6.320487122657146e-05,4.118413448013598,3442,4004,99915940.10927391,0.00020316736982786638,0.0010055425572339963,0.00017647650832434899,0.0010035541732571875,True,3.1086244689504383e-15,-6.105760081559497e-11,4.536541176823597e-05,4.4009489452456495e-05,2.2836308025822403,15.004035497307717,8.89668196794914e-05,6.701814038059482e-05,149.70936091036953,ridge,1e-08,main,N-800
elasticity-2d,0,800,3204,1681,3,7,2.0,12808,8.35797429770382e-15,0.0,0.0010681627564309137,"{""1e-06"": 0.0010681627564309137, ""1e-08"": 0.0011122578408073811, ""1e-10"": 0.012316798917349957, ""1e-12"": 0.300130113454451, ""1e-14"": 10.895979902478544}",0.10610334487115107,0.0233461772167435,100023,100031,direct,streaming_tsqr,1e-14,hu_zhang,0.3333333333333333,LS(tsvd),3.15178486213772e-06,0.00014075475098064742,4.146736350958236,1889,4004,999994.3741443299,0.0002310424741307296,0.0010463219883856702,0.00021616142917332972,0.0010368113634869741,False,2.842170943040401e-14,5.9601100096950965e-12,9.885700837150933e-05,0.00010019576747277999,2.2836308025822403,15.004035497307717,0.00010117330431411059,6.973603791949301e-05,36.22376223685015,tsvd,1e-06,main,N-800
elasticity-2d,1,800,3204,1681,3,7,2.0,12808,6.993788096271914e-15,0.0,0.0012928298210905667,"{""100.0"": 8.425040345648167, ""1000.0"": 0.9128006186727028, ""10000.0"": 0.0012928298210905667, ""100000.0"": 0.005557338577955557, ""1000000.0"": 0.046719287278849414, ""inf"": 25.157263103913795}",0.10610334487115107,0.0233461772167435,200023,200031,direct,streaming_tsqr,1e-14,hu_zhang,0.3333333333333333,LS(ball),3.1108448411140465e-06,6.58672749310778e-05,13.916519493010128,3957,4004,92543271160875.53,0.00022389922115546122,0.0012671177965062066,0.00019679108414112227,0.001265404683220312,True,3.019806626980426e-14,-2.407592692918459e-10,5.066645520811879e-05,4.208810073512323e-05,2.2836308025822403,15.004035497307717,9.804527986848169e-05,8.445179943313083e-05,158.03488531030226,ball,10000.0,main,N-800
elasticity-2d,1,800,3204,1681,3,7,2.0,12808,6.993788096271914e-15,0.0,0.001107742896752417,"{""1e-05"": 0.0028167128979688693, ""1e-06"": 0.001107742896752417, ""1e-08"": 0.0012738560844891052, ""1e-10"": 0.025382498557801465, ""1e-12"": 0.3965012401012248, ""1e-14"": 7.828962639720548}",0.10610334487115107,0.0233461772167435,200023,200031,direct,streaming_tsqr,1e-14,hu_zhang,0.3333333333333333,LS(ridge),3.2364075976925498e-06,0.0002295837735135797,4.106327291025082,1887,4004,998360.3124146702,0.00025517235696538446,0.0010792468747032144,0.0002648736261139212,0.0010545449765163746,True,1.4210854715202004e-14,2.0428751572321158e-11,0.00015572024860572336,0.0001687006616315015,2.2836308025822403,15.004035497307717,0.00011173975963051713,7.193043997375716e-05,34.845539771238776,ridge,1e-06,main,N-800
elasticity-2d,1,800,3204,1681,3,7,2.0,12808,6.993788096271914e-15,0.0,0.001162203420941798,"{""1e-06"": 0.001162203420941798, ""1e-08"": 0.001325036625546055, ""1e-10"": 0.03119725828889567, ""1e-12"": 0.3920281645871587, ""1e-14"": 25.157263103913795}",0.10610334487115107,0.0233461772167435,200023,200031,direct,streaming_tsqr,1e-14,hu_zhang,0.3333333333333333,LS(tsvd),3.5355097979251244e-06,0.00018990158078673345,4.147008750005625,1887,4004,998360.3124146702,0.0002671851059095942,0.0011333991061097195,0.00026222596204263934,0.0011173768045493924,False,7.105427357601002e-15,-3.917320027385651e-11,0.00013231298863540113,0.00013621998173420985,2.2836308025822403,15.004035497307717,0.000117000132248817,7.553961774571206e-05,35.72686712396813,tsvd,1e-06,main,N-800
elasticity-2d,2,800,3204,1681,3,7,2.0,12808,7.119412759764451e-15,0.0,0.0013883413977792828,"{""100.0"": 8.423529978261467, ""1000.0"": 0.9154023897655204, ""10000.0"": 0.0013883413977792828, ""100000.0"": 0.001736739628411516, ""1000000.0"": 0.03187551458664705, ""inf"": 14.591605800785262}",0.10610334487115107,0.0233461772167435,300023,300031,direct,streaming_tsqr,1e-14,hu_zhang,0.3333333333333333,LS(ball),4.529124522515568e-06,9.150538185076098e-05,13.457249295024667,3936,4004,62766273324911.04,0.0002612330772164034,0.0013444250726794911,0.00023189726910836497,0.001341307399942907,True,7.105427357601002e-15,1.2816458658249097e-10,7.315275714343271e-05,5.497189309062889e-05,2.2836308025822403,15.004035497307717,0.00011439374391036032,8.960423166958856e-05,158.03488531025485,ball,10000.0,main,N-800
elasticity-2d,2,800,3204,1681,3,7,2.0,12808,7.119412759764451e-15,0.0,0.0011002343449111923,"{""1e-05"": 0.0025651873124448105, ""1e-06"": 0.0011002343449111923, ""1e-08"": 0.0013061127055359245, ""1e-10"": 0.010195691911080027, ""1e-12"": 1.2574077396711358, ""1e-14"": 19.76700988234401}",0.10610334487115107,0.0233461772167435,300023,300031,direct,streaming_tsqr,1e-14,hu_zhang,0.3333333333333333,LS(ridge),3.8242939676116634e-06,0.00017963319890157293,4.02437107701553,1882,4004,998693.1740521815,0.00023290439772430141,0.0010683290081134683,0.000231944769300625,0.0010531185989379804,True,7.105427357601002e-15,3.633630635963003e-11,0.00012534333612446245,0.00012867452831389007,2.2836308025822403,15.004035497307717,0.00010198863908340273,7.120277796631222e-05,35.09895416716662,ridge,1e-06,main,N-800
elasticity-2d,2,800,3204,1681,3,7,2.0,12808,7.119412759764451e-15,0.0,0.0011412685353825707,"{""1e-06"": 0.0011412685353825707, ""1e-08"": 0.0012665870373058158, ""1e-10"": 0.010977601385320786, ""1e-12"": 0.7568008265125045, ""1e-14"": 14.591605800785262}",0.10610334487115107,0.0233461772167435,300023,300031,direct,streaming_tsqr,1e-14,hu_zhang,0.3333333333333333,LS(tsvd),4.06897180437566e-06,0.00015791324580041884,4.061381864041323,1882,4004,998693.1740521815,0.0002515206434701739,0.0011057224645755082,0.0002411367659656759,0.0010943882197226506,False,7.105427357601002e-15,4.252609289018272e-11,0.00011386398956682704,0.00010941473885701598,2.2836308025822403,15.004035497307717,0.00011014067737471582,7.369500457219766e-05,36.16173289737731,tsvd,1e-06,main,N-800
elasticity-2d,3,800,3204,1681,3,7,2.0,12808,7.898120148562327e-15,0.0,0.0013136542777071251,"{""100.0"": 8.409703405859121, ""1000.0"": 0.9178682498767619, ""10000.0"": 0.0013136542777071251, ""100000.0"": 0.004673986218705571, ""1000000.0"": 0.05148506168926615, ""inf"": 1.1376802184045935}",0.10610334487115107,0.0233461772167435,400023,400031,direct,streaming_tsqr,1e-14,hu_zhang,0.3333333333333333,LS(ball),3.961116852774476e-06,7.511397530019085e-05,14.286213410028722,3938,4004,62715933335679.69,0.00023311377020958927,0.0012804595752286309,0.0002020660437667351,0.0012782545186735262,True,5.329070518200751e-15,-3.1776680245454436e-10,5.651117390755938e-05,4.948329525190557e-05,2.2836308025822403,15.004035497307717,0.00010208032311790213,8.534101212026545e-05,158.03488531026485,ball,10000.0,main,N-800
elasticity-2d,3,800,3204,1681,3,7,2.0,12808,7.898120148562327e-15,0.0,0.001050307618514129,"{""1e-05"": 0.0023978565104524007, ""1e-06"": 0.001050307618514129, ""1e-08"": 0.0013173319954974038, ""1e-10"": 0.0075434589325718985, ""1e-12"": 0.30654555059867256, ""1e-14"": 2.135498317476292}",0.10610334487115107,0.0233461772167435,400023,400031,direct,streaming_tsqr,1e-14,hu_zhang,0.3333333333333333,LS(ridge),3.712304328381474e-06,0.00016821160081459882,4.184317790000932,1869,4004,999890.6548655241,0.00025191316718236917,0.0010174873321023095,0.0002429471573990333,0.0010034865860289641,True,2.842170943040401e-14,-3.029445617974691e-12,0.00011945387859114092,0.00011843104972152748,2.2836308025822403,15.004035497307717,0.00011031256317681283,6.78142445267398e-05,35.096971834523906,ridge,1e-06,main,N-800
elasticity-2d,3,800,3204,1681,3,7,2.0,12808,7.898120148562327e-15,0.0,0.0011220626531086703,"{""1e-06"": 0.0011220626531086703, ""1e-08"": 0.0013161907281443322, ""1e-10"": 0.007213561893790376, ""1e-12"": 0.3205889697480058, ""1e-14"": 1.1376802184045935}",0.10610334487115107,0.0233461772167435,400023,400031,direct,streaming_tsqr,1e-14,hu_zhang,0.3333333333333333,LS(tsvd),3.834319193952501e-06,0.00015414419910985812,4.220055306010181,1869,4004,999890.6548655241,0.0002572869638648511,0.0010894013092678054,0.00024302332346783008,0.001078440901725815,False,3.552713678800501e-14,7.204176491470982e-12,0.00011033335624919006,0.00010764285679044801,2.2836308025822403,15.004035497307717,0.00011266574420607793,7.260722020174404e-05,35.75171606913327,tsvd,1e-06,main,N-800
elasticity-2d,4,800,3204,1681,3,7,2.0,12808,7.179281949465418e-15,0.0,0.001275412487132181,"{""100.0"": 8.40921033327598, ""1000.0"": 0.9148861012785565, ""10000.0"": 0.001275412487132181, ""100000.0"": 0.007134634318395602, ""1000000.0"": 0.02392296229601462, ""inf"": 4.925199417058061}",0.10610334487115107,0.0233461772167435,500023,500031,direct,streaming_tsqr,1e-14,hu_zhang,0.3333333333333333,LS(ball),4.2777522103733425e-06,7.167282122086623e-05,13.128381529997569,3951,4004,51282876531083.586,0.0002157713343689569,0.001243682712885184,0.00018894930919633205,0.0012416157606231055,True,1.4210854715202004e-14,-2.468230038757402e-10,5.299733861941879e-05,4.825220617771705e-05,2.2836308025822403,15.004035497307717,9.44860851084033e-05,8.28898807329766e-05,158.0348853102917,ball,10000.0,main,N-800
elasticity-2d,4,800,3204,1681,3,7,2.0,12808,7.179281949465418e-15,0.0,0.0010835650960186298,"{""1e-05"": 0.0024219352428873735, ""1e-06"": 0.0010835650960186298, ""1e-08"": 0.0012583733436357285, ""1e-10"": 0.011106644921150583, ""1e-12"": 0.40161937724688884, ""1e-14"": 3.5019044313820045}",0.10610334487115107,0.0233461772167435,500023,500031,direct,streaming_tsqr,1e-14,hu_zhang,0.3333333333333333,LS(ridge),3.7558356356951014e-06,0.00016457319454720186,3.9056279550422914,1887,4004,996734.7052952831,0.00021221153905412048,0.001062603843465258,0.00021282438413949468,0.0010497821639672048,True,2.1316282072803006e-14,5.390166785135264e-11,0.00011430600049160987,0.00011839963942125515,2.2836308025822403,15.004035497307717,9.292725374616597e-05,7.082120297942035e-05,34.96597522387856,ridge,1e-06,main,N-800
elasticity-2d,4,800,3204,1681,3,7,2.0,12808,7.179281949465418e-15,0.0,0.0011361056964654653,"{""1e-06"": 0.0011361056964654653, ""1e-08"": 0.0011511846544194043, ""1e-10"": 0.008501903294117676, ""1e-12"": 0.5680204395467764, ""1e-14"": 4.925199417058061}",0.10610334487115107,0.0233461772167435,500023,500031,direct,streaming_tsqr,1e-14,hu_zhang,0.3333333333333333,LS(tsvd),4.015039047750182e-06,0.00015259318571777348,3.9541804820182733,1887,4004,996734.7052952831,0.0002317557090176813,0.0011105067396109493,0.0002210184429594429,0.0010999729716651414,False,7.105427357601002e-15,2.3819757798138053e-11,0.00010713434084980275,0.0001086596214707984,2.2836308025822403,15.004035497307717,0.00010148562926880344,7.401387045573277e-05,35.8551408201924,tsvd,1e-06,main,N-800
elasticity-2d,5,800,3204,1681,3,7,2.0,12808,7.226420715016509e-15,0.0,0.001267913751066946,"{""100.0"": 8.41914812524869, ""1000.0"": 0.9183200350728233, ""10000.0"": 0.001267913751066946, ""100000.0"": 0.006064690083855652, ""1000000.0"": 0.19773652912906994, ""inf"": 18.00633861682538}",0.10610334487115107,0.0233461772167435,600023,600031,direct,streaming_tsqr,1e-14,hu_zhang,0.3333333333333333,LS(ball),3.0761764710356925e-06,6.830983610471309e-05,14.256323829991743,3925,4004,58481973907445.33,0.00027728063897869675,0.0012184763421494362,0.00024260199911433123,0.0012165600530467935,True,3.552713678800501e-15,7.356735446523155e-11,5.28997236890221e-05,4.321866428151011e-05,2.2836308025822403,15.004035497307717,0.00012142095765443287,8.120990798562668e-05,158.03488531026917,ball,10000.0,main,N-800
elasticity-2d,5,800,3204,1681,3,7,2.0,12808,7.226420715016509e-15,0.0,0.0010889006552828825,"{""1e-05"": 0.002675119569640303, ""1e-06"": 0.0010889006552828825, ""1e-08"": 0.0012746458709937214, ""1e-10"": 0.022759460682443212, ""1e-12"": 0.5408716553276585, ""1e-14"": 40.098813156017904}",0.10610334487115107,0.0233461772167435,600023,600031,direct,streaming_tsqr,1e-14,hu_zhang,0.3333333333333333,LS(ridge),3.246950969948183e-06,0.00018947259799987362,4.163701938989107,1889,4004,999027.8115434407,0.0002531062499142634,0.0010535786942303916,0.0002573232853552663,0.0010364015628815866,True,0.0,5.106016130740354e-11,0.00013234617482662975,0.00013558892064464878,2.2836308025822403,15.004035497307717,0.00011083501309759036,7.021968819118316e-05,34.990785641019805,ridge,1e-06,main,N-800
elasticity-2d,5,800,3204,1681,3,7,2.0,12808,7.226420715016509e-15,0.0,0.001128636104049851,"{""1e-06"": 0.001128636104049851, ""1e-08"": 0.00139325081319646, ""1e-10"": 0.011281064547161082, ""1e-12"": 0.4699294315522188, ""1e-14"": 18.00633861682538}",0.10610334487115107,0.0233461772167435,600023,600031,direct,streaming_tsqr,1e-14,hu_zhang,0.3333333333333333,LS(tsvd),3.3860696344373195e-06,0.0001601281646731507,4.194225638988428,1889,4004,999027.8115434407,0.00024622564160749406,0.0010973900358276997,0.0002426922726286725,0.0010856444453007294,False,4.263256414560601e-14,1.3525230414812572e-11,0.00011467665475490348,0.00011175998378586293,2.2836308025822403,15.004035497307717,0.00010782200053050245,7.313965872878749e-05,35.92162722801287,tsvd,1e-06,main,N-800
elasticity-2d,6,800,3204,1681,3,7,2.0,12808,8.158025212619061e-15,0.0,0.001084067436145173,"{""100.0"": 8.40825881578887, ""1000.0"": 0.9160062785455233, ""10000.0"": 0.001084067436145173, ""100000.0"": 0.0025711615699071265, ""1000000.0"": 0.010899155091934419, ""inf"": 7.298875882268865}",0.10610334487115107,0.0233461772167435,700023,700031,direct,streaming_tsqr,1e-14,hu_zhang,0.3333333333333333,LS(ball),2.848541628221628e-06,7.014810479192654e-05,13.372749467991525,3963,4004,59487307230457.4,0.0002075201956296955,0.0010404942975611225,0.00018293415681519505,0.0010381269800228269,True,7.105427357601002e-15,-8.76217908993282e-11,5.135120477978341e-05,4.778922863537197e-05,2.2836308025822403,15.004035497307717,9.087291842229479e-05,6.934762969254679e-05,158.03488531024993,ball,10000.0,main,N-800
elasticity-2d,6,800,3204,1681,3,7,2.0,12808,8.158025212619061e-15,0.0,0.0010392398250295804,"{""1e-05"": 0.002334648473549748, ""1e-06"": 0.0010392398250295804, ""1e-08"": 0.0010854846199271461, ""1e-10"": 0.007755909998404854, ""1e-12"": 0.12160603539578102, ""1e-14"": 8.240249973437454}",0.10610334487115107,0.0233461772167435,700023,700031,direct,streaming_tsqr,1e-14,hu_zhang,0.3333333333333333,LS(ridge),3.1717642202840026e-06,0.0001539017204231515,4.19789966402459,1890,4004,998859.1546540291,0.00022370001106873343,0.0010048163723884486,0.00021833435006015324,0.000992960322807853,True,0.0,-1.3684589919571444e-11,0.00010785931025594833,0.00010978209662926356,2.2836308025822403,15.004035497307717,9.795804593972994e-05,6.696974107857516e-05,35.245487681181736,ridge,1e-06,main,N-800
elasticity-2d,6,800,3204,1681,3,7,2.0,12808,8.158025212619061e-15,0.0,0.0010807042750917097,"{""1e-06"": 0.0010807042750917097, ""1e-08"": 0.0011273114328186078, ""1e-10"": 0.009756303784624614, ""1e-12"": 0.07341024342598762, ""1e-14"": 7.298875882268865}",0.10610334487115107,0.0233461772167435,700023,700031,direct,streaming_tsqr,1e-14,hu_zhang,0.3333333333333333,LS(tsvd),3.3049535880074762e-06,0.00014759416279296373,4.247892738028895,1890,4004,998859.1546540291,0.00023098248666159006,0.0010452344646774713,0.00022072915996995524,0.001034761348939476,False,7.105427357601002e-15,2.0482163708146484e-11,0.00010428204851670518,0.00010444755261716488,2.2836308025822403,15.004035497307717,0.00010114703585203182,6.966355583902913e-05,36.24665319135527,tsvd,1e-06,main,N-800
elasticity-2d,7,800,3204,1681,3,7,2.0,12808,6.823624181083113e-15,0.0,0.001033821791977015,"{""100.0"": 8.42142229498101, ""1000.0"": 0.9152322800696495, ""10000.0"": 0.001033821791977015, ""100000.0"": 0.0011542104862053673, ""1000000.0"": 0.0032933548013912776, ""inf"": 3.178320847493814}",0.10610334487115107,0.0233461772167435,800023,800031,direct,streaming_tsqr,1e-14,hu_zhang,0.3333333333333333,LS(ball),3.2233599414451617e-06,6.99606493227752e-05,13.473786757997004,3965,4004,96623772814661.89,0.00019921891192337633,0.0010013539639563036,0.0001723787154527709,0.000998907037054669,True,8.881784197001252e-15,4.33200420847657e-10,5.045729364484884e-05,4.8461881636001545e-05,2.2836308025822403,15.004035497307717,8.723779329745745e-05,6.673897593324035e-05,158.03488531024172,ball,10000.0,main,N-800
elasticity-2d,7,800,3204,1681,3,7,2.0,12808,6.823624181083113e-15,0.0,0.001030062245596408,"{""1e-05"": 0.002413647092115065, ""1e-06"": 0.001030062245596408, ""1e-08"": 0.001035073259518625, ""1e-10"": 0.0014009383432275588, ""1e-12"": 0.01847516593107474, ""1e-14"": 2.3488047301646313}",0.10610334487115107,0.0233461772167435,800023,800031,direct,streaming_tsqr,1e-14,hu_zhang,0.3333333333333333,LS(ridge),3.3966911581460593e-06,0.0001496602406849025,4.010068798001157,1885,4004,998802.3479849742,0.00022383327260683082,0.001003755157231658,0.00021205578107228305,0.0009925352527881757,True,7.105427357601002e-15,1.4511442394948837e-11,0.00010165342672015991,0.00010983973997562096,2.2836308025822403,15.004035497307717,9.801640105472782e-05,6.689901242980725e-05,35.2333740519295,ridge,1e-06,main,N-800
elasticity-2d,7,800,3204,1681,3,7,2.0,12808,6.823624181083113e-15,0.0,0.0010417566585144281,"{""1e-06"": 0.001069254754095862, ""1e-08"": 0.0010417566585144281, ""1e-10"": 0.0016516253568611113, ""1e-12"": 0.02808544958965669, ""1e-14"": 3.178320847493814}",0.10610334487115107,0.0233461772167435,800023,800031,direct,streaming_tsqr,1e-14,hu_zhang,0.3333333333333333,LS(tsvd),3.3026689637055e-06,7.318071159120134e-05,4.0885565009957645,3443,4004,99332706.70909818,0.00020135725420457554,0.0010094933058278463,0.00017449576498953422,0.001006837284749745,False,2.6645352591003757e-15,4.080367294045928e-11,5.250732734153992e-05,5.09744752247923e-05,2.2836308025822403,15.004035497307717,8.817417157663517e-05,6.728145278041945e-05,168.25012330214616,tsvd,1e-08,main,N-800
elasticity-2d,8,800,3204,1681,3,7,2.0,12808,8.04556985236402e-15,0.0,0.001106745370587689,"{""100.0"": 8.413973552711198, ""1000.0"": 0.9149423493990873, ""10000.0"": 0.001106745370587689, ""100000.0"": 0.005047526984597154, ""1000000.0"": 0.12963952147474306, ""inf"": 14.38416484415474}",0.10610334487115107,0.0233461772167435,900023,900031,direct,streaming_tsqr,1e-14,hu_zhang,0.3333333333333333,LS(ball),3.212068177016072e-06,6.580403670479583e-05,13.724366904003546,3941,4004,89478957236272.56,0.00021977501198343878,0.0010632711517190206,0.00019346380552697786,0.0010612329484289706,True,1.7763568394002505e-15,-4.4924893492781504e-10,5.004443172358533e-05,4.272851624043974e-05,2.2836308025822403,15.004035497307717,9.623929215481145e-05,7.086567823102066e-05,158.03488531020128,ball,10000.0,main,N-800
elasticity-2d,8,800,3204,1681,3,7,2.0,12808,8.04556985236402e-15,0.0,0.0010448471390039757,"{""1e-05"": 0.002420518386090783, ""1e-06"": 0.0010448471390039757, ""1e-08"": 0.0011101672336995124, ""1e-10"": 0.01779511169862676, ""1e-12"": 0.49146232752543556, ""1e-14"": 12.546388505173423}",0.10610334487115107,0.0233461772167435,900023,900031,direct,streaming_tsqr,1e-14,hu_zhang,0.3333333333333333,LS(ridge),3.6988237616518793e-06,0.0001780443442634212,4.067935704020783,1885,4004,999694.9387467576,0.00025188784088664304,0.0010080012589797776,0.00024411832275495545,0.0009921525838199612,True,2.1316282072803006e-14,4.175549489504604e-11,0.00012215374176942825,0.00012953089166650356,2.2836308025822403,15.004035497307717,0.00011030147281330159,6.718200974402191e-05,35.22491624801774,ridge,1e-06,main,N-800
elasticity-2d,8,800,3204,1681,3,7,2.0,12808,8.04556985236402e-15,0.0,0.0010673205382422887,"{""1e-06"": 0.0010673205382422887, ""1e-08"": 0.0011011338415235653, ""1e-10"": 0.010420581804948809, ""1e-12"": 0.5069876636871529, ""1e-14"": 14.38416484415474}",0.10610334487115107,0.0233461772167435,900023,900031,direct,streaming_tsqr,1e-14,hu_zhang,0.3333333333333333,LS(tsvd),4.101752577194445e-06,0.00015657962748182226,4.112249857018469,1885,4004,999694.9387467576,0.00025313566551628594,0.001029104555606082,0.00023986914657440773,0.0010171229063524454,False,1.4210854715202004e-14,4.857522457185626e-11,0.00010811529702753132,0.00011326191897983586,2.2836308025822403,15.004035497307717,0.00011084789416487553,6.858851778848043e-05,36.279001508287045,tsvd,1e-06,main,N-800
elasticity-2d,9,800,3204,1681,3,7,2.0,12808,6.509700686394144e-15,0.0,0.0010828473115376306,"{""100.0"": 8.427950169274931, ""1000.0"": 0.918081472401052, ""10000.0"": 0.0010828473115376306, ""100000.0"": 0.001812037784174094, ""1000000.0"": 0.0028507283406896257, ""inf"": 10.145545243664332}",0.10610334487115107,0.0233461772167435,1000023,1000031,direct,streaming_tsqr,1e-14,hu_zhang,0.3333333333333333,LS(ball),3.167859153424487e-06,6.999328101062554e-05,13.370737493998604,3967,4004,77274760520026.08,0.00021677112034308827,0.0010339899690593795,0.00018846995024202878,0.0010316182417584444,True,1.5987211554602254e-14,-5.931382034835009e-11,5.157154434571382e-05,4.732267110413852e-05,2.2836308025822403,15.004035497307717,9.492389054218921e-05,6.891412441972134e-05,158.03488531025212,ball,10000.0,main,N-800
elasticity-2d,9,800,3204,1681,3,7,2.0,12808,6.509700686394144e-15,0.0,0.001082711325317292,"{""1e-05"": 0.002395144450413552, ""1e-06"": 0.001089619634654747, ""1e-08"": 0.001082711325317292, ""1e-10"": 0.002808952904150911, ""1e-12"": 0.05711716440637166, ""1e-14"": 6.7989474667457905}",0.10610334487115107,0.0233461772167435,1000023,1000031,direct,streaming_tsqr,1e-14,hu_zhang,0.3333333333333333,LS(ridge),3.1725860220698584e-06,7.043206895749635e-05,3.9933471019903664,3447,4004,99892414.31458086,0.00021718549540809375,0.0010337001829990261,0.00018884627105690503,0.001031297916217514,True,1.7763568394002505e-15,-5.411924554332703e-11,5.189187939047664e-05,4.762257018429125e-05,2.2836308025822403,15.004035497307717,9.510534503322906e-05,6.889481054510371e-05,161.5595020781906,ridge,1e-08,main,N-800
elasticity-2d,9,800,3204,1681,3,7,2.0,12808,6.509700686394144e-15,0.0,0.001080558239394916,"{""1e-06"": 0.0011201647964711086, ""1e-08"": 0.001080558239394916, ""1e-10"": 0.0031398878744832368, ""1e-12"": 0.06527443040856364, ""1e-14"": 10.145545243664332}",0.10610334487115107,0.0233461772167435,1000023,1000031,direct,streaming_tsqr,1e-14,hu_zhang,0.3333333333333333,LS(tsvd),3.2183335807921202e-06,7.39986447748525e-05,4.083840135979699,3447,4004,99892414.31458086,0.00021846666505555807,0.0010299202936887976,0.0001907625084639848,0.0010272584932350302,False,1.5987211554602254e-14,-3.250264970361405e-10,5.439555188575926e-05,5.01689482006398e-05,2.2836308025822403,15.004035497307717,9.566636813994824e-05,6.864288570055727e-05,168.10692526533091,tsvd,1e-08,main,N-800
elasticity-2d,0,1000,4004,2025,3,7,2.0,12808,8.035926824484252e-15,0.0,0.0007264792398983073,"{""100.0"": 8.528490100720056, ""1000.0"": 0.9183111539133723, ""10000.0"": 0.0007264792398983073, ""100000.0"": 0.0008882782331876181, ""1000000.0"": 0.005154117316156763, ""inf"": 3.2214864674107684}",0.1056228430272371,0.01775358374693883,100023,100031,direct,streaming_tsqr,1e-14,hu_zhang,0.3333333333333333,LS(ball),2.4005077365757324e-06,4.331811064691067e-05,28.59520225698361,4832,5004,64578131487607.555,0.00014451351562589564,0.000682575304025436,0.0001275844723246999,0.0006811993738659764,True,7.105427357601002e-14,-8.781367820398511e-11,3.19111844706035e-05,2.9293941621111855e-05,2.2836308025822403,15.004035497307717,6.328234645569038e-05,4.5492781201958324e-05,141.36482161338165,ball,10000.0,main,N-1000
elasticity-2d,0,1000,4004,2025,3,7,2.0,12808,8.035926824484252e-15,0.0,0.0007251678904139103,"{""1e-05"": 0.0018015073097636326, ""1e-06"": 0.000759215972689491, ""1e-08"": 0.0007251678904139103, ""1e-10"": 0.00251974227186235, ""1e-12"": 0.04428968514096637, ""1e-14"": 5.547117602603963}",0.1056228430272371,0.01775358374693883,100023,100031,direct,streaming_tsqr,1e-14,hu_zhang,0.3333333333333333,LS(ridge),2.3930592381582297e-06,4.264445393868548e-05,7.369812158984132,4104,5004,99378755.92239454,0.00014381391752900263,0.00068127036683394,0.0001268953537388703,0.0006799343815945201,True,0.0,-1.2969694762610118e-10,3.143737110571839e-05,2.881390549179355e-05,2.2836308025822403,15.004035497307717,6.297599303984842e-05,4.540580878765485e-05,132.83915178756894,ridge,1e-08,main,N-1000
elasticity-2d,0,1000,4004,2025,3,7,2.0,12808,8.035926824484252e-15,0.0,0.0007352116166064743,"{""1e-06"": 0.0008031362183070371, ""1e-08"": 0.0007352116166064743, ""1e-10"": 0.003320217516923491, ""1e-12"": 0.033671474857143516, ""1e-14"": 3.2214864674107684}",0.1056228430272371,0.01775358374693883,100023,100031,direct,streaming_tsqr,1e-14,hu_zhang,0.3333333333333333,LS(tsvd),2.435865830688549e-06,4.4998748638320734e-05,7.536090487992624,4104,5004,99378755.92239454,0.0001464053661939138,0.0006914222617852692,0.00012936496678683375,0.000689956416531684,False,1.4210854715202004e-14,-2.396864581810654e-10,3.3206392962701834e-05,3.0368122191228715e-05,2.2836308025822403,15.004035497307717,6.411078622182024e-05,4.608241975362802e-05,156.6956939712547,tsvd,1e-08,main,N-1000
elasticity-2d,1,1000,4004,2025,3,7,2.0,12808,8.416458801874943e-15,0.0,0.0008220293915662299,"{""100.0"": 8.557344519079766, ""1000.0"": 0.9186335806455951, ""10000.0"": 0.0008220293915662299, ""100000.0"": 0.0031858414859809495, ""1000000.0"": 0.014698260038022616, ""inf"": 12.333896666474075}",0.1056228430272371,0.01775358374693883,200023,200031,direct,streaming_tsqr,1e-14,hu_zhang,0.3333333333333333,LS(ball),1.7515636175693405e-06,4.056552930230952e-05,27.98696092001046,4830,5004,58588924867736.98,0.0001419025096776642,0.0007708275143895731,0.00012422093391652208,0.0007697593745921065,True,0.0,2.119781624537742e-10,2.841006942354271e-05,2.895565787417056e-05,2.2836308025822403,15.004035497307717,6.21389891558681e-05,5.137467946725988e-05,141.3648216132867,ball,10000.0,main,N-1000
elasticity-2d,1,1000,4004,2025,3,7,2.0,12808,8.416458801874943e-15,0.0,0.0007911876335653735,"{""1e-05"": 0.0022926072442263886, ""1e-06"": 0.0008113536030723518, ""1e-08"": 0.0007911876335653735, ""1e-10"": 0.007845569237198986, ""1e-12"": 0.13448021327372603, ""1e-14"": 9.005469703438314}",0.1056228430272371,0.01775358374693883,200023,200031,direct,streaming_tsqr,1e-14,hu_zhang,0.3333333333333333,LS(ridge),1.7252293832251924e-06,3.87636492871697e-05,7.239041705004638,4098,5004,99811337.95336959,0.00014002296506623066,0.0007383767736103717,0.00012246069887814632,0.0007373585554539959,True,0.0,1.0433464682491067e-10,2.709476255009828e-05,2.7721730617197833e-05,2.2836308025822403,15.004035497307717,6.131593815773468e-05,4.921187861378121e-05,119.56234247506093,ridge,1e-08,main,N-1000
elasticity-2d,1,1000,4004,2025,3,7,2.0,12808,8.416458801874943e-15,0.0,0.0007788751518376773,"{""1e-06"": 0.0008431569946998589, ""1e-08"": 0.0007788751518376773, ""1e-10"": 0.010957403716840133, ""1e-12"": 0.26264850485001395, ""1e-14"": 12.333896666474075}",0.1056228430272371,0.01775358374693883,200023,200031,direct,streaming_tsqr,1e-14,hu_zhang,0.3333333333333333,LS(tsvd),1.730371723449164e-06,4.032924688785755e-05,7.354774837003788,4098,5004,99811337.95336959,0.00014330276451772012,0.0007248518073439111,0.00012567514326629575,0.0007237290200449286,False,0.0,-1.7587950280201214e-10,2.806107689839426e-05,2.8965913033152814e-05,2.2836308025822403,15.004035497307717,6.275215956785964e-05,4.831045670839532e-05,129.5361380616767,tsvd,1e-08,main,N-1000
elasticity-2d,2,1000,4004,2025,3,7,2.0,12808,1.000417009554857e-14,0.0,0.0008797116828721125,"{""100.0"": 8.554576879603713, ""1000.0"": 0.9222858165744003, ""10000.0"": 0.0008797116828721125, ""100000.0"": 0.0026630203868950454, ""1000000.0"": 0.025192773534708723, ""inf"": 1.531666851654793}",0.1056228430272371,0.01775358374693883,300023,300031,direct,streaming_tsqr,1e-14,hu_zhang,0.3333333333333333,LS(ball),2.495190326499799e-06,4.948747905017482e-05,30.029029129014816,4824,5004,99963760051175.19,0.00014774304199062884,0.0008342929634714898,0.0001310340661089655,0.000832823953975448,True,1.4210854715202004e-14,-1.3500905254870688e-11,3.603800103303559e-05,3.391567578988243e-05,2.2836308025822403,15.004035497307717,6.469655332357875e-05,5.560457142488053e-05,141.36482161330255,ball,10000.0,main,N-1000
elasticity-2d,2,1000,4004,2025,3,7,2.0,12808,1.000417009554857e-14,0.0,0.0008106036477519566,"{""1e-05"": 0.0021187393437838657, ""1e-06"": 0.0008106036477519566, ""1e-08"": 0.0008723878234389873, ""1e-10"": 0.0066937452165086245, ""1e-12"": 0.18851112048969537, ""1e-14"": 14.703920873058884}",0.1056228430272371,0.01775358374693883,300023,300031,direct,streaming_tsqr,1e-14,hu_zhang,0.3333333333333333,LS(ridge),2.008798908177082e-06,0.0001331189922278562,7.839041227009147,2036,5004,998941.1753018873,0.0001634732911020511,0.0007444953102778876,0.00016596587219575127,0.0007324975091657364,True,4.973799150320701e-14,5.661441801474432e-12,9.22258537878843e-05,9.599509354574235e-05,2.2836308025822403,15.004035497307717,7.15848161257949e-05,4.961967134851672e-05,30.586965975241927,ridge,1e-06,main,N-1000
elasticity-2d,2,1000,4004,2025,3,7,2.0,12808,1.000417009554857e-14,0.0,0.000851394537157019,"{""1e-06"": 0.000851394537157019, ""1e-08"": 0.0009805374208922426, ""1e-10"": 0.002769117771298115, ""1e-12"": 0.29363412240269776, ""1e-14"": 1.531666851654793}",0.1056228430272371,0.01775358374693883,300023,300031,direct,streaming_tsqr,1e-14,hu_zhang,0.3333333333333333,LS(tsvd),2.2275886847874447e-06,0.00011799224306043932,7.9086954740050714,2036,5004,998941.1753018873,0.00017735792604580328,0.0007763583306225071,0.00017178413140790265,0.0007673396171868961,False,4.263256414560601e-14,1.7478320006591996e-11,8.382713486310915e-05,8.303722588740488e-05,2.2836308025822403,15.004035497307717,7.76648860425485e-05,5.174330137794027e-05,31.04811001266207,tsvd,1e-06,main,N-1000
elasticity-2d,3,1000,4004,2025,3,7,2.0,12808,8.453299657714833e-15,0.0,0.0007684025206812882,"{""100.0"": 8.552378683579335, ""1000.0"": 0.9270521166794236, ""10000.0"": 0.0007684025206812882, ""100000.0"": 0.0013404194681574666, ""1000000.0"": 0.0054742840286691385, ""inf"": 3.631123423099501}",0.1056228430272371,0.01775358374693883,400023,400031,direct,streaming_tsqr,1e-14,hu_zhang,0.3333333333333333,LS(ball),1.7512477203663982e-06,4.0934610800503794e-05,28.63262529298663,4825,5004,98006370410395.95,0.00015152167103720112,0.0007082677603846722,0.00013081876557641405,0.0007070838550263545,True,2.842170943040401e-14,4.69782510635619e-10,2.872292498981896e-05,2.9165663740397808e-05,2.2836308025822403,15.004035497307717,6.635121179214536e-05,4.720515094167578e-05,141.36482161333262,ball,10000.0,main,N-1000
elasticity-2d,3,1000,4004,2025,3,7,2.0,12808,8.453299657714833e-15,0.0,0.0007665851748029452,"{""1e-05"": 0.0021078206281569755, ""1e-06"": 0.0007998462225712161, ""1e-08"": 0.0007665851748029452, ""1e-10"": 0.0020639646378833943, ""1e-12"": 0.11411086998061037, ""1e-14"": 3.8996562042961367}",0.1056228430272371,0.01775358374693883,400023,400031,direct,streaming_tsqr,1e-14,hu_zhang,0.3333333333333333,LS(ridge),1.7425189659388114e-06,4.0133006416877965e-05,7.210224272013875,4095,5004,99604222.17648038,0.00015047593635432357,0.0007066896935469471,0.00012994084839063972,0.0007055491937217566,True,8.526512829121202e-14,4.233038329581884e-10,2.8197679586921074e-05,2.855781976920687e-05,2.2836308025822403,15.004035497307717,6.589328545760168e-05,4.709997478170147e-05,133.89637791317892,ridge,1e-08,main,N-1000
elasticity-2d,3,1000,4004,2025,3,7,2.0,12808,8.453299657714833e-15,0.0,0.0007754564837527408,"{""1e-06"": 0.000842191365604901, ""1e-08"": 0.0007754564837527408, ""1e-10"": 0.001574858143475752, ""1e-12"": 0.1393901754748618, ""1e-14"": 3.631123423099501}",0.1056228430272371,0.01775358374693883,400023,400031,direct,streaming_tsqr,1e-14,hu_zhang,0.3333333333333333,LS(tsvd),1.7683058989413398e-06,4.4127481742260984e-05,7.325888891005889,4095,5004,99604222.17648038,0.00016200674113689366,0.0007137246590433729,0.00014069693457763723,0.000712359217166217,False,8.526512829121202e-14,5.25575759996455e-10,3.214158306301034e-05,3.023496788682243e-05,2.2836308025822403,15.004035497307717,7.094261513450545e-05,4.7568846339469254e-05,151.30515974269213,tsvd,1e-08,main,N-1000
elasticity-2d,4,1000,4004,2025,3,7,2.0,12808,1.0073164894772005e-14,0.0,0.000853403372904757,"{""100.0"": 8.540649760672297, ""1000.0"": 0.9209549120365089, ""10000.0"": 0.000853403372904757, ""100000.0"": 0.002024226134037482, ""1000000.0"": 0.015483809358611952, ""inf"": 11.347698038333835}",0.1056228430272371,0.01775358374693883,500023,500031,direct,streaming_tsqr,1e-14,hu_zhang,0.3333333333333333,LS(ball),2.4016093636708727e-06,4.152789754515797e-05,28.221993709972594,4835,5004,91237198034596.58,0.00014658998893058017,0.0008067186148775552,0.00012801962125705496,0.0008056490286194356,True,2.842170943040401e-14,-2.778099313094362e-10,3.1518692742793256e-05,2.7039568826194866e-05,2.2836308025822403,15.004035497307717,6.419163236229864e-05,5.3766775946531895e-05,141.36482161332071,ball,10000.0,main,N-1000
elasticity-2d,4,1000,4004,2025,3,7,2.0,12808,1.0073164894772005e-14,0.0,0.0008222534091985958,"{""1e-05"": 0.002163025167743534, ""1e-06"": 0.0008222534091985958, ""1e-08"": 0.0008595318535275868, ""1e-10"": 0.0026810454211698845, ""1e-12"": 0.16394647421179936, ""1e-14"": 10.644832692808663}",0.1056228430272371,0.01775358374693883,500023,500031,direct,streaming_tsqr,1e-14,hu_zhang,0.3333333333333333,LS(ridge),2.455980172850694e-06,0.00013549440200743448,7.380952342005912,2037,5004,999298.1887512634,0.00016000664174790525,0.0007630356284852492,0.00016680411274916628,0.0007509092071366065,True,1.4210854715202004e-14,-3.198534492820926e-11,9.510858650403562e-05,9.650435093070489e-05,2.2836308025822403,15.004035497307717,7.006677330108528e-05,5.085536012109317e-05,30.484265079094857,ridge,1e-06,main,N-1000
elasticity-2d,4,1000,4004,2025,3,7,2.0,12808,1.0073164894772005e-14,0.0,0.0008290288894660021,"{""1e-06"": 0.0008538892710001957, ""1e-08"": 0.0008290288894660021, ""1e-10"": 0.004368193475336866, ""1e-12"": 0.07523950283824866, ""1e-14"": 11.347698038333835}",0.1056228430272371,0.01775358374693883,500023,500031,direct,streaming_tsqr,1e-14,hu_zhang,0.3333333333333333,LS(tsvd),2.4064420052397617e-06,4.578572843249827e-05,7.499911602993961,4096,5004,99927529.06576197,0.0001516552469132908,0.0007784007627475964,0.00013354811714278792,0.0007770530319855559,False,7.105427357601002e-14,-5.00382976373337e-10,3.49059771441365e-05,2.962947329446646e-05,2.2836308025822403,15.004035497307717,6.640970455548463e-05,5.1879426897335084e-05,162.3802374315884,tsvd,1e-08,main,N-1000
elasticity-2d,5,1000,4004,2025,3,7,2.0,12808,8.601347810249542e-15,0.0,0.0008355010505596643,"{""100.0"": 8.56094722857573, ""1000.0"": 0.9218617000703895, ""10000.0"": 0.0008355010505596643, ""100000.0"": 0.00436858806997224, ""1000000.0"": 0.033058802037291, ""inf"": 2.670838309325248}",0.1056228430272371,0.01775358374693883,600023,600031,direct,streaming_tsqr,1e-14,hu_zhang,0.3333333333333333,LS(ball),1.9972773188360516e-06,4.9323139640977237e-05,27.746894593990874,4808,5004,93979921810327.27,0.0001504960997772227,0.0007814064698219314,0.00013045317786779937,0.0007798482538132207,True,9.947598300641403e-14,8.650215960193108e-12,3.616115932492402e-05,3.3543146249581314e-05,2.2836308025822403,15.004035497307717,6.590211500346185e-05,5.2079753474466576e-05,141.36482161333547,ball,10000.0,main,N-1000
elasticity-2d,5,1000,4004,2025,3,7,2.0,12808,8.601347810249542e-15,0.0,0.000847666949689155,"{""1e-05"": 0.0024467233166283577, ""1e-06"": 0.0008495715532511495, ""1e-08"": 0.000847666949689155, ""1e-10"": 0.006851999532945442, ""1e-12"": 0.23287559111989384, ""1e-14"": 20.174734666438464}",0.1056228430272371,0.01775358374693883,600023,600031,direct,streaming_tsqr,1e-14,hu_zhang,0.3333333333333333,LS(ridge),2.0064197687634394e-06,5.001407394705757e-05,7.414423926995369,4091,5004,99300653.06549603,0.00015139667787286625,0.0007943981766234051,0.00013133517401517467,0.0007928222092183146,True,4.263256414560601e-14,5.731146633658479e-11,3.676583746253234e-05,3.390694307159518e-05,2.2836308025822403,15.004035497307717,6.629647739103572e-05,5.29456343105793e-05,149.42157061870043,ridge,1e-08,main,N-1000
elasticity-2d,5,1000,4004,2025,3,7,2.0,12808,8.601347810249542e-15,0.0,0.0008630210468366376,"{""1e-06"": 0.0008753656415708067, ""1e-08"": 0.0008630210468366376, ""1e-10"": 0.007831162793096456, ""1e-12"": 0.42665450579034736, ""1e-14"": 2.670838309325248}",0.1056228430272371,0.01775358374693883,600023,600031,direct,streaming_tsqr,1e-14,hu_zhang,0.3333333333333333,LS(tsvd),2.09283598220077e-06,5.194092052295801e-05,7.539204390021041,4091,5004,99300653.06549603,0.0001565365264380197,0.0008098954127412164,0.00013624842892222432,0.0008082281363293986,False,5.684341886080802e-14,-2.6354298517800023e-10,3.848447702390116e-05,3.4882721410019954e-05,2.2836308025822403,15.004035497307717,6.854721273728412e-05,5.3978505508504146e-05,157.90588612673994,tsvd,1e-08,main,N-1000
elasticity-2d,6,1000,4004,2025,3,7,2.0,12808,8.730620726220715e-15,0.0,0.0007835527231990466,"{""100.0"": 8.539835179828907, ""1000.0"": 0.9220417818808435, ""10000.0"": 0.0007835527231990466, ""100000.0"": 0.0009945421234440275, ""1000000.0"": 0.018022852210509983, ""inf"": 1.5585555501794712}",0.1056228430272371,0.01775358374693883,700023,700031,direct,streaming_tsqr,1e-14,hu_zhang,0.3333333333333333,LS(ball),1.9008171238782114e-06,3.887627870744288e-05,27.474713500996586,4841,5004,89088951438907.38,0.00013344042887942313,0.0007249317197324763,0.00011603391755513368,0.0007238885502811512,True,0.0,-2.3334069659125545e-10,2.849557706474465e-05,2.6445550360806928e-05,2.2836308025822403,15.004035497307717,5.843345112026599e-05,4.83157827680797e-05,141.364821613346,ball,10000.0,main,N-1000
elasticity-2d,6,1000,4004,2025,3,7,2.0,12808,8.730620726220715e-15,0.0,0.0007851484870416914,"{""1e-05"": 0.001993272262881135, ""1e-06"": 0.0007882497113622639, ""1e-08"": 0.0007851484870416914, ""1e-10"": 0.0016514891146529132, ""1e-12"": 0.2845706825057248, ""1e-14"": 1.641131528987446}",0.1056228430272371,0.01775358374693883,700023,700031,direct,streaming_tsqr,1e-14,hu_zhang,0.3333333333333333,LS(ridge),1.9058168463858692e-06,3.912349686284884e-05,7.387784667022061,4094,5004,99601537.94069685,0.00013365849095976515,0.0007265873114388388,0.00011624274626814112,0.0007255332336544914,True,5.684341886080802e-14,-2.339457924258048e-10,2.8686372339111216e-05,2.6603384160651782e-05,2.2836308025822403,15.004035497307717,5.852894032110154e-05,4.8426125862553154e-05,145.20988878385378,ridge,1e-08,main,N-1000
elasticity-2d,6,1000,4004,2025,3,7,2.0,12808,8.730620726220715e-15,0.0,0.0007901224650451061,"{""1e-06"": 0.000834520601494476, ""1e-08"": 0.0007901224650451061, ""1e-10"": 0.0016255808708566027, ""1e-12"": 0.09720612771256068, ""1e-14"": 1.5585555501794712}",0.1056228430272371,0.01775358374693883,700023,700031,direct,streaming_tsqr,1e-14,hu_zhang,0.3333333333333333,LS(tsvd),1.9253876664641014e-06,4.1241196600507874e-05,7.536138035997283,4094,5004,99601537.94069685,0.0001362240780998703,0.0007310932957707494,0.00011878481618008061,0.0007299291546608443,False,2.842170943040401e-14,-4.07387616696564e-10,2.9947503438240687e-05,2.835459988887701e-05,2.2836308025822403,15.004035497307717,5.965240876320001e-05,4.872644402247214e-05,165.93148896836965,tsvd,1e-08,main,N-1000
elasticity-2d,7,1000,4004,2025,3,7,2.0,12808,7.704372081955444e-15,0.0,0.0007460985234821907,"{""100.0"": 8.552054722321698, ""1000.0"": 0.9210338546225005, ""10000.0"": 0.0007460985234821907, ""100000.0"": 0.0008516375752200333, ""1000000.0"": 0.0023875935998840616, ""inf"": 0.3322761794788996}",0.1056228430272371,0.01775358374693883,800023,800031,direct,streaming_tsqr,1e-14,hu_zhang,0.3333333333333333,LS(ball),2.027828713976637e-06,4.0118995833596504e-05,28.149456349987304,4850,5004,88274538169386.44,0.0001340427129419024,0.0006942562815684204,0.00011545522977780423,0.0006930961337870193,True,9.947598300641403e-14,2.388200835007348e-11,2.8686206930853454e-05,2.8047020494455177e-05,2.2836308025822403,15.004035497307717,5.8697190802616664e-05,4.627130358982394e-05,141.36482161329866,ball,10000.0,main,N-1000
elasticity-2d,7,1000,4004,2025,3,7,2.0,12808,7.704372081955444e-15,0.0,0.0007463342511474886,"{""1e-05"": 0.0022264134380713166, ""1e-06"": 0.0007926710442073146, ""1e-08"": 0.0007463342511474886, ""1e-10"": 0.0011586382637593093, ""1e-12"": 0.02520951930738806, ""1e-14"": 0.3022825321099577}",0.1056228430272371,0.01775358374693883,800023,800031,direct,streaming_tsqr,1e-14,hu_zhang,0.3333333333333333,LS(ridge),2.0279812426101604e-06,4.0241194409175746e-05,7.480368035990978,4099,5004,99118506.96210092,0.00013412657050072087,0.0006944895758652939,0.00011553350300281952,0.0006933227367237272,True,7.105427357601002e-15,2.99239634807269e-11,2.8778943335412597e-05,2.8126964784245524e-05,2.2836308025822403,15.004035497307717,5.8733911956808336e-05,4.628685235981421e-05,143.33819000917296,ridge,1e-08,main,N-1000
elasticity-2d,7,1000,4004,2025,3,7,2.0,12808,7.704372081955444e-15,0.0,0.0007494595432381507,"{""1e-06"": 0.0008455705895660462, ""1e-08"": 0.0007494595432381507, ""1e-10"": 0.0010118957701170407, ""1e-12"": 0.019201913626694527, ""1e-14"": 0.3322761794788996}",0.1056228430272371,0.01775358374693883,800023,800031,direct,streaming_tsqr,1e-14,hu_zhang,0.3333333333333333,LS(tsvd),2.0795561371212434e-06,4.2664084694469676e-05,7.610292971978197,4099,5004,99118506.96210092,0.00013546251019115306,0.0006984766534964133,0.00011693847370680737,0.0006971724401873124,False,2.842170943040401e-14,-2.91796497554897e-10,3.040855431924114e-05,2.9925640294413795e-05,2.2836308025822403,15.004035497307717,5.931891881909167e-05,4.655258604405102e-05,158.75034744268805,tsvd,1e-08,main,N-1000
elasticity-2d,8,1000,4004,2025,3,7,2.0,12808,8.069587314261227e-15,0.0,0.0007728543187585689,"{""100.0"": 8.539260843919642, ""1000.0"": 0.919205790191309, ""10000.0"": 0.0007728543187585689, ""100000.0"": 0.005085807801978815, ""1000000.0"": 0.02053887561458123, ""inf"": 5.3619290319073825}",0.1056228430272371,0.01775358374693883,900023,900031,direct,streaming_tsqr,1e-14,hu_zhang,0.3333333333333333,LS(ball),2.1650535935270755e-06,4.803221362538885e-05,27.92217786499532,4802,5004,79502839569794.34,0.00015766866533444267,0.0006925882819435725,0.0001401468562793282,0.0006909207152342405,True,5.684341886080802e-14,2.878545639697916e-10,3.3979541025321536e-05,3.3948259711853885e-05,2.2836308025822403,15.004035497307717,6.904297540397385e-05,4.61601335232677e-05,141.3648216133222,ball,10000.0,main,N-1000
elasticity-2d,8,1000,4004,2025,3,7,2.0,12808,8.069587314261227e-15,0.0,0.0007703861236257909,"{""1e-05"": 0.0020837230242569285, ""1e-06"": 0.0007940282285190531, ""1e-08"": 0.0007703861236257909, ""1e-10"": 0.010772911599663404, ""1e-12"": 0.17721018973494249, ""1e-14"": 5.59727877005823}",0.1056228430272371,0.01775358374693883,900023,900031,direct,streaming_tsqr,1e-14,hu_zhang,0.3333333333333333,LS(ridge),2.1364513824439713e-06,4.691609331659135e-05,7.530666057020426,4084,5004,99684702.10776763,0.0001560352861469315,0.0006902976022025477,0.0001385199028281194,0.0006887014300801877,True,0.0,2.3315475071450376e-10,3.314801149282041e-05,3.3201342535550484e-05,2.2836308025822403,15.004035497307717,6.832772003709746e-05,4.6007462614068914e-05,131.50936927065476,ridge,1e-08,main,N-1000
elasticity-2d,8,1000,4004,2025,3,7,2.0,12808,8.069587314261227e-15,0.0,0.000807313748422929,"{""1e-06"": 0.0008246437940946902, ""1e-08"": 0.000807313748422929, ""1e-10"": 0.011530961388091338, ""1e-12"": 0.20487983355434453, ""1e-14"": 5.3619290319073825}",0.1056228430272371,0.01775358374693883,900023,900031,direct,streaming_tsqr,1e-14,hu_zhang,0.3333333333333333,LS(tsvd),2.223027616828884e-06,5.061647637953447e-05,7.646526749012992,4084,5004,99684702.10776763,0.00016160283669472485,0.0007295563960184636,0.00014376097253066168,0.0007277983974222322,False,9.947598300641403e-14,9.208371651997505e-11,3.538054440926339e-05,3.6197303192145577e-05,2.2836308025822403,15.004035497307717,7.076574572036368e-05,4.862401159670498e-05,152.87736235263466,tsvd,1e-08,main,N-1000
elasticity-2d,9,1000,4004,2025,3,7,2.0,12808,9.025649890934258e-15,0.0,0.0011291205953358613,"{""100.0"": 8.558578643663942, ""1000.0"": 0.9223753132015886, ""10000.0"": 0.0011291205953358613, ""100000.0"": 0.006011843232769059, ""1000000.0"": 0.019255057516578626, ""inf"": 18.7271960356328}",0.1056228430272371,0.01775358374693883,1000023,1000031,direct,streaming_tsqr,1e-14,hu_zhang,0.3333333333333333,LS(ball),1.7565305480720832e-06,4.3310291881084546e-05,28.360595047997776,4842,5004,88797857818195.47,0.00017392070898013942,0.0010800724573632567,0.00015512203557337934,0.0010792037489611864,True,2.842170943040401e-14,3.119118383715369e-10,3.209892318516726e-05,2.9076459777240248e-05,2.2836308025822403,15.004035497307717,7.615973159211056e-05,7.198546401446877e-05,141.3648216133232,ball,10000.0,main,N-1000
elasticity-2d,9,1000,4004,2025,3,7,2.0,12808,9.025649890934258e-15,0.0,0.0009177340853797366,"{""1e-05"": 0.004021556922429894, ""1e-06"": 0.0009177340853797366, ""1e-08"": 0.0009196335829670843, ""1e-10"": 0.010321989456353903, ""1e-12"": 0.18158978686833263, ""1e-14"": 7.978028955296692}",0.1056228430272371,0.01775358374693883,1000023,1000031,direct,streaming_tsqr,1e-14,hu_zhang,0.3333333333333333,LS(ridge),3.0600037031651904e-06,0.00025873922359501844,7.324368259985931,1605,5004,999009.5230853433,0.00024246277148727154,0.0008365412572599335,0.0002657185789215692,0.0007955220231215961,True,7.105427357601002e-15,-1.930607670258544e-11,0.00017646818703246386,0.00018922199870001456,2.2836308025822403,15.004035497307717,0.0001061742428824765,5.5754417363917876e-05,29.60705897994588,ridge,1e-06,main,N-1000
elasticity-2d,9,1000,4004,2025,3,7,2.0,12808,9.025649890934258e-15,0.0,0.0008572864660911869,"{""1e-06"": 0.0009415431478827836, ""1e-08"": 0.0008572864660911869, ""1e-10"": 0.011425343644607618, ""1e-12"": 0.0762919687055448, ""1e-14"": 18.7271960356328}",0.1056228430272371,0.01775358374693883,1000023,1000031,direct,streaming_tsqr,1e-14,hu_zhang,0.3333333333333333,LS(tsvd),1.778997548746782e-06,4.254498965261507e-05,7.440854868968017,3959,5004,99483549.66677119,0.0001649883188279582,0.0007936808575644921,0.00014557760730566065,0.0007925397324549518,False,0.0,2.6006159031810583e-11,3.034047312801963e-05,2.9825020283464053e-05,2.2836308025822403,15.004035497307717,7.224824548757875e-05,5.2897825902032025e-05,98.09689296496596,tsvd,1e-08,main,N-1000
